ASO,Sequence,Length,sense_start,normalized_start,Cell line organism,Canonical Gene Name,Inhibition(%),sense_length,sense_start_from_end,sense_exon,sense_intron,sense_utr,sense_type,Treatment_Period(hours),ASO_volume(nM),log_volume,normalized_sense_start_from_end,self_energy,internal_fold,gc_content,gc_content_3_prime_5,homooligo_count,entropy,hairpin_score,gc_skew,at_skew,nucleotide_diversity,stop_codon_count,at_rich_region_score,poly_pyrimidine_stretch,exp_ps_hybr,on_target_fold_openness40_15,on_target_fold_openness_normalized40_15,scores
A06055H,CCGCAGGCCAGCATCAC,17,25669,0.9680570221752904,human,IDO1,0,17,847,1,0,0,exon,24,1000,6.907755278982137,0.03194297782470961,-7512.978602457268,-1.0,0.7058823529411765,0.8,0.0,0.6011394007811136,0.058823529411764705,-0.3333333333333333,0.6,0.5625,0.0,0.0,0.0,-2451,-8.314705848693848,-0.4891003440408146,-4.0727696
A06049H,ACAAAACGTCCATGTTC,17,20277,0.7647081007693468,human,IDO1,0,17,6239,1,1,0,intron,24,1000,6.907755278982137,0.2352918992306532,-3419.9536867647475,0.0,0.4117647058823529,0.2,0.2222222222222222,0.6598649607593349,0.11764705882352941,-0.42857142857142855,0.2,0.625,0.0,0.058823529411764705,0.0,-1617,-5.117647012074789,-0.30103805953381113,-3.4210982
A06037H,CAGGACGTCAAAGCAC,16,23053,0.8693996077839795,human,IDO1,0,16,3463,1,0,0,exon,24,1000,6.907755278982137,0.13060039221602052,-7302.196144614121,0.0,0.5625,0.6,0.17647058823529413,0.6255779916818158,0.1875,-0.1111111111111111,0.7142857142857143,0.625,0.0,0.0,0.0,-1701,-10.5625,-0.66015625,-2.824961
A06017H,AGGACGTCAAAGCAC,15,23053,0.8693996077839795,human,IDO1,0,15,3463,1,0,0,exon,24,1000,6.907755278982137,0.13060039221602052,-7302.196144614121,0.0,0.5333333333333333,0.6,0.1875,0.6259947104068566,0.2,0.0,0.7142857142857143,0.625,0.0,0.0,0.0,-1551,-10.493333339691162,-0.6995555559794108,-2.792989
A06048H,GTTGGCAGTAAGGAACA,17,16560,0.6245285865138029,human,IDO1,0,17,9956,1,0,0,exon,24,1000,6.907755278982137,0.375471413486197,-2575.2236867647407,0.0,0.47058823529411764,0.6,0.0,0.6465112350321998,0.0,0.5,0.3333333333333333,0.6875,0.058823529411764705,0.0,0.0,-1767,-3.055882292635301,-0.17975778191972358,-1.4328411
A06014H,GAGAACAAAACGTCC,15,20283,0.7649343792427213,human,IDO1,0,15,6233,1,0,0,exon,24,1000,6.907755278982137,0.23506562075727863,-3419.9536867647475,0.0,0.4666666666666667,0.4,0.25,0.6052789220887356,0.06666666666666667,-0.14285714285714285,0.75,0.5625,0.0,0.06666666666666667,0.0,-1321,-4.949999962912666,-0.3299999975275111,-2.2462873
A06026H,TGGCTTGCAGGAATC,15,25763,0.9716020515914919,human,IDO1,0,15,753,1,0,0,exon,24,1000,6.907755278982137,0.02839794840850807,-4643.906144614113,0.0,0.5333333333333333,0.6,0.0,0.6812237425958143,0.06666666666666667,0.25,-0.14285714285714285,0.6875,0.0,0.0,0.0,-1688,-4.742222352822623,-0.3161481568548415,-2.5638056
A06023HM,TAAGCTTCCCGCAGG,15,25679,0.968434152964248,human,IDO1,0,15,837,1,0,0,exon,24,1000,6.907755278982137,0.031565847035752,-5551.796144607906,-0.6000000238418579,0.6,0.4,0.1875,0.6812237425958143,0.2,-0.1111111111111111,0.0,0.6875,0.06666666666666667,0.0,0.06666666666666667,-1845,-8.983333290947806,-0.5988888860631871,-2.964379
A06036H,AATATATGCGAAGAAC,16,22475,0.8476014481822296,human,IDO1,0,16,4041,1,0,0,exon,24,1000,6.907755278982137,0.1523985518177704,-3286.241228927782,0.0,0.3125,0.0,0.0,0.6171224727896645,0.1875,0.2,0.45454545454545453,0.5625,0.0,0.0625,0.0,-1068,-3.0468750447034836,-0.19042969029396772,-3.3741102
A06051H,GAACTGAGCAGCATGTC,17,25555,0.9637577311811736,human,IDO1,0,17,961,1,1,0,intron,24,1000,6.907755278982137,0.03624226881882637,-3834.2536867709496,0.0,0.5294117647058824,0.4,0.0,0.6832127474744346,0.058823529411764705,0.1111111111111111,0.25,0.6875,0.058823529411764705,0.0,0.0,-1828,-5.861764536184423,-0.34480967859908374,-3.140171
A06003H,ATGCGAAGAACACT,14,22472,0.8474883089455423,human,IDO1,0,14,4044,1,0,0,exon,24,1000,6.907755278982137,0.1525116910544577,-3286.241228927782,0.0,0.42857142857142855,0.6,0.0,0.6506527752184551,0.0,0.0,0.5,0.625,0.0,0.0,0.0,-1295,-3.198809595335098,-0.2284863996667927,-1.9381821
A06006H,GCCATTCTTGTAGTC,15,11638,0.4389048121888671,human,IDO1,0,15,14878,1,0,1,utr,24,1000,6.907755278982137,0.5610951878111329,-1031.536228924684,0.0,0.4666666666666667,0.6,0.0,0.6547629176520346,0.0,-0.14285714285714285,-0.5,0.6875,0.06666666666666667,0.0,0.06666666666666667,-1668,-4.506666660308838,-0.3004444440205892,-1.5699697
A06004H,TATATGCGAAGAAC,14,22475,0.8476014481822296,human,IDO1,0,14,4041,1,0,0,exon,24,1000,6.907755278982137,0.1523985518177704,-3286.241228927782,0.0,0.35714285714285715,0.0,0.0,0.650652775218455,0.14285714285714285,0.2,0.3333333333333333,0.5625,0.0,0.07142857142857142,0.0,-1012,-3.0773810034706486,-0.21981292881933204,-3.1031938
A06072H,CTCAACTCTTTCTCGAA,17,15676,0.5911902247699502,human,IDO1,0,17,10840,1,0,0,exon,24,1000,6.907755278982137,0.4088097752300498,-2539.883686764744,0.0,0.4117647058823529,0.4,0.16666666666666666,0.6211275227570425,0.058823529411764705,-0.7142857142857143,-0.2,0.5,0.0,0.0,0.058823529411764705,-1625,-4.9823528878829055,-0.2930795816401709,-1.4962267
A06016H,TATGCGAAGAACACT,15,22472,0.8474883089455423,human,IDO1,0,15,4044,1,0,0,exon,24,1000,6.907755278982137,0.1525116910544577,-3286.241228927782,0.0,0.4,0.4,0.0,0.6660895201050612,0.0,0.0,0.3333333333333333,0.6875,0.0,0.0,0.0,-1318,-3.174444511201647,-0.2116296340801098,-1.9667221
A06032H,GTTGGCAGTAAGGAAC,16,16561,0.6245662995926987,human,IDO1,0,16,9955,1,0,0,exon,24,1000,6.907755278982137,0.37543370040730123,-2575.2236867647407,0.0,0.5,0.6,0.0,0.6525481859741702,0.0,0.5,0.25,0.6875,0.0625,0.0,0.0,-1617,-3.06562493989865,-0.19160155874366563,-1.3159635
A06024H,AGATGGTAGCTCCTC,15,25724,0.9701312415145572,human,IDO1,0,15,792,1,0,0,exon,24,1000,6.907755278982137,0.02986875848544275,-3935.3636867647438,-0.4000000059604645,0.5333333333333333,0.4,0.0,0.6896461272363379,0.06666666666666667,0.0,-0.14285714285714285,0.6875,0.06666666666666667,0.0,0.06666666666666667,-1791,-7.14888908598158,-0.4765926057321053,-2.9952419
A06034H,CAGTCTCCATCACGAA,16,20300,0.7655755015839493,human,IDO1,0,16,6216,1,0,0,exon,24,1000,6.907755278982137,0.23442449841605068,-3763.3112289277815,0.0,0.5,0.6,0.0,0.6525481859741703,0.0,-0.5,0.25,0.6875,0.0,0.0,0.0625,-1850,-5.272916659712791,-0.32955729123204947,-2.8771005
A06053H,GTTCCTGTGAGCTGGTG,17,25597,0.9653416804947956,human,IDO1,0,17,919,1,0,0,exon,24,1000,6.907755278982137,0.034658319505204406,-4273.333686764741,-1.899999976158142,0.5882352941176471,0.6,0.0,0.6028488860057595,0.058823529411764705,0.4,-0.7142857142857143,0.625,0.058823529411764705,0.0,0.058823529411764705,-2155,-6.897058844566346,-0.40570934379802037,-2.5000842
A06040HM,TTGCAGATGGTAGCTC,16,25727,0.9702443807512445,human,IDO1,0,16,789,1,0,0,exon,24,1000,6.907755278982137,0.029755619248755468,-3935.3636867647438,-0.6000000238418579,0.5,0.4,0.0,0.6773552093589637,0.125,0.25,-0.25,0.75,0.0625,0.0,0.0,-1744,-6.597916843990484,-0.41236980274940527,-2.6051757
A06019H,GAGCTGGTGGCATAT,15,25591,0.965115402021421,human,IDO1,0,15,925,1,0,0,exon,24,1000,6.907755278982137,0.03488459797857897,-4273.333686764741,-1.100000023841858,0.5333333333333333,0.6,0.0,0.6547629176520346,0.13333333333333333,0.5,-0.14285714285714285,0.625,0.0,0.06666666666666667,0.0,-1808,-6.532222273614672,-0.4354814849076448,-2.5725732
A06033H,GAGAACAAAACGTCCA,16,20282,0.7648966661638256,human,IDO1,0,16,6234,1,0,0,exon,24,1000,6.907755278982137,0.23510333383617438,-3419.9536867647475,0.0,0.4375,0.4,0.23529411764705882,0.59015227849731,0.0625,-0.14285714285714285,0.7777777777777778,0.5625,0.0,0.0625,0.0,-1471,-4.965624963243803,-0.3103515602027377,-2.178679
A06064H,GATTGTCCAGGAGTTT,16,11665,0.4399230653190527,human,IDO1,0,16,14851,1,0,0,exon,24,1000,6.907755278982137,0.5600769346809473,-3257.4261446079036,0.0,0.4375,0.4,0.17647058823529413,0.6525481859741702,0.0,0.42857142857142855,-0.3333333333333333,0.625,0.0,0.0,0.0,-1857,-5.3020833532015486,-0.3313802095750968,-1.5381485
A06052H,GAGCTGGTGGCATATAT,17,25589,0.9650399758636296,human,IDO1,0,17,927,1,0,0,exon,24,1000,6.907755278982137,0.03496002413637049,-4273.333686764741,-1.100000023841858,0.47058823529411764,0.6,0.0,0.659864960759335,0.23529411764705882,0.5,-0.1111111111111111,0.625,0.0,0.058823529411764705,0.0,-1907,-6.4901961251801135,-0.38177624265765375,-3.0093486
A06056H,TTGCAGATGGTAGCTCC,17,25726,0.9702066676723488,human,IDO1,0,17,790,1,0,0,exon,24,1000,6.907755278982137,0.029793332327651228,-3935.3636867647438,-0.6000000238418579,0.5294117647058824,0.4,0.0,0.6832127474744346,0.11764705882352941,0.1111111111111111,-0.25,0.8125,0.058823529411764705,0.0,0.058823529411764705,-2016,-6.629411942818585,-0.3899654084010932,-2.6742492
A06042H,ATTCTTGTAGTCTGCTC,17,11633,0.4387162467943883,human,IDO1,0,17,14883,1,0,1,utr,24,1000,6.907755278982137,0.5612837532056117,-2393.391228927787,0.0,0.4117647058823529,0.2,0.0,0.6265231130562707,0.0,-0.14285714285714285,-0.6,0.5625,0.058823529411764705,0.0,0.058823529411764705,-1715,-4.647058790805293,-0.27335639945913487,-1.3590364
A06012H,GACACAGTCTGCATA,15,16612,0.6264896666163826,human,IDO1,0,15,9904,1,0,0,exon,24,1000,6.907755278982137,0.37351033338361744,-4013.086144614106,-0.4000000059604645,0.4666666666666667,0.6,0.0,0.6812237425958143,0.06666666666666667,-0.14285714285714285,0.25,0.6875,0.0,0.0,0.0,-1659,-5.4744444211324055,-0.36496296140882706,-2.458698
A06027H,GTCTTCAGAGGTCTT,15,25794,0.9727711570372605,human,IDO1,0,15,722,1,0,0,exon,24,1000,6.907755278982137,0.027228842962739478,-877.332457843162,0.0,0.4666666666666667,0.4,0.0,0.6547629176520346,0.0,0.14285714285714285,-0.5,0.5,0.0,0.0,0.13333333333333333,-1718,-4.034444387753806,-0.26896295918358704,-0.02461398
A06018H,GAGCTGGTGGCATAT,15,25591,0.965115402021421,human,IDO1,0,15,925,1,0,0,exon,24,1000,6.907755278982137,0.03488459797857897,-4273.333686764741,-1.100000023841858,0.5333333333333333,0.6,0.0,0.6547629176520346,0.13333333333333333,0.5,-0.14285714285714285,0.625,0.0,0.06666666666666667,0.0,-1808,-6.532222273614672,-0.4354814849076448,-2.5725732
A06038H,TGAGCTGGTGGCATAT,16,25591,0.965115402021421,human,IDO1,0,16,925,1,0,0,exon,24,1000,6.907755278982137,0.03488459797857897,-4273.333686764741,-1.100000023841858,0.5,0.6,0.0,0.6525481859741702,0.125,0.5,-0.25,0.625,0.0625,0.0625,0.0,-1881,-6.588541713853678,-0.41178385711585486,-2.791571
A06070H,GATTGTCCAGGAGTTTT,17,11664,0.4398853522401569,human,IDO1,0,17,14852,1,0,0,exon,24,1000,6.907755278982137,0.5601146477598431,-3257.4261446079036,0.0,0.4117647058823529,0.4,0.2222222222222222,0.6415863240080517,0.0,0.42857142857142855,-0.4,0.625,0.0,0.058823529411764705,0.058823529411764705,-1923,-5.296078448202096,-0.3115340263648292,-1.5172194
A06039H,GACAAACTCACGGACT,16,25643,0.9670764821240007,human,IDO1,0,16,873,1,0,0,exon,24,1000,6.907755278982137,0.0329235178759994,-2835.121228927783,0.0,0.5,0.4,0.17647058823529413,0.6525481859741703,0.0,-0.25,0.5,0.5,0.0,0.0,0.0,-1736,-6.0093749562899275,-0.37558593476812047,-2.4753594
A06067H,TTCTCAACTCTTTCTC,16,15679,0.5913033640066375,human,IDO1,0,16,10837,1,0,0,exon,24,1000,6.907755278982137,0.4086966359933625,610.0187710784185,0.0,0.375,0.4,0.17647058823529413,0.4871573764346747,0.0,-1.0,-0.6,0.375,0.0,0.0,0.125,-1541,-4.983333284656206,-0.3114583302910129,1.3472747
A06041H,GAGGTCTTTTGTATTG,16,26024,0.9814451651832856,human,IDO1,0,16,492,1,0,1,utr,24,1000,6.907755278982137,0.018554834816714435,-658.7912289246833,0.0,0.375,0.6,0.23529411764705882,0.5716376030971069,0.0,0.6666666666666666,-0.6,0.625,0.0,0.125,0.0625,-1531,-1.6885416954755783,-0.10553385596722364,0.21233042
A06071H,CTCAACTCTTTCTCGAA,17,15676,0.5911902247699502,human,IDO1,0,17,10840,1,0,0,exon,24,1000,6.907755278982137,0.4088097752300498,-2539.883686764744,0.0,0.4117647058823529,0.4,0.16666666666666666,0.6211275227570425,0.058823529411764705,-0.7142857142857143,-0.2,0.5,0.0,0.0,0.058823529411764705,-1625,-4.9823528878829055,-0.2930795816401709,-1.4962267
A06022HM,GACAAACTCACGGAC,15,25644,0.9671141952028963,human,IDO1,0,15,872,1,0,0,exon,24,1000,6.907755278982137,0.03288580479710364,-2835.121228927783,0.0,0.5333333333333333,0.4,0.1875,0.617572325766333,0.0,-0.25,0.7142857142857143,0.5,0.0,0.0,0.0,-1590,-5.949999957614477,-0.3966666638409651,-2.4660292
A06061H,CTCAACTCTTTCTCG,15,15678,0.5912656509277417,human,IDO1,0,15,10838,1,0,0,exon,24,1000,6.907755278982137,0.40873434907225825,-1228.341228927784,0.0,0.4666666666666667,0.4,0.1875,0.5911115008225534,0.0,-0.7142857142857143,-0.5,0.4375,0.0,0.0,0.06666666666666667,-1493,-4.948888836966621,-0.32992592246444136,-0.7142769
A06059H,GATTGTCCAGGAGTT,15,11666,0.4399607783979484,human,IDO1,0,15,14850,1,0,0,exon,24,1000,6.907755278982137,0.5600392216020516,-3257.4261446079036,0.0,0.4666666666666667,0.4,0.0,0.6614747555022642,0.0,0.42857142857142855,-0.25,0.625,0.0,0.0,0.0,-1791,-5.272222243414985,-0.35148148289433234,-1.8424007
A06005H,ACTTAGTCACGATT,14,25742,0.9708100769346809,human,IDO1,0,14,774,1,0,0,exon,24,1000,6.907755278982137,0.029189923065319052,-3763.3112289277815,0.0,0.35714285714285715,0.2,0.0,0.6668680136014049,0.0,-0.2,-0.1111111111111111,0.6875,0.07142857142857142,0.0,0.0,-1354,-3.9702381676151637,-0.2835884405439403,-2.52079
A06054H,AGGACAAACTCACGGAC,17,25644,0.9671141952028963,human,IDO1,0,17,872,1,0,0,exon,24,1000,6.907755278982137,0.03288580479710364,-2835.121228927783,0.0,0.5294117647058824,0.6,0.16666666666666666,0.6162026117328946,0.0,-0.1111111111111111,0.75,0.5625,0.0,0.0,0.0,-1868,-5.993137205348296,-0.3525374826675468,-2.8954167
A06020H,GACAAACTCACGGAC,15,25644,0.9671141952028963,human,IDO1,0,15,872,1,0,0,exon,24,1000,6.907755278982137,0.03288580479710364,-2835.121228927783,0.0,0.5333333333333333,0.4,0.1875,0.617572325766333,0.0,-0.25,0.7142857142857143,0.5,0.0,0.0,0.0,-1590,-5.949999957614477,-0.3966666638409651,-2.4660292
A06025H,GTACTTAGTCACGAT,15,25743,0.9708477900135767,human,IDO1,0,15,773,1,0,0,exon,24,1000,6.907755278982137,0.029152209986423292,-3763.3112289277815,0.0,0.4,0.4,0.0,0.6812237425958143,0.06666666666666667,0.0,-0.1111111111111111,0.6875,0.06666666666666667,0.0,0.0,-1482,-4.005555631054771,-0.2670370420703181,-2.2656822
A06066H,TCTCAACTCTTTCTCG,16,15678,0.5912656509277417,human,IDO1,0,16,10838,1,0,0,exon,24,1000,6.907755278982137,0.40873434907225825,-1228.341228927784,0.0,0.4375,0.4,0.17647058823529413,0.5813499167487839,0.0,-0.7142857142857143,-0.5555555555555556,0.4375,0.0,0.0,0.125,-1597,-4.974999949336052,-0.31093749683350325,-0.53406245
A06021HM,GACAAACTCACGGAC,15,25644,0.9671141952028963,human,IDO1,0,15,872,1,0,0,exon,24,1000,6.907755278982137,0.03288580479710364,-2835.121228927783,0.0,0.5333333333333333,0.4,0.1875,0.617572325766333,0.0,-0.25,0.7142857142857143,0.5,0.0,0.0,0.0,-1590,-5.949999957614477,-0.3966666638409651,-2.4660292
A06058H,GCGCTGTGACTTGT,14,15847,0.5976391612611254,human,IDO1,0,14,10669,1,0,0,exon,24,1000,6.907755278982137,0.4023608387388746,-5136.883686770947,0.0,0.5714285714285714,0.8,0.0,0.6270209508667245,0.07142857142857142,0.25,-0.6666666666666666,0.5,0.07142857142857142,0.0,0.0,-1674,-3.764285802841186,-0.268877557345799,-0.64717174
A06008H,CTCAACTCTTTCTCG,15,15678,0.5912656509277417,human,IDO1,0,15,10838,1,0,0,exon,24,1000,6.907755278982137,0.40873434907225825,-1228.341228927784,0.0,0.4666666666666667,0.4,0.1875,0.5911115008225534,0.0,-0.7142857142857143,-0.5,0.4375,0.0,0.0,0.06666666666666667,-1493,-4.948888836966621,-0.32992592246444136,-0.7142769
A06011H,GTTGGCAGTAAGGAA,15,16562,0.6246040126715945,human,IDO1,0,15,9954,1,0,0,exon,24,1000,6.907755278982137,0.3753959873284055,-2575.2236867647407,0.0,0.4666666666666667,0.6,0.0,0.617572325766333,0.0,0.7142857142857143,0.25,0.625,0.06666666666666667,0.0,0.0,-1508,-3.076666606797113,-0.20511110711980754,-1.335831
A06069H,AGTGTCCCGTTCTTGC,16,21226,0.8004978126414241,human,IDO1,0,16,5290,1,0,0,exon,24,1000,6.907755278982137,0.19950218735857594,-1647.9012289277853,0.0,0.5625,0.4,0.17647058823529413,0.6255779916818158,0.0,-0.1111111111111111,-0.7142857142857143,0.5625,0.0,0.0,0.125,-2057,-4.5020831773678465,-0.2813801985854904,0.7490716
A06068H,AGGCGCTGTGACTTGT,16,15847,0.5976391612611254,human,IDO1,0,16,10669,1,0,0,exon,24,1000,6.907755278982137,0.4023608387388746,-6175.61368677095,0.0,0.5625,0.8,0.0,0.6525481859741702,0.0625,0.3333333333333333,-0.42857142857142855,0.625,0.0625,0.0,0.0,-1952,-3.8645834227403006,-0.2415364639212688,-1.1843044
A06063H,GTGTCCCGTTCTTGC,15,21226,0.8004978126414241,human,IDO1,0,15,5290,1,0,0,exon,24,1000,6.907755278982137,0.19950218735857594,-1647.9012289277853,0.0,0.6,0.6,0.1875,0.5425943064838252,0.0,-0.1111111111111111,-1.0,0.5,0.0,0.0,0.13333333333333333,-1997,-4.404444286558363,-0.29362961910389085,0.8347082
A06057H,GCGCTGTGACTTGT,14,15847,0.5976391612611254,human,IDO1,0,14,10669,1,0,0,exon,24,1000,6.907755278982137,0.4023608387388746,-5136.883686770947,0.0,0.5714285714285714,0.8,0.0,0.6270209508667245,0.07142857142857142,0.25,-0.6666666666666666,0.5,0.07142857142857142,0.0,0.0,-1674,-3.764285802841186,-0.268877557345799,-0.64717174
A06043H,CCAGACTCTATGAGATC,17,15654,0.5903605370342435,human,IDO1,0,17,10862,1,0,0,exon,24,1000,6.907755278982137,0.40963946296575654,-3295.6191446141165,-0.20000000298023224,0.47058823529411764,0.6,0.0,0.6832127474744346,0.058823529411764705,-0.25,0.1111111111111111,0.625,0.058823529411764705,0.0,0.058823529411764705,-1855,-4.7999999406291,-0.28235293768406466,-0.852515
A06044H,GAGATGATCAATGCTGA,17,15823,0.5967340473676271,human,IDO1,0,17,10693,1,0,0,exon,24,1000,6.907755278982137,0.4032659526323729,-4704.806144607908,0.0,0.4117647058823529,0.4,0.0,0.6598649607593349,0.17647058823529413,0.42857142857142855,0.2,0.5625,0.11764705882352941,0.0,0.0,-1681,-2.818627450980392,-0.16580161476355246,-1.2251403
A06065H,TGATTGTCCAGGAGTT,16,11666,0.4399607783979484,human,IDO1,0,16,14850,1,0,0,exon,24,1000,6.907755278982137,0.5600392216020516,-3257.4261446079036,0.0,0.4375,0.2,0.0,0.6525481859741702,0.0,0.42857142857142855,-0.3333333333333333,0.625,0.0625,0.0,0.0,-1864,-5.2395833532015486,-0.3274739595750968,-1.7227255
A06060H,TGATTGTCCAGGAGT,15,11667,0.43999849147684417,human,IDO1,0,15,14849,1,0,0,exon,24,1000,6.907755278982137,0.5600015085231558,-3257.4261446079036,0.0,0.4666666666666667,0.2,0.0,0.6614747555022642,0.0,0.42857142857142855,-0.25,0.625,0.06666666666666667,0.0,0.0,-1798,-5.205555576748318,-0.34703703844988787,-2.0477228
A06015H,AGTGTCCCGTTCTTG,15,21227,0.8005355257203198,human,IDO1,0,15,5289,1,0,0,exon,24,1000,6.907755278982137,0.1994644742796802,-1647.9012289277853,0.0,0.5333333333333333,0.4,0.1875,0.6259947104068566,0.0,0.0,-0.7142857142857143,0.5,0.0,0.0,0.13333333333333333,-1871,-4.531110954284668,-0.3020740636189779,0.5183184
A06002H,AGGCGCTGTGACTT,14,15849,0.5977145874189169,human,IDO1,0,14,10667,1,0,0,exon,24,1000,6.907755278982137,0.40228541258108313,-6175.61368677095,0.0,0.5714285714285714,0.8,0.0,0.6668680136014049,0.07142857142857142,0.25,-0.3333333333333333,0.625,0.07142857142857142,0.0,0.0,-1708,-4.02142866452535,-0.2872449046089535,-0.93463016
A06050H,AGTGTCCCGTTCTTGCA,17,21225,0.8004600995625283,human,IDO1,0,17,5291,1,0,0,exon,24,1000,6.907755278982137,0.19953990043747172,-2444.383686764744,0.0,0.5294117647058824,0.4,0.16666666666666666,0.6598649607593349,0.058823529411764705,-0.1111111111111111,-0.5,0.625,0.0,0.0,0.11764705882352941,-2207,-4.476470433029474,-0.26332179017820434,-1.8041645
A06046H,GGTGATGCATCCCAGAA,17,15874,0.5986574143913109,human,IDO1,0,17,10642,1,0,0,exon,24,1000,6.907755278982137,0.4013425856086891,-7963.35860245728,-1.399999976158142,0.5294117647058824,0.6,0.16666666666666666,0.6832127474744346,0.29411764705882354,0.1111111111111111,0.25,0.6875,0.058823529411764705,0.0,0.058823529411764705,-2165,-7.735294103622438,-0.4550173002130846,-2.7742956
A06007H,GATTGTCCAGGAGTT,15,11666,0.4399607783979484,human,IDO1,0,15,14850,1,0,0,exon,24,1000,6.907755278982137,0.5600392216020516,-3257.4261446079036,0.0,0.4666666666666667,0.4,0.0,0.6614747555022642,0.0,0.42857142857142855,-0.25,0.625,0.0,0.0,0.0,-1791,-5.272222243414985,-0.35148148289433234,-1.8424007
A06028H,CTTGTAGTCTGCTCCT,16,11631,0.43864082063659676,human,IDO1,0,16,14885,1,0,1,utr,24,1000,6.907755278982137,0.5613591793634032,-2393.391228927787,0.0,0.5,0.4,0.0,0.6061569401335773,0.0,-0.25,-0.75,0.5625,0.0625,0.0,0.0625,-1887,-5.031249945362409,-0.31445312158515054,-1.0064366
A06062H,AGGCGCTGTGACTTG,15,15848,0.5976768743400211,human,IDO1,0,15,10668,1,0,0,exon,24,1000,6.907755278982137,0.40232312565997885,-6175.61368677095,0.0,0.6,0.8,0.0,0.6547629176520346,0.06666666666666667,0.3333333333333333,-0.3333333333333333,0.625,0.06666666666666667,0.0,0.0,-1781,-3.9377778689066565,-0.2625185245937771,-1.3259254
A06035H,AGTGTCCCGTTCTTGC,16,21226,0.8004978126414241,human,IDO1,0,16,5290,1,0,0,exon,24,1000,6.907755278982137,0.19950218735857594,-1647.9012289277853,0.0,0.5625,0.4,0.17647058823529413,0.6255779916818158,0.0,-0.1111111111111111,-0.7142857142857143,0.5625,0.0,0.0,0.125,-2057,-4.5020831773678465,-0.2813801985854904,0.7490716
A06001H,GGCGCTGTGACTTG,14,15848,0.5976768743400211,human,IDO1,0,14,10668,1,0,0,exon,24,1000,6.907755278982137,0.40232312565997885,-6175.61368677095,0.0,0.6428571428571429,1.0,0.0,0.6198296960271928,0.07142857142857142,0.3333333333333333,-0.6,0.5625,0.07142857142857142,0.0,0.0,-1721,-3.892857233683268,-0.2780612309773763,-0.19965264
A06030H,AGGCGCTGTGACTTGT,16,15847,0.5976391612611254,human,IDO1,0,16,10669,1,0,0,exon,24,1000,6.907755278982137,0.4023608387388746,-6175.61368677095,0.0,0.5625,0.8,0.0,0.6525481859741702,0.0625,0.3333333333333333,-0.42857142857142855,0.625,0.0625,0.0,0.0,-1952,-3.8645834227403006,-0.2415364639212688,-1.1843044
A06045H,AGGCGCTGTGACTTGTG,17,15846,0.5976014481822296,human,IDO1,0,17,10670,1,0,0,exon,24,1000,6.907755278982137,0.4023985518177704,-6175.61368677095,-0.699999988079071,0.5882352941176471,0.8,0.0,0.6415863240080517,0.058823529411764705,0.4,-0.42857142857142855,0.625,0.058823529411764705,0.0,0.0,-2025,-3.8000000878876334,-0.22352941693456668,-1.7470851
A06029H,GGCGCTGTGACTTGTG,16,15846,0.5976014481822296,human,IDO1,0,16,10670,1,0,0,exon,24,1000,6.907755278982137,0.4023985518177704,-6175.61368677095,-0.699999988079071,0.625,1.0,0.0,0.6061569401335773,0.0625,0.4,-0.6666666666666666,0.5625,0.0625,0.0,0.0,-1965,-3.752083420753479,-0.23450521379709244,-0.973061
A06009H,GGCGCTGTGACTTGT,15,15847,0.5976391612611254,human,IDO1,0,15,10669,1,0,0,exon,24,1000,6.907755278982137,0.4023608387388746,-6175.61368677095,0.0,0.6,1.0,0.0,0.617572325766333,0.06666666666666667,0.3333333333333333,-0.6666666666666666,0.5625,0.06666666666666667,0.0,0.0,-1892,-3.81777786678738,-0.254518524452492,-0.66746753
