ASO,Sequence,Length,sense_start,normalized_start,Cell line organism,Canonical Gene Name,Inhibition(%),sense_length,sense_start_from_end
A06055H,CCGCAGGCCAGCATCAC,17,14053,0.9431543624161074,human,IDO1,0.0,17,847
A06049H,ACAAAACGTCCATGTTC,17,8661,0.5812751677852349,human,IDO1,0.0,17,6239
A06037H,CAGGACGTCAAAGCAC,16,11437,0.7675838926174496,human,IDO1,0.0,16,3463
A06017H,AGGACGTCAAAGCAC,15,11437,0.7675838926174496,human,IDO1,0.0,15,3463
A06048H,GTTGGCAGTAAGGAACA,17,4944,0.33181208053691275,human,IDO1,0.0,17,9956
A06014H,GAGAACAAAACGTCC,15,8667,0.5816778523489933,human,IDO1,0.0,15,6233
A06026H,TGGCTTGCAGGAATC,15,14147,0.9494630872483222,human,IDO1,0.0,15,753
A06023HM,TAAGCTTCCCGCAGG,15,14063,0.9438255033557047,human,IDO1,0.0,15,837
A06036H,AATATATGCGAAGAAC,16,10859,0.7287919463087248,human,IDO1,0.0,16,4041
A06051H,GAACTGAGCAGCATGTC,17,13939,0.935503355704698,human,IDO1,0.0,17,961
A06003H,ATGCGAAGAACACT,14,10856,0.7285906040268456,human,IDO1,0.0,14,4044
A06006H,GCCATTCTTGTAGTC,15,22,0.001476510067114094,human,IDO1,0.0,15,14878
A06004H,TATATGCGAAGAAC,14,10859,0.7287919463087248,human,IDO1,0.0,14,4041
A06072H,CTCAACTCTTTCTCGAA,17,4060,0.27248322147651005,human,IDO1,0.0,17,10840
A06016H,TATGCGAAGAACACT,15,10856,0.7285906040268456,human,IDO1,0.0,15,4044
A06032H,GTTGGCAGTAAGGAAC,16,4945,0.3318791946308725,human,IDO1,0.0,16,9955
A06024H,AGATGGTAGCTCCTC,15,14108,0.9468456375838926,human,IDO1,0.0,15,792
A06034H,CAGTCTCCATCACGAA,16,8684,0.5828187919463087,human,IDO1,0.0,16,6216
A06053H,GTTCCTGTGAGCTGGTG,17,13981,0.9383221476510067,human,IDO1,0.0,17,919
A06040HM,TTGCAGATGGTAGCTC,16,14111,0.9470469798657718,human,IDO1,0.0,16,789
A06019H,GAGCTGGTGGCATAT,15,13975,0.9379194630872483,human,IDO1,0.0,15,925
A06033H,GAGAACAAAACGTCCA,16,8666,0.5816107382550335,human,IDO1,0.0,16,6234
A06064H,GATTGTCCAGGAGTTT,16,49,0.0032885906040268456,human,IDO1,0.0,16,14851
A06052H,GAGCTGGTGGCATATAT,17,13973,0.9377852348993289,human,IDO1,0.0,17,927
A06056H,TTGCAGATGGTAGCTCC,17,14110,0.946979865771812,human,IDO1,0.0,17,790
A06042H,ATTCTTGTAGTCTGCTC,17,17,0.0011409395973154361,human,IDO1,0.0,17,14883
A06012H,GACACAGTCTGCATA,15,4996,0.3353020134228188,human,IDO1,0.0,15,9904
A06027H,GTCTTCAGAGGTCTT,15,14178,0.9515436241610739,human,IDO1,0.0,15,722
A06018H,GAGCTGGTGGCATAT,15,13975,0.9379194630872483,human,IDO1,0.0,15,925
A06038H,TGAGCTGGTGGCATAT,16,13975,0.9379194630872483,human,IDO1,0.0,16,925
A06070H,GATTGTCCAGGAGTTTT,17,48,0.003221476510067114,human,IDO1,0.0,17,14852
A06039H,GACAAACTCACGGACT,16,14027,0.9414093959731543,human,IDO1,0.0,16,873
A06067H,TTCTCAACTCTTTCTC,16,4063,0.2726845637583893,human,IDO1,0.0,16,10837
A06041H,GAGGTCTTTTGTATTG,16,14408,0.966979865771812,human,IDO1,0.0,16,492
A06071H,CTCAACTCTTTCTCGAA,17,4060,0.27248322147651005,human,IDO1,0.0,17,10840
A06022HM,GACAAACTCACGGAC,15,14028,0.9414765100671141,human,IDO1,0.0,15,872
A06061H,CTCAACTCTTTCTCG,15,4062,0.2726174496644295,human,IDO1,0.0,15,10838
A06059H,GATTGTCCAGGAGTT,15,50,0.003355704697986577,human,IDO1,0.0,15,14850
A06005H,ACTTAGTCACGATT,14,14126,0.9480536912751678,human,IDO1,0.0,14,774
A06054H,AGGACAAACTCACGGAC,17,14028,0.9414765100671141,human,IDO1,0.0,17,872
A06020H,GACAAACTCACGGAC,15,14028,0.9414765100671141,human,IDO1,0.0,15,872
A06025H,GTACTTAGTCACGAT,15,14127,0.9481208053691275,human,IDO1,0.0,15,773
A06066H,TCTCAACTCTTTCTCG,16,4062,0.2726174496644295,human,IDO1,0.0,16,10838
A06021HM,GACAAACTCACGGAC,15,14028,0.9414765100671141,human,IDO1,0.0,15,872
A06058H,GCGCTGTGACTTGT,14,4231,0.28395973154362414,human,IDO1,0.0,14,10669
A06008H,CTCAACTCTTTCTCG,15,4062,0.2726174496644295,human,IDO1,0.0,15,10838
A06011H,GTTGGCAGTAAGGAA,15,4946,0.3319463087248322,human,IDO1,0.0,15,9954
A06069H,AGTGTCCCGTTCTTGC,16,9610,0.6449664429530201,human,IDO1,0.0,16,5290
A06068H,AGGCGCTGTGACTTGT,16,4231,0.28395973154362414,human,IDO1,0.0,16,10669
A06063H,GTGTCCCGTTCTTGC,15,9610,0.6449664429530201,human,IDO1,0.0,15,5290
A06057H,GCGCTGTGACTTGT,14,4231,0.28395973154362414,human,IDO1,0.0,14,10669
A06043H,CCAGACTCTATGAGATC,17,4038,0.271006711409396,human,IDO1,0.0,17,10862
A06044H,GAGATGATCAATGCTGA,17,4207,0.2823489932885906,human,IDO1,0.0,17,10693
A06065H,TGATTGTCCAGGAGTT,16,50,0.003355704697986577,human,IDO1,0.0,16,14850
A06060H,TGATTGTCCAGGAGT,15,51,0.0034228187919463087,human,IDO1,0.0,15,14849
A06015H,AGTGTCCCGTTCTTG,15,9611,0.6450335570469798,human,IDO1,0.0,15,5289
A06002H,AGGCGCTGTGACTT,14,4233,0.2840939597315436,human,IDO1,0.0,14,10667
A06050H,AGTGTCCCGTTCTTGCA,17,9609,0.6448993288590604,human,IDO1,0.0,17,5291
A06046H,GGTGATGCATCCCAGAA,17,4258,0.2857718120805369,human,IDO1,0.0,17,10642
A06007H,GATTGTCCAGGAGTT,15,50,0.003355704697986577,human,IDO1,0.0,15,14850
A06028H,CTTGTAGTCTGCTCCT,16,15,0.0010067114093959733,human,IDO1,0.0,16,14885
A06062H,AGGCGCTGTGACTTG,15,4232,0.2840268456375839,human,IDO1,0.0,15,10668
A06035H,AGTGTCCCGTTCTTGC,16,9610,0.6449664429530201,human,IDO1,0.0,16,5290
A06001H,GGCGCTGTGACTTG,14,4232,0.2840268456375839,human,IDO1,0.0,14,10668
A06030H,AGGCGCTGTGACTTGT,16,4231,0.28395973154362414,human,IDO1,0.0,16,10669
A06045H,AGGCGCTGTGACTTGTG,17,4230,0.28389261744966443,human,IDO1,0.0,17,10670
A06029H,GGCGCTGTGACTTGTG,16,4230,0.28389261744966443,human,IDO1,0.0,16,10670
A06009H,GGCGCTGTGACTTGT,15,4231,0.28395973154362414,human,IDO1,0.0,15,10669
