number,Unseen_Spearman,datetime_start,datetime_complete,duration,colsample_bylevel,colsample_bytree,gamma,learning_rate,max_depth,min_child_weight,n_estimators,reg_alpha,reg_lambda,subsample,state,objective_type
58,0.6209878989920854,2026-02-25 15:19:28.979565,2026-02-25 15:19:32.658146,0 days 00:00:03.678581,0.6207985694496224,0.48575016498710943,4.430187864766255,0.06369241481506352,6,27,767,2.2856411608752834,2.005198739457646,0.8049841827992199,COMPLETE,reg:squarederror
32,0.6181818181818182,2026-02-25 15:18:17.987692,2026-02-25 15:18:21.398605,0 days 00:00:03.410913,0.6307745701065834,0.7428964749732998,2.921892294945418,0.10145218642654515,6,13,650,4.830683154618105,12.43610544876309,0.6974849130977923,COMPLETE,reg:squarederror
88,0.6176931623494045,2026-02-25 15:21:00.659460,2026-02-25 15:21:05.030138,0 days 00:00:04.370678,0.7212094378776901,0.25604743589707785,13.775234704778129,0.03830005349459878,6,26,727,1.1135450969655079,5.596717316379031,0.7957848029822585,COMPLETE,reg:squarederror
78,0.6169022106081468,2026-02-25 15:20:28.366825,2026-02-25 15:20:31.845785,0 days 00:00:03.478960,0.7404727610615627,0.4430837097817257,14.487459878095281,0.04762952738335254,5,28,724,0.6928065050672403,4.406786350808783,0.8079124666843298,COMPLETE,reg:squarederror
51,0.616231669626417,2026-02-25 15:19:05.513966,2026-02-25 15:19:08.469311,0 days 00:00:02.955345,0.5042495896063952,0.4146049716661333,2.250568236049928,0.09204343846827993,6,18,605,2.2785102373780273,23.96987395637409,0.7598480881388905,COMPLETE,reg:squarederror
94,0.6142329045199546,2026-02-25 15:21:25.756198,2026-02-25 15:21:29.453147,0 days 00:00:03.696949,0.7010775471616235,0.20213845045735113,9.065215292700097,0.044397636917204684,6,29,781,0.5047379179392478,11.919525493990864,0.7751983209365988,COMPLETE,reg:squarederror
64,0.6121965661894887,2026-02-25 15:19:45.627284,2026-02-25 15:19:49.295919,0 days 00:00:03.668635,0.6073956828117307,0.38749266596686865,13.100407225119078,0.07587239109927311,6,31,715,0.6283311933431014,4.974223443260591,0.799996270991965,COMPLETE,reg:squarederror
85,0.6100262039571507,2026-02-25 15:20:48.319334,2026-02-25 15:20:52.464784,0 days 00:00:04.145450,0.6890152084608477,0.504354617992821,12.861009867889136,0.07232679053282366,6,38,758,1.3167560736102157,4.627553617691415,0.8196441009695089,COMPLETE,reg:squarederror
67,0.6096285961529907,2026-02-25 15:19:55.502123,2026-02-25 15:19:59.910969,0 days 00:00:04.408846,0.6416107038569541,0.2620109357532859,10.09080509725257,0.05318990818704535,6,35,800,0.6838662535589208,6.636643693056564,0.7993085891595358,COMPLETE,reg:squarederror
93,0.6087921075584893,2026-02-25 15:21:21.728219,2026-02-25 15:21:25.755195,0 days 00:00:04.026976,0.7006378721946215,0.20963222872121906,8.385692109807065,0.046178596327465925,6,28,781,0.5076924326969279,4.617426924835504,0.7752935961637774,COMPLETE,reg:squarederror
68,0.6083916083916086,2026-02-25 15:19:59.911864,2026-02-25 15:20:02.811425,0 days 00:00:02.899561,0.6585790941563742,0.25828086174365344,14.330173256278602,0.04874967963394428,5,35,775,0.3626314518832093,6.587418194357465,0.7994221007473901,COMPLETE,reg:squarederror
69,0.6083916083916086,2026-02-25 15:20:02.812034,2026-02-25 15:20:05.844699,0 days 00:00:03.032665,0.6429657819316918,0.2624712153776093,14.833265335921261,0.04819219208221425,5,35,800,0.36651328733527694,3.820049293603526,0.8027915846413486,COMPLETE,reg:squarederror
56,0.608200535964299,2026-02-25 15:19:21.795338,2026-02-25 15:19:25.320254,0 days 00:00:03.524916,0.6123203739569311,0.4822928995266262,3.6344869619418163,0.061683599821921314,6,36,621,1.3821672117073522,4.001921368474673,0.8230691043381173,COMPLETE,reg:squarederror
21,0.6073830094616997,2026-02-25 15:17:52.098895,2026-02-25 15:17:54.357518,0 days 00:00:02.258623,0.5729863587488017,0.7983114474325251,4.48149941540068,0.13834579635801686,6,18,432,18.121514734702078,7.533905847183833,0.6717949354096024,COMPLETE,reg:squarederror
90,0.6072610935391697,2026-02-25 15:21:09.443720,2026-02-25 15:21:13.913823,0 days 00:00:04.470103,0.7112968810814189,0.4342560238842317,13.216386626171424,0.026245460931531114,6,26,706,1.0530386670610459,14.242328876894067,0.7361211138065601,COMPLETE,reg:squarederror
22,0.6060148709361715,2026-02-25 15:17:54.358214,2026-02-25 15:17:56.806662,0 days 00:00:02.448448,0.5794090278862867,0.7922821786625738,4.908961749484074,0.12259499703532001,6,18,472,8.5620790177223,22.24039254733295,0.6654702468353894,COMPLETE,reg:squarederror
84,0.605759607152447,2026-02-25 15:20:45.261453,2026-02-25 15:20:48.318373,0 days 00:00:03.056920,0.6333508331752778,0.47308450128738083,13.496855771014175,0.06693059318596821,6,34,620,0.47031855107714754,4.013700176507902,0.7704486758771898,COMPLETE,reg:squarederror
96,0.6042426336018758,2026-02-25 15:21:33.155159,2026-02-25 15:21:36.281920,0 days 00:00:03.126761,0.7199298444244047,0.21578958287390787,9.39876227538041,0.07505026937789006,6,28,651,0.6993689098500063,12.121505787893618,0.7668787761059379,COMPLETE,reg:squarederror
53,0.6041110544535307,2026-02-25 15:19:11.686787,2026-02-25 15:19:15.330988,0 days 00:00:03.644201,0.5451414466627891,0.41622796461150185,4.181783172167256,0.0746790488447509,6,20,746,1.008594966997469,8.859194610896635,0.8204164275293118,COMPLETE,reg:squarederror
31,0.6028606508323641,2026-02-25 15:18:14.731665,2026-02-25 15:18:17.986898,0 days 00:00:03.255233,0.515789565276484,0.7351327676219008,2.0984731788177515,0.09797591111867467,6,18,629,1.5205319997746731,21.010750675919045,0.7627428515538586,COMPLETE,reg:squarederror
91,0.6021375399700726,2026-02-25 15:21:13.914427,2026-02-25 15:21:18.186177,0 days 00:00:04.271750,0.7291879112103004,0.24562812814950563,13.915870997376137,0.038078550108264615,6,8,740,1.6552501797728534,7.079668328657167,0.7958537904355558,COMPLETE,reg:squarederror
87,0.6018530568754635,2026-02-25 15:20:55.879875,2026-02-25 15:21:00.658788,0 days 00:00:04.778913,0.7263028906523598,0.31020540614086983,12.27291587401599,0.053087372535575675,6,40,776,0.7913280688321542,7.862805109855033,0.8109570727870499,COMPLETE,reg:squarederror
77,0.6013986013986015,2026-02-25 15:20:24.731197,2026-02-25 15:20:28.366196,0 days 00:00:03.634999,0.6103261784085672,0.23049062022735836,11.843629102742193,0.052762090541388695,6,35,690,0.25774678214819874,2.7291859981314293,0.8834748127893512,COMPLETE,reg:squarederror
23,0.6013986013986015,2026-02-25 15:17:56.807406,2026-02-25 15:17:59.466868,0 days 00:00:02.659462,0.6947302781613476,0.7726228474458423,5.179121490963324,0.11435752867267529,6,18,496,8.628918046621568,22.739410616461516,0.6577999312485857,COMPLETE,reg:squarederror
30,0.6013844589615215,2026-02-25 15:18:11.678125,2026-02-25 15:18:14.731076,0 days 00:00:03.052951,0.5112903122201008,0.5638800947725666,2.074695176466884,0.08669056713571907,6,18,591,1.99141565504328,21.184603947357722,0.7633902948899985,COMPLETE,reg:squarederror
47,0.6012295511232476,2026-02-25 15:18:57.016940,2026-02-25 15:19:00.694674,0 days 00:00:03.677734,0.5161305254807138,0.7978610960368595,0.5330138403805704,0.10199728522342506,6,14,685,7.939671353351287,23.43131716738277,0.7276856851164782,COMPLETE,reg:squarederror
76,0.6011607034703758,2026-02-25 15:20:21.589993,2026-02-25 15:20:24.730677,0 days 00:00:03.140684,0.5990153016560785,0.3273405071507858,10.16811828195991,0.04168639621246908,6,38,679,0.43769280047544706,1.9517559430526754,0.7502632419984151,COMPLETE,reg:squarederror
95,0.601130983356893,2026-02-25 15:21:29.454034,2026-02-25 15:21:33.154503,0 days 00:00:03.700469,0.7024320459279506,0.21584544618386906,8.368588880202237,0.037926053500153704,6,29,730,0.49482082899370994,18.217522330388547,0.7750547314412572,COMPLETE,reg:squarederror
57,0.6009381049347304,2026-02-25 15:19:25.320887,2026-02-25 15:19:28.978731,0 days 00:00:03.657844,0.6006725356780503,0.35491839143451015,3.604545174181025,0.056419616369810764,6,37,665,0.998631294711067,4.1256190865194196,0.828149810175501,COMPLETE,reg:squarederror
89,0.6006528281624162,2026-02-25 15:21:05.030827,2026-02-25 15:21:09.442616,0 days 00:00:04.411789,0.6917886660091634,0.541135352535097,11.667789493726284,0.03171882174622382,6,27,728,1.3108199762275918,9.75531204506156,0.7561251880564354,COMPLETE,reg:squarederror
97,0.6003986423555155,2026-02-25 15:21:36.282472,2026-02-25 15:21:39.964654,0 days 00:00:03.682182,0.7411473051782026,0.24381872276499483,7.813989898796711,0.04395623203964585,6,25,698,0.5364337886830836,8.563724843750645,0.7106661796104283,COMPLETE,reg:squarederror
59,0.6001650552625833,2026-02-25 15:19:32.658991,2026-02-25 15:19:34.973490,0 days 00:00:02.314499,0.6177692188902055,0.48424257182446073,3.25323638787352,0.06565135601779817,5,34,611,2.4366178934379104,1.8717785581631077,0.8625620561923607,COMPLETE,reg:squarederror
66,0.6,2026-02-25 15:19:52.717557,2026-02-25 15:19:55.501308,0 days 00:00:02.783751,0.6225091252490345,0.30211760734904763,10.917800346162906,0.135619687231827,6,37,581,2.8901265889942223,4.824220881450966,0.7779348618159341,COMPLETE,reg:squarederror
35,0.5997254641899951,2026-02-25 15:18:27.660470,2026-02-25 15:18:31.473865,0 days 00:00:03.813395,0.47783797428902614,0.6972693509604826,2.9592958698704885,0.13476091274115112,6,15,704,11.957068572237509,38.571205149636356,0.7916495244212667,COMPLETE,reg:squarederror
81,0.599657428807737,2026-02-25 15:20:38.245686,2026-02-25 15:20:41.231139,0 days 00:00:02.985453,0.6637197593561314,0.4839501322438745,14.992492326445374,0.048739180490851484,5,33,662,0.34910419227933925,3.9266073781749933,0.8376646370914514,COMPLETE,reg:squarederror
41,0.5994936669171843,2026-02-25 15:18:40.403409,2026-02-25 15:18:43.044832,0 days 00:00:02.641423,0.6721481927743452,0.7657901844628499,4.846648022889251,0.10970531979260044,6,19,463,9.600176054082803,22.702420255589562,0.663684798089306,COMPLETE,reg:squarederror
52,0.5990764318886556,2026-02-25 15:19:08.470019,2026-02-25 15:19:11.685987,0 days 00:00:03.215968,0.4849791307675483,0.3934614488327392,2.5098592141207487,0.09497963701740188,6,18,673,1.9514648758443738,25.477661666322028,0.7534280963825467,COMPLETE,reg:squarederror
34,0.5987583140757549,2026-02-25 15:18:24.956684,2026-02-25 15:18:27.659636,0 days 00:00:02.702952,0.5895672265953641,0.6343892056072571,1.3638841474277026,0.08121880344774145,5,12,635,5.124559201972027,13.470705980192621,0.763096037738616,COMPLETE,reg:squarederror
26,0.5975262581533499,2026-02-25 15:18:04.002235,2026-02-25 15:18:06.277748,0 days 00:00:02.275513,0.7760544796622927,0.6666432406263973,5.403182231883829,0.06964032754674018,5,21,581,9.341580213784306,20.77012448127812,0.6900748311180955,COMPLETE,reg:squarederror
55,0.5971159175530406,2026-02-25 15:19:18.955422,2026-02-25 15:19:21.794627,0 days 00:00:02.839205,0.45052205825815017,0.45807115073906585,1.1121000240441399,0.0757282851014416,5,15,732,0.5597639595206666,9.059695776446077,0.8119136687545033,COMPLETE,reg:squarederror
75,0.5970651233601365,2026-02-25 15:20:18.777935,2026-02-25 15:20:21.589399,0 days 00:00:02.811464,0.6430472929567664,0.2764427717338939,13.566076966867268,0.06309018116922456,5,32,779,0.688128403163177,6.677304422874246,0.7966649562453378,COMPLETE,reg:squarederror
79,0.5964343280666338,2026-02-25 15:20:31.846311,2026-02-25 15:20:34.928820,0 days 00:00:03.082509,0.7439357916839113,0.3544508480870675,14.157172711761323,0.04587612177596741,5,28,798,0.8594697005262594,3.636103326055821,0.8069916620649069,COMPLETE,reg:squarederror
60,0.5955753531946616,2026-02-25 15:19:34.973982,2026-02-25 15:19:37.214558,0 days 00:00:02.240576,0.6769625145673832,0.5336983586238196,4.539887651632715,0.04150548798731696,6,29,433,3.3369422715614396,1.3334064814716526,0.7863969665639416,COMPLETE,reg:squarederror
44,0.5953295606013715,2026-02-25 15:18:49.448043,2026-02-25 15:18:53.392193,0 days 00:00:03.944150,0.5572972030811582,0.7487643791410576,11.351878882799035,0.08079511458745235,6,17,747,1.9461807475830404,43.43868602750823,0.6803026581332531,COMPLETE,reg:squarederror
71,0.5952069476393054,2026-02-25 15:20:08.064369,2026-02-25 15:20:10.948414,0 days 00:00:02.884045,0.662710824493194,0.20541726399070812,13.70152157963383,0.03874862633762472,5,35,792,0.38204981476788125,3.5892029766273605,0.8307328708737893,COMPLETE,reg:squarederror
17,0.5944588540982046,2026-02-25 15:17:44.802945,2026-02-25 15:17:47.206307,0 days 00:00:02.403362,0.5651906763573206,0.6098243343172867,4.377281742600191,0.04405376116902618,6,5,457,17.443613989149235,27.70902467502231,0.6456622484813073,COMPLETE,reg:squarederror
39,0.5942787054023301,2026-02-25 15:18:36.764204,2026-02-25 15:18:38.240486,0 days 00:00:01.476282,0.4534329765803914,0.6686397719163661,4.195333555231599,0.12943581298221216,6,13,264,1.196607277142699,10.339546714715024,0.7174983170127028,COMPLETE,reg:squarederror
72,0.5942233957111879,2026-02-25 15:20:10.949115,2026-02-25 15:20:13.860164,0 days 00:00:02.911049,0.681383276696622,0.25964534362076025,14.599876178228277,0.04581012909798647,5,32,764,0.5932577738177608,6.198998510280026,0.8518810706217124,COMPLETE,reg:squarederror
61,0.5939656649080509,2026-02-25 15:19:37.215253,2026-02-25 15:19:40.882118,0 days 00:00:03.666865,0.5591298864586697,0.4118580117543578,4.071146421441284,0.06218764959814222,6,27,747,1.2211157255665386,2.9539629184538065,0.8115233147333003,COMPLETE,reg:squarederror
92,0.5938907711278465,2026-02-25 15:21:18.187167,2026-02-25 15:21:21.727621,0 days 00:00:03.540454,0.6866650150517503,0.26753356331859746,13.850376735339804,0.08333234908794582,6,25,763,0.8349009408101987,5.522837483233372,0.7899756089049905,COMPLETE,reg:squarederror
42,0.5935973099657935,2026-02-25 15:18:43.045483,2026-02-25 15:18:45.894287,0 days 00:00:02.848804,0.6334628568528025,0.7751725619705214,5.536382899762611,0.09088536447923537,6,16,496,8.668114744273291,16.393414752028605,0.6373331978173878,COMPLETE,reg:squarederror
98,0.5914723614717842,2026-02-25 15:21:39.965619,2026-02-25 15:21:43.371195,0 days 00:00:03.405576,0.6740182162015094,0.20279398029326526,9.035253611101249,0.10443737623604034,6,26,713,0.8442448285539463,4.932718695854169,0.7288185595220746,COMPLETE,reg:squarederror
86,0.5912482475526634,2026-02-25 15:20:52.466395,2026-02-25 15:20:55.879229,0 days 00:00:03.412834,0.7539453226282818,0.5074128287821846,12.856952661995342,0.07084849346756536,5,38,755,2.229524279383892,4.613345953037055,0.8540570272042395,COMPLETE,reg:squarederror
65,0.589512413823486,2026-02-25 15:19:49.296523,2026-02-25 15:19:52.716817,0 days 00:00:03.420294,0.6049674472497041,0.3843148832773068,12.760133375126898,0.08864881482396786,6,31,716,0.2993243056565383,2.3457050256096936,0.8011361146984746,COMPLETE,reg:squarederror
28,0.5883638695825728,2026-02-25 15:18:07.710587,2026-02-25 15:18:09.564551,0 days 00:00:01.853964,0.6041298390035182,0.7644428471382322,3.861154946789716,0.12246542298871971,5,15,465,6.832039970406586,2.255118704900292,0.6792606771930827,COMPLETE,reg:squarederror
33,0.5862194579024942,2026-02-25 15:18:21.399449,2026-02-25 15:18:24.955800,0 days 00:00:03.556351,0.6285709852937803,0.7377025100532435,2.3389113173349987,0.09682275460651489,6,13,647,1.587505958094827,10.85376261780484,0.7221191628583035,COMPLETE,reg:squarederror
43,0.5850217534657285,2026-02-25 15:18:45.895127,2026-02-25 15:18:49.447120,0 days 00:00:03.551993,0.762677655418343,0.7132228922420207,6.6733699648628875,0.11604997083398333,6,23,613,0.7549940242607975,12.82494284156967,0.6042766746897653,COMPLETE,reg:squarederror
73,0.5843920264009612,2026-02-25 15:20:13.860866,2026-02-25 15:20:16.699084,0 days 00:00:02.838218,0.6426672996158417,0.3303343834700138,12.485971378233513,0.05560744367093744,5,39,795,0.37862365767720324,4.387299137190374,0.7713683513507728,COMPLETE,reg:squarederror
99,0.5824597258326782,2026-02-25 15:21:43.372176,2026-02-25 15:21:47.733273,0 days 00:00:04.361097,0.7555773328466225,0.5818647381306645,7.420050469644979,0.016507982662987256,6,30,753,1.1950167804474316,5.928434364617791,0.7822808520165427,COMPLETE,reg:squarederror
27,0.5819549701088269,2026-02-25 15:18:06.278279,2026-02-25 15:18:07.709526,0 days 00:00:01.431247,0.6662473942405771,0.7492522350025295,6.86403515157059,0.10845153139457939,6,17,259,3.509445385922412,5.394367416459846,0.5700004519725306,COMPLETE,reg:squarederror
37,0.5804195804195805,2026-02-25 15:18:33.631317,2026-02-25 15:18:35.783679,0 days 00:00:02.152362,0.6398293361306465,0.795728770786382,3.7258703334753758,0.0718793187738831,4,30,648,3.0851775306810185,15.831699591563634,0.7065174168243118,COMPLETE,reg:squarederror
54,0.579388127121925,2026-02-25 15:19:15.331859,2026-02-25 15:19:18.954834,0 days 00:00:03.622975,0.5418487199991477,0.4206962650653051,4.134711317648552,0.034624620109180666,6,20,739,0.9360727919111592,7.293390787331616,0.8661027935998757,COMPLETE,reg:squarederror
25,0.5780219780219781,2026-02-25 15:18:02.184889,2026-02-25 15:18:04.001522,0 days 00:00:01.816633,0.7347080745245135,0.7696045850028328,2.8921451866055268,0.11928315280473163,6,29,335,2.6417180603896755,10.804878356910827,0.5894317521102844,COMPLETE,reg:squarederror
49,0.5758463710578641,2026-02-25 15:19:02.419343,2026-02-25 15:19:03.899855,0 days 00:00:01.480512,0.5829339489566744,0.7309855986867404,6.013734179301023,0.056734909348235205,5,22,361,3.9271810571396366,16.8580644103065,0.6594973336248052,COMPLETE,reg:squarederror
29,0.5745944049142231,2026-02-25 15:18:09.565036,2026-02-25 15:18:11.677595,0 days 00:00:02.112559,0.6142889838453163,0.6860297137736053,5.446824448088389,0.06815449071167594,6,22,388,12.877614433895117,36.66053131307122,0.6250399258633684,COMPLETE,reg:squarederror
62,0.5734265734265735,2026-02-25 15:19:40.882817,2026-02-25 15:19:44.517513,0 days 00:00:03.634696,0.5757171651879298,0.44086581930210994,4.50883491308545,0.051263552293980025,6,36,759,2.499684207992808,1.717169110395951,0.8432205394221886,COMPLETE,reg:squarederror
36,0.5724564185148282,2026-02-25 15:18:31.474655,2026-02-25 15:18:33.630733,0 days 00:00:02.156078,0.5315464096199605,0.7400910071743105,1.508644626702572,0.1019079777319179,5,24,559,4.372144888554902,5.738703844473389,0.7398825397135178,COMPLETE,reg:squarederror
80,0.5697434048087411,2026-02-25 15:20:34.929466,2026-02-25 15:20:38.245060,0 days 00:00:03.315594,0.8124399638966313,0.28517415037825805,13.19498097925121,0.03529364591917385,5,30,722,0.17291601954261276,11.265182373066946,0.7793871875877287,COMPLETE,reg:squarederror
46,0.5694946048622141,2026-02-25 15:18:54.505393,2026-02-25 15:18:57.016169,0 days 00:00:02.510776,0.7015051466831903,0.5183730450771186,8.48601166334264,0.1467174673426304,6,19,492,5.4911941309425005,6.002208886600217,0.7844433983753675,COMPLETE,reg:squarederror
48,0.5693852123828071,2026-02-25 15:19:00.695454,2026-02-25 15:19:02.418656,0 days 00:00:01.723202,0.6541848767276929,0.6854135081886266,1.91688746596841,0.0860724788411714,4,16,528,0.5085529318306519,52.108854992281344,0.6217156123402614,COMPLETE,reg:squarederror
24,0.5670849861038588,2026-02-25 15:17:59.467738,2026-02-25 15:18:02.184125,0 days 00:00:02.716387,0.6889565101689672,0.7238589829535399,5.988286672439214,0.1433222734479034,6,18,497,6.924235335146282,18.65360166997779,0.6740306065052443,COMPLETE,reg:squarederror
70,0.5639238070123688,2026-02-25 15:20:05.845413,2026-02-25 15:20:08.063731,0 days 00:00:02.218318,0.7151996042589476,0.25854700854291607,14.765406269748706,0.05144337214737498,4,34,773,0.20795091120446801,2.464981882616228,0.8025885203053907,COMPLETE,reg:squarederror
18,0.5603259517310178,2026-02-25 15:17:47.207186,2026-02-25 15:17:48.876254,0 days 00:00:01.669068,0.5709305120864715,0.7964855920940088,4.730719430299095,0.049443624173290776,5,10,420,16.704024941634977,7.8427409620459985,0.6578287701416387,COMPLETE,reg:squarederror
63,0.5568908147055708,2026-02-25 15:19:44.518318,2026-02-25 15:19:45.626728,0 days 00:00:01.108410,0.6501272171669179,0.4867917303487893,3.37850698512859,0.07998770271397102,6,24,181,1.7041275034484245,3.347614177837522,0.8651184384535983,COMPLETE,reg:squarederror
40,0.5563621811042969,2026-02-25 15:18:38.241021,2026-02-25 15:18:40.402852,0 days 00:00:02.161831,0.5879626151943999,0.7163145742171313,2.6653067613692314,0.029277445353561426,5,26,526,11.889927625957249,30.915990338977405,0.74448113883942,COMPLETE,reg:squarederror
82,0.5557089163595367,2026-02-25 15:20:41.231803,2026-02-25 15:20:43.353636,0 days 00:00:02.121833,0.7871730329101164,0.44797493877262945,14.266603396551384,0.05940696479504623,4,27,700,0.5875633873431668,6.4615903543729445,0.7920558609704982,COMPLETE,reg:squarederror
50,0.5542413423534537,2026-02-25 15:19:03.900381,2026-02-25 15:19:05.513459,0 days 00:00:01.613078,0.5437048357110197,0.6123859639758691,5.03882373167707,0.1124839712479146,6,40,288,10.55755269282952,30.740290793837065,0.6001195755175142,COMPLETE,reg:squarederror
19,0.5518490879164852,2026-02-25 15:17:48.876905,2026-02-25 15:17:50.973262,0 days 00:00:02.096357,0.5641436157502067,0.7963720968322894,3.6463255210563466,0.14560381294229244,6,20,403,16.153273935901094,7.664092397541589,0.6497166702231129,COMPLETE,reg:squarederror
13,0.547371790541553,2026-02-25 15:17:35.142811,2026-02-25 15:17:38.072653,0 days 00:00:02.929842,0.4226255693300171,0.33249111149718713,9.068653278573933,0.02119952843812931,5,5,784,0.10095437961900904,73.39048816579604,0.8358968181775005,COMPLETE,reg:squarederror
10,0.5471149893120582,2026-02-25 15:17:23.117661,2026-02-25 15:17:27.127278,0 days 00:00:04.009617,0.4228623240470334,0.45829412391950886,7.574417501794829,0.01036249432232844,6,6,788,0.13256844207567628,96.80745177338538,0.8936994259754961,COMPLETE,reg:squarederror
14,0.5417274568973472,2026-02-25 15:17:38.073646,2026-02-25 15:17:40.719842,0 days 00:00:02.646196,0.5322244202491684,0.3089951623120731,9.342378529055942,0.020286285878097277,5,9,697,0.24637216263776854,57.54723245541638,0.8177043193409133,COMPLETE,reg:squarederror
74,0.5383087004111611,2026-02-25 15:20:16.699572,2026-02-25 15:20:18.777374,0 days 00:00:02.077802,0.6244357441237867,0.2295743098924919,14.164081021864995,0.034779212012601694,4,36,720,0.2905998402795854,5.083742632916521,0.8190348430347237,COMPLETE,reg:squarederror
11,0.5376219304887485,2026-02-25 15:17:27.128223,2026-02-25 15:17:31.043788,0 days 00:00:03.915565,0.40671698238016907,0.4568757954700144,7.393091273459313,0.010652236544942075,6,6,783,0.10620853915920923,129.93453673440015,0.8999404227179023,COMPLETE,reg:squarederror
12,0.5346490976073052,2026-02-25 15:17:31.044884,2026-02-25 15:17:35.141775,0 days 00:00:04.096891,0.4001404374586819,0.49991489305256537,6.252248349362541,0.01027424902433333,6,6,795,0.11857869319449311,145.67881765702492,0.893709165465352,COMPLETE,reg:squarederror
7,0.5345160965364278,2026-02-25 15:17:19.028820,2026-02-25 15:17:22.027823,0 days 00:00:02.999003,0.5419866479356642,0.427608162326331,7.948749378368459,0.01294995756480628,6,16,519,0.9628035740522346,56.954849455809,0.8950939646808972,COMPLETE,reg:squarederror
15,0.5250026378948471,2026-02-25 15:17:40.720429,2026-02-25 15:17:42.606938,0 days 00:00:01.886509,0.706030049010675,0.36496304953836506,4.7409946833421746,0.019479942517884437,5,9,427,0.10125061921189887,27.56781976217132,0.6242937658202167,COMPLETE,reg:squarederror
20,0.5202865543191019,2026-02-25 15:17:50.974009,2026-02-25 15:17:52.098368,0 days 00:00:01.124359,0.7268537252570091,0.6428489093483134,3.2034441554476336,0.0471717099861024,4,10,345,19.569015326448262,8.583457949754655,0.5051210876410108,COMPLETE,reg:squarederror
8,0.5126515753428498,2026-02-25 15:17:22.028732,2026-02-25 15:17:22.767690,0 days 00:00:00.738958,0.6028481073444539,0.2889662056501069,13.213526495519904,0.057871889219473706,5,24,151,0.18432029988139173,4.567920530881676,0.7706110670006214,COMPLETE,reg:squarederror
3,0.5117276224763408,2026-02-25 15:17:13.918422,2026-02-25 15:17:16.138055,0 days 00:00:02.219633,0.4603375037847442,0.43722095896245355,1.842008715399728,0.013640407728624921,5,39,546,0.7584147230171278,15.506946117268857,0.6068392327513539,COMPLETE,reg:squarederror
83,0.507098913862317,2026-02-25 15:20:43.354183,2026-02-25 15:20:45.260865,0 days 00:00:01.906682,0.8442425834825376,0.39538467945497524,14.503835157625943,0.04244692507701942,3,31,768,0.657770542451047,5.302419562488707,0.8273362167205642,COMPLETE,reg:squarederror
16,0.501769456892345,2026-02-25 15:17:42.607521,2026-02-25 15:17:44.802446,0 days 00:00:02.194925,0.4789358557877468,0.2024387310851452,9.70688609080246,0.018243310717295038,4,12,708,0.46037828046959006,75.68794869628391,0.846848108143418,COMPLETE,reg:squarederror
38,0.4729732844403409,2026-02-25 15:18:35.784256,2026-02-25 15:18:36.763654,0 days 00:00:00.979398,0.5019532824240305,0.5712222765550231,0.9858934106588977,0.061285546398868504,3,33,374,6.398135449522723,1.1587054411315323,0.6947736562095553,COMPLETE,reg:squarederror
2,0.472106571729547,2026-02-25 15:17:13.206414,2026-02-25 15:17:13.917795,0 days 00:00:00.711381,0.8151450078590089,0.5544948920547788,10.59000295508946,0.07709963396233074,3,14,231,9.775799816794613,1.1048344738070677,0.7446311252619525,COMPLETE,reg:squarederror
45,0.47129354873680057,2026-02-25 15:18:53.393009,2026-02-25 15:18:54.504645,0 days 00:00:01.111636,0.8481276224498119,0.650944193892272,3.299429088226862,0.12827420602903808,2,21,552,13.396688925048917,3.150713910763732,0.698527390234482,COMPLETE,reg:squarederror
6,0.4647881981375817,2026-02-25 15:17:17.543829,2026-02-25 15:17:19.027986,0 days 00:00:01.484157,0.8855788189797253,0.7214832034378695,14.002462214849201,0.02938062400910583,3,27,592,0.7205022573258106,13.822056841921247,0.7109536191947078,COMPLETE,reg:squarederror
1,0.4417184380047081,2026-02-25 15:17:12.834788,2026-02-25 15:17:13.205958,0 days 00:00:00.371170,0.6411579488047795,0.23804825539875948,11.940153370121926,0.08804650783164918,3,32,112,0.41674521848995505,44.100622013000255,0.7194798160956175,COMPLETE,reg:squarederror
5,0.42490698832467005,2026-02-25 15:17:16.440027,2026-02-25 15:17:17.543292,0 days 00:00:01.103265,0.5019866410688518,0.6005018299712571,0.5289005995225902,0.014127161970368887,4,25,319,2.6612488858228383,111.56224320483601,0.7345341801921782,COMPLETE,reg:squarederror
91,0.41457966329616674,2026-02-25 15:24:06.264405,2026-02-25 15:24:08.210357,0 days 00:00:01.945952,0.43416689665478786,0.3476153597066329,0.5170467419649353,0.08292043178953873,4,17,409,0.22967053003900495,8.596502543458,0.8618703633101698,COMPLETE,rank:pairwise
74,0.4128767539417481,2026-02-25 15:27:21.357882,2026-02-25 15:27:24.850879,0 days 00:00:03.492997,0.5950150537797145,0.5003595477855397,0.5112406575974073,0.0730688118043116,6,6,695,0.14855478971793593,4.115538084292988,0.8515715349578065,COMPLETE,rank:ndcg
55,0.40687415291468726,2026-02-25 15:26:23.928363,2026-02-25 15:26:26.970495,0 days 00:00:03.042132,0.5749755772401305,0.446944435414018,0.5359029170302352,0.0786593916824808,2,5,632,0.24013497479215282,3.0812182132398465,0.8514637222196564,COMPLETE,rank:ndcg
97,0.4054680223446026,2026-02-25 15:24:16.730017,2026-02-25 15:24:18.624114,0 days 00:00:01.894097,0.4539151636581356,0.4374610281847479,0.5103745518627616,0.10878770752301495,4,26,396,0.22299672874968357,1.9006894250731665,0.8024065595615478,COMPLETE,rank:pairwise
78,0.4035915018754735,2026-02-25 15:23:45.738391,2026-02-25 15:23:47.143824,0 days 00:00:01.405433,0.45558892442229726,0.4829557069120918,0.5225061577907928,0.14099300721730074,5,29,269,0.2418601531383783,1.3344167136330025,0.8745743715693628,COMPLETE,rank:pairwise
94,0.40241705809653056,2026-02-25 15:28:22.873569,2026-02-25 15:28:26.147136,0 days 00:00:03.273567,0.6463609958512764,0.4360580888752457,0.5436537508290432,0.1004412336063188,3,7,745,0.13404231659797858,4.953250860804655,0.8868071005180692,COMPLETE,rank:ndcg
71,0.402305921237392,2026-02-25 15:27:11.412927,2026-02-25 15:27:15.029531,0 days 00:00:03.616604,0.54425495364505,0.4074236326124304,0.5029704586920818,0.0747462699810003,6,5,608,0.1568151840694423,7.713992222147253,0.8471174637932954,COMPLETE,rank:ndcg
98,0.4005723109099916,2026-02-25 15:24:18.624639,2026-02-25 15:24:20.473861,0 days 00:00:01.849222,0.4547711050615268,0.4400595285508229,0.5113211665644899,0.1145775729880347,4,26,394,0.21034823368876107,1.725801481618952,0.8054047286806328,COMPLETE,rank:pairwise
52,0.40011825901668063,2026-02-25 15:23:04.500585,2026-02-25 15:23:06.350452,0 days 00:00:01.849867,0.4462191107609703,0.38808516126270126,0.5346715678515674,0.0666678920780011,4,18,351,0.16030109303765225,9.673232669165522,0.8668225060302174,COMPLETE,rank:pairwise
44,0.39952730702977024,2026-02-25 15:25:55.287463,2026-02-25 15:25:57.973221,0 days 00:00:02.685758,0.46872738155641247,0.4265170118737006,0.7035536432513776,0.05508823358687108,5,5,536,0.255348518891343,9.634230054716307,0.8330876441449655,COMPLETE,rank:ndcg
93,0.39854683446621464,2026-02-25 15:28:19.615978,2026-02-25 15:28:22.872704,0 days 00:00:03.256726,0.6611986267141989,0.3751670135772314,0.5136265051970781,0.10416306203832255,3,7,753,0.13847234819871057,4.886101514724571,0.8993482718177331,COMPLETE,rank:ndcg
71,0.39850294135548947,2026-02-25 15:23:35.720524,2026-02-25 15:23:37.202580,0 days 00:00:01.482056,0.5935676702071097,0.41937560051694356,0.9284221193113189,0.07747397998848046,4,23,326,0.11490741690599547,7.953614031888864,0.8447775936386178,COMPLETE,rank:pairwise
98,0.3963563813930386,2026-02-25 15:28:35.796910,2026-02-25 15:28:39.275367,0 days 00:00:03.478457,0.6440756989786165,0.4283998946768363,0.559577317301249,0.0898285147369753,3,7,797,0.2193641004242895,3.5303927284961385,0.5552186073624588,COMPLETE,rank:ndcg
93,0.395138603392042,2026-02-25 15:24:09.904174,2026-02-25 15:24:11.558375,0 days 00:00:01.654201,0.462886839633251,0.3534379687913832,0.8224940791889108,0.1412444790018611,4,24,410,0.21761960248809756,1.092592073309377,0.7963578081592396,COMPLETE,rank:pairwise
63,0.395138603392042,2026-02-25 15:23:22.077162,2026-02-25 15:23:23.474636,0 days 00:00:01.397474,0.4729308752064175,0.38280769177965407,1.046507265557304,0.1144015339440531,4,17,318,0.10099001069888189,7.231135471633435,0.8778691021963262,COMPLETE,rank:pairwise
30,0.394210712634692,2026-02-25 15:25:11.069746,2026-02-25 15:25:13.978548,0 days 00:00:02.908802,0.6547719051561789,0.38908595932319484,0.5634595185534264,0.08571312545392555,6,6,623,0.15219374737732666,7.730918307001685,0.8990898512895723,COMPLETE,rank:ndcg
76,0.39298487526060216,2026-02-25 15:23:42.012777,2026-02-25 15:23:43.753921,0 days 00:00:01.741144,0.46133283087519605,0.47977808563101776,0.8305718382562884,0.07762608248799914,5,23,370,0.11913473015746513,4.471970740219343,0.8457216987614429,COMPLETE,rank:pairwise
95,0.3924280798236738,2026-02-25 15:24:13.246473,2026-02-25 15:24:15.068464,0 days 00:00:01.821991,0.4552048636992595,0.4790371216892037,0.5433807091182741,0.11797630622877606,4,24,393,0.21121463647202787,1.7102041409622324,0.7985202015554052,COMPLETE,rank:pairwise
87,0.39190096013963305,2026-02-25 15:23:57.989253,2026-02-25 15:23:59.926336,0 days 00:00:01.937083,0.5057748923305755,0.4384249027979681,0.5453857397288869,0.07928817144078311,4,17,410,0.21808175487831577,13.3216391930884,0.8625541703549907,COMPLETE,rank:pairwise
55,0.3918856624773336,2026-02-25 15:23:09.540847,2026-02-25 15:23:11.054383,0 days 00:00:01.513536,0.46856467932051005,0.46934007149055673,1.1309244144360107,0.09949310827115977,4,17,344,0.13741019875126426,7.371283308303961,0.8750083804291695,COMPLETE,rank:pairwise
28,0.39010989010989006,2026-02-25 15:22:31.832990,2026-02-25 15:22:33.317853,0 days 00:00:01.484863,0.40270513890142623,0.3490365919619246,0.6048026630856281,0.07660390445447658,4,15,261,1.0577662695693275,9.530216758891576,0.7859651661349591,COMPLETE,rank:pairwise
42,0.3894595833983561,2026-02-25 15:25:49.531070,2026-02-25 15:25:52.433377,0 days 00:00:02.902307,0.45590562351607594,0.3448300710297846,0.5694454663342197,0.07383926019637685,6,5,620,0.12254912207341198,5.800370110893628,0.8455767878117431,COMPLETE,rank:ndcg
95,0.38933872676639436,2026-02-25 15:28:26.148069,2026-02-25 15:28:29.626090,0 days 00:00:03.478021,0.6529457839411231,0.433773163770351,0.5540120838813434,0.10303448396048911,3,7,793,0.2830606838242529,3.17158776794135,0.8996247708200521,COMPLETE,rank:ndcg
84,0.38910604426759476,2026-02-25 15:27:50.992702,2026-02-25 15:27:54.326577,0 days 00:00:03.333875,0.5506493773643071,0.43281371776235494,0.5908362447036423,0.0696304082621067,3,5,737,0.137725376902537,5.970994536671634,0.8469465168509934,COMPLETE,rank:ndcg
54,0.38774979261672465,2026-02-25 15:23:08.047211,2026-02-25 15:23:09.540306,0 days 00:00:01.493095,0.4666863216406926,0.3819697325768689,0.9744080713286452,0.0962270277611249,4,16,350,0.13762606174722392,7.575686246190628,0.873442928145138,COMPLETE,rank:pairwise
53,0.3875844863535102,2026-02-25 15:23:06.351131,2026-02-25 15:23:08.046619,0 days 00:00:01.695488,0.44696474136346764,0.3876323779552131,0.6042111365999102,0.08780416195273641,4,16,331,0.1297385525659385,7.634607135375321,0.6726785684932364,COMPLETE,rank:pairwise
56,0.38722693583836293,2026-02-25 15:23:11.055064,2026-02-25 15:23:12.627179,0 days 00:00:01.572115,0.47508376667833047,0.46941720186543173,1.3468844005527403,0.1030842899747739,4,21,353,0.13626298938353176,7.68351889984541,0.8670851765099331,COMPLETE,rank:pairwise
96,0.38605913539042197,2026-02-25 15:24:15.068994,2026-02-25 15:24:16.729511,0 days 00:00:01.660517,0.4840503381711146,0.4782861303407797,1.751919088490214,0.12197534249073526,4,24,447,0.3073996060339471,1.017645224998482,0.8597945001818749,COMPLETE,rank:pairwise
94,0.38605913539042197,2026-02-25 15:24:11.558880,2026-02-25 15:24:13.245801,0 days 00:00:01.686921,0.5484439151412485,0.3559686578438803,0.8289073925268042,0.1395879997128698,4,25,419,0.45700148103795163,1.1477938196343875,0.8245420207163695,COMPLETE,rank:pairwise
61,0.38376645040070795,2026-02-25 15:23:19.073400,2026-02-25 15:23:20.594938,0 days 00:00:01.521538,0.5387901380619946,0.42185247344077303,1.0603143419891319,0.08225299563570206,4,18,328,0.11014393842986459,8.037852581026577,0.836960519056909,COMPLETE,rank:pairwise
0,0.3817400803561799,2026-02-25 15:17:11.603760,2026-02-25 15:17:12.834084,0 days 00:00:01.230324,0.6222936135979003,0.7099400630751926,6.088094084494207,0.02579074020241282,2,14,647,1.1584488379665632,28.319442817950655,0.8440350262648998,COMPLETE,reg:squarederror
91,0.38168729414980573,2026-02-25 15:28:13.472426,2026-02-25 15:28:16.526804,0 days 00:00:03.054378,0.5972422008596796,0.4379453104853565,0.5394055577861504,0.132849713972165,4,5,728,0.19202888531237544,5.397495281362408,0.8417443000976244,COMPLETE,rank:ndcg
61,0.38164799582222947,2026-02-25 15:26:40.724597,2026-02-25 15:26:43.740463,0 days 00:00:03.015866,0.6006899336111964,0.388797527803082,1.0628959973961976,0.07957603818791294,6,5,629,0.12086744242146047,7.430699370577055,0.8797168906917515,COMPLETE,rank:ndcg
38,0.3779342700813232,2026-02-25 15:25:37.437562,2026-02-25 15:25:40.553277,0 days 00:00:03.115715,0.5129664280188229,0.3414266026809369,0.954576554668938,0.07715751410813206,6,12,728,0.1447630568630501,7.703347872335036,0.8693281994337689,COMPLETE,rank:ndcg
69,0.37762237762237766,2026-02-25 15:27:04.798971,2026-02-25 15:27:08.352530,0 days 00:00:03.553559,0.5578164726620682,0.4418703589513182,0.5370094684154562,0.13314242266780363,5,5,663,0.7012544651597965,5.588614326456251,0.8178313776328241,COMPLETE,rank:ndcg
65,0.37665289607151536,2026-02-25 15:23:24.743399,2026-02-25 15:23:26.947384,0 days 00:00:02.203985,0.5097842853477865,0.6830249322266377,1.0438091893498034,0.1290190725568893,4,16,564,0.183368977400129,9.699255168982946,0.8873621694906402,COMPLETE,rank:pairwise
9,0.37638752658938346,2026-02-25 15:17:22.768183,2026-02-25 15:17:23.117131,0 days 00:00:00.348948,0.6568762059866202,0.6899236477691298,2.115360649729095,0.09673777957196893,2,20,125,4.6374993223965735,2.8634695431749257,0.5509143517856689,COMPLETE,reg:squarederror
40,0.3762315763289668,2026-02-25 15:25:43.490789,2026-02-25 15:25:46.460690,0 days 00:00:02.969901,0.4565759803139803,0.33600002791854844,0.5761584850883629,0.07732788970448562,6,5,624,0.26911162790625676,6.546894763677397,0.8759799828140007,COMPLETE,rank:ndcg
31,0.37619512020251006,2026-02-25 15:25:13.979447,2026-02-25 15:25:17.113230,0 days 00:00:03.133783,0.6544619714374674,0.3842233489258423,0.8948360532981912,0.046203884391242664,6,5,641,0.15510784363746083,7.042548432322833,0.8997386899851414,COMPLETE,rank:ndcg
41,0.3757335236279669,2026-02-25 15:25:46.461591,2026-02-25 15:25:49.530084,0 days 00:00:03.068493,0.46959152975177826,0.32679060189261505,0.9818365772563661,0.0716988477253233,6,5,623,0.13058201811321576,6.345718467034919,0.847007474650264,COMPLETE,rank:ndcg
81,0.3748827326231261,2026-02-25 15:27:42.237873,2026-02-25 15:27:45.087832,0 days 00:00:02.849959,0.5848051720503448,0.47988090458883603,0.6596051463326228,0.11333783424857334,4,5,654,0.20227226774981413,5.630820897926552,0.8086889152313638,COMPLETE,rank:ndcg
92,0.37434177383548783,2026-02-25 15:24:08.210950,2026-02-25 15:24:09.903656,0 days 00:00:01.692706,0.43315110825985814,0.3396058119761345,1.473179910771527,0.05857052779634911,4,17,408,0.2461765059452257,8.891203182683627,0.8914310189729301,COMPLETE,rank:pairwise
88,0.37427278516929613,2026-02-25 15:23:59.927090,2026-02-25 15:24:02.772217,0 days 00:00:02.845127,0.5101230854416738,0.4344926053386742,1.1791112872732228,0.07857384371445131,5,18,796,0.37389872517605843,12.902313965913939,0.8621928464324138,COMPLETE,rank:pairwise
82,0.3741844309068738,2026-02-25 15:23:51.233364,2026-02-25 15:23:52.719221,0 days 00:00:01.485857,0.4283565233071467,0.5867317749072379,0.9273461750807632,0.09570225004991169,5,30,324,0.1005424045627721,4.716361627373255,0.8924178285503248,COMPLETE,rank:pairwise
58,0.374140656558896,2026-02-25 15:26:32.826071,2026-02-25 15:26:35.518044,0 days 00:00:02.691973,0.4633428785177841,0.6737432462950627,0.5066565616130811,0.09764476114285985,5,11,476,0.4160849840720998,3.2978033314804347,0.8354289208429293,COMPLETE,rank:ndcg
67,0.3735772790141283,2026-02-25 15:26:58.522523,2026-02-25 15:27:02.269094,0 days 00:00:03.746571,0.45082265545596656,0.4778896623069756,0.8759183042021135,0.05843185088352111,6,7,793,0.22641627404353265,7.2834451964736004,0.8854158203047404,COMPLETE,rank:ndcg
77,0.3726934146823567,2026-02-25 15:23:43.754426,2026-02-25 15:23:45.737811,0 days 00:00:01.983385,0.5823362001563899,0.3276619556979232,0.8581230748180624,0.07458032691137861,6,23,425,0.11438946473430639,2.7668708482757527,0.844574056249991,COMPLETE,rank:pairwise
68,0.37254067739248903,2026-02-25 15:23:29.640920,2026-02-25 15:23:31.651178,0 days 00:00:02.010258,0.41650005570082466,0.3893288482009221,0.9041806673447677,0.08824008251715384,4,15,462,0.2048498454853349,6.706302569554792,0.818647046690559,COMPLETE,rank:pairwise
82,0.37218193534848865,2026-02-25 15:27:45.088670,2026-02-25 15:27:48.242512,0 days 00:00:03.153842,0.6261251723377689,0.38015777894162966,1.4014047930051274,0.07543812280337188,6,6,702,0.16288467415839394,3.4431865944524644,0.8686560078565331,COMPLETE,rank:ndcg
74,0.37170825954245046,2026-02-25 15:23:39.817249,2026-02-25 15:23:41.048998,0 days 00:00:01.231749,0.6818652257582032,0.5145656588754234,1.5173932590821249,0.1250782666681402,4,27,302,0.1460467339465917,10.953717935894568,0.8268739005462993,COMPLETE,rank:pairwise
14,0.37067505617930113,2026-02-25 15:22:13.840746,2026-02-25 15:22:15.609872,0 days 00:00:01.769126,0.5014047503050616,0.4082427672366408,0.5086855370811474,0.06239496460147464,4,21,338,0.7307492061340535,107.67543728923353,0.6853789276072405,COMPLETE,rank:pairwise
17,0.369629621798607,2026-02-25 15:22:17.314601,2026-02-25 15:22:19.041312,0 days 00:00:01.726711,0.4560940506212134,0.29894300497771925,0.5889997589454792,0.03951598222023327,3,13,339,0.6153095586500974,25.900275398782,0.6669558526668928,COMPLETE,rank:pairwise
92,0.3679916649762593,2026-02-25 15:28:16.527803,2026-02-25 15:28:19.615022,0 days 00:00:03.087219,0.6012712918411988,0.41243418015361755,0.7893796107642549,0.08132540595239662,4,5,727,0.19680693549291525,7.859417929989806,0.8436162844546923,COMPLETE,rank:ndcg
81,0.3677763958776317,2026-02-25 15:23:49.443360,2026-02-25 15:23:51.232853,0 days 00:00:01.789493,0.454680813146746,0.42721945487149277,0.5322342863905927,0.13569867514532621,6,36,370,0.1786004326721732,1.2304004619044997,0.8571876303560422,COMPLETE,rank:pairwise
52,0.3663734044246048,2026-02-25 15:26:15.640658,2026-02-25 15:26:18.660130,0 days 00:00:03.019472,0.4907502896438981,0.3888411961437202,0.5980267500599035,0.06529436961868686,6,36,563,0.13263545242656194,8.871449596354912,0.8554045769669847,COMPLETE,rank:ndcg
31,0.3661414434820841,2026-02-25 15:22:36.770819,2026-02-25 15:22:38.229038,0 days 00:00:01.458219,0.4471556260136438,0.4267668244077291,0.5066257882568883,0.036431297086759025,3,14,295,0.8944556342223474,15.642493602640108,0.7620548292015924,COMPLETE,rank:pairwise
22,0.3659493702907111,2026-02-25 15:22:24.906136,2026-02-25 15:22:26.319193,0 days 00:00:01.413057,0.4451469370060779,0.29869529875330564,0.6928754104110879,0.035786860586339835,4,12,253,1.459327072664931,22.460030705880712,0.7203136272901637,COMPLETE,rank:pairwise
29,0.36559207097405033,2026-02-25 15:22:33.318414,2026-02-25 15:22:35.167591,0 days 00:00:01.849177,0.40459544204308123,0.34879113749034873,1.7074091016188255,0.07348574534657851,4,19,442,0.18726285705372792,9.882591726865297,0.8922910380104866,COMPLETE,rank:pairwise
80,0.36493797212992807,2026-02-25 15:27:39.378505,2026-02-25 15:27:42.237328,0 days 00:00:02.858823,0.5403146039867439,0.4101709900581971,0.9642644982852617,0.09471273127317875,6,6,592,0.17025525814641612,7.350548302862511,0.8896830533999471,COMPLETE,rank:ndcg
86,0.36469179185724343,2026-02-25 15:27:57.507304,2026-02-25 15:28:00.519959,0 days 00:00:03.012655,0.5461497674162862,0.45620691527875173,0.8593947801493895,0.08600929397959423,2,11,717,0.2392382916665464,13.790158132275378,0.8346287387755416,COMPLETE,rank:ndcg
58,0.36429577804960683,2026-02-25 15:23:14.558696,2026-02-25 15:23:16.181376,0 days 00:00:01.622680,0.48737304356365285,0.4989539105722873,1.2765692095306915,0.09508065709544974,4,16,365,0.13770519592538272,4.901588163706645,0.869489506484774,COMPLETE,rank:pairwise
32,0.36428571428571427,2026-02-25 15:25:17.114146,2026-02-25 15:25:19.805915,0 days 00:00:02.691769,0.6481353947500471,0.3785175719387092,1.2747077149173118,0.08610033257185261,6,7,648,0.14384360523505538,7.786246501804869,0.8935650164478895,COMPLETE,rank:ndcg
42,0.3641207816393626,2026-02-25 15:22:50.983716,2026-02-25 15:22:52.546005,0 days 00:00:01.562289,0.42954656709181654,0.244208485119085,0.5019925814578265,0.026594714252306768,4,8,269,1.1575797017132354,25.05769546560108,0.8072912184881404,COMPLETE,rank:pairwise
51,0.3639924566029644,2026-02-25 15:26:12.527273,2026-02-25 15:26:15.639647,0 days 00:00:03.112374,0.587279205923916,0.29483760966147865,0.9000128285742202,0.04684446121683709,6,5,620,0.17944291631160786,6.71074785553663,0.8776189781527521,COMPLETE,rank:ndcg
84,0.36333474834754265,2026-02-25 15:23:53.802466,2026-02-25 15:23:55.196821,0 days 00:00:01.394355,0.44542542407848135,0.3881177736530494,1.3311824139363568,0.07665341164269203,4,14,332,0.15947916987098001,3.2888167447407675,0.8175002856338753,COMPLETE,rank:pairwise
90,0.36267623677658667,2026-02-25 15:28:09.603801,2026-02-25 15:28:13.471278,0 days 00:00:03.867477,0.4775371993906322,0.485339940845923,1.5919671905846455,0.06233833185361247,6,10,680,0.11597428548026215,3.9782800216838656,0.6477746850424689,COMPLETE,rank:ndcg
70,0.3621505396640701,2026-02-25 15:23:34.161389,2026-02-25 15:23:35.719869,0 days 00:00:01.558480,0.48542825250956845,0.36241793160168223,1.6186706914956333,0.0954279359923052,4,17,393,0.13164741481462885,12.291095554109166,0.8992503163310577,COMPLETE,rank:pairwise
33,0.3620445416818005,2026-02-25 15:22:39.677661,2026-02-25 15:22:41.059234,0 days 00:00:01.381573,0.5282319712048937,0.44641714525571624,0.5263361056764247,0.04187958829726721,3,15,282,0.6501582108636426,14.862106066847844,0.8209066797434721,COMPLETE,rank:pairwise
23,0.35664335664335667,2026-02-25 15:22:26.319875,2026-02-25 15:22:27.559281,0 days 00:00:01.239406,0.5199849762717126,0.28177495335630937,0.6355493140455322,0.03449919790139526,3,20,240,1.4182032382450924,21.13886344650288,0.7371936025079887,COMPLETE,rank:pairwise
63,0.3563843717470287,2026-02-25 15:26:46.323143,2026-02-25 15:26:49.592324,0 days 00:00:03.269181,0.5790528458101155,0.2870208806537522,1.024267175216425,0.10253095917968098,6,8,698,0.20639483947292675,8.776573253250694,0.8515847659615855,COMPLETE,rank:ndcg
89,0.35587489495472974,2026-02-25 15:24:02.773142,2026-02-25 15:24:04.646919,0 days 00:00:01.873777,0.5007617784598003,0.4532629259886466,2.1967911329084004,0.07124455351196618,5,19,505,0.2811829240743324,10.519753014839653,0.841754689439665,COMPLETE,rank:pairwise
83,0.35535399711100013,2026-02-25 15:27:48.243368,2026-02-25 15:27:50.991849,0 days 00:00:02.748481,0.5183220698018846,0.5506201170976024,1.2677668652994296,0.13192560685375346,5,7,669,0.12003030652141367,8.689637177812047,0.8188722349423456,COMPLETE,rank:ndcg
62,0.3548834168830705,2026-02-25 15:23:20.595537,2026-02-25 15:23:22.076180,0 days 00:00:01.480643,0.5362854246104499,0.41943130760526937,1.9380856516291978,0.08411000656329454,4,18,378,0.10978664922559636,7.940259807924815,0.8328809810174029,COMPLETE,rank:pairwise
50,0.3532934475185773,2026-02-25 15:23:00.214541,2026-02-25 15:23:02.673491,0 days 00:00:02.458950,0.40135177158066265,0.22935519125138243,1.0947749039980854,0.016821556410056476,4,24,426,1.1809842243142352,15.272893478907045,0.7883990121746145,COMPLETE,rank:pairwise
78,0.35299247428782166,2026-02-25 15:27:33.915658,2026-02-25 15:27:36.724921,0 days 00:00:02.809263,0.5080755881102872,0.5143377739109363,1.8105348151294394,0.08479900534492983,6,9,526,0.13225172350428308,2.9087223240853803,0.841797589429457,COMPLETE,rank:ndcg
33,0.3528335415335086,2026-02-25 15:25:19.807238,2026-02-25 15:25:23.658128,0 days 00:00:03.850890,0.6360626987629803,0.39969379938411853,1.2856506183376,0.0880669809886127,6,7,673,0.15171000529672918,12.571205992305744,0.8987916356150821,COMPLETE,rank:ndcg
46,0.35205273122713976,2026-02-25 15:22:55.934776,2026-02-25 15:22:56.604027,0 days 00:00:00.669251,0.8467823783194072,0.3350066562126421,1.2954256601374534,0.0551413595936807,3,6,118,0.5012742511329878,9.645603324084226,0.7829346989108538,COMPLETE,rank:pairwise
87,0.3509102423604681,2026-02-25 15:28:00.520817,2026-02-25 15:28:04.066320,0 days 00:00:03.545503,0.6950284177357794,0.425236844941566,1.1451947710089252,0.07125769835405303,2,6,779,0.1814745439490223,4.487998788623714,0.8713574759627034,COMPLETE,rank:ndcg
96,0.35059108816401596,2026-02-25 15:28:29.627108,2026-02-25 15:28:32.790549,0 days 00:00:03.163441,0.6640775678623351,0.4997998888358089,1.4196514336951263,0.09788349967322313,3,7,786,0.29591576561580396,3.1189413593624673,0.890956148644348,COMPLETE,rank:ndcg
75,0.3505075787589997,2026-02-25 15:27:24.851914,2026-02-25 15:27:27.658919,0 days 00:00:02.807005,0.6247042646214427,0.49303082173408913,1.4890367015591892,0.0674889731779353,6,7,638,0.1526851486808977,4.6747467880310305,0.8516266426723025,COMPLETE,rank:ndcg
73,0.35034782700969375,2026-02-25 15:27:18.202507,2026-02-25 15:27:21.356940,0 days 00:00:03.154433,0.575718268021023,0.43677627398876034,0.8938759690698369,0.090065431202044,5,5,736,2.043455394027094,7.935882390140025,0.8250593423055022,COMPLETE,rank:ndcg
51,0.3480776076636606,2026-02-25 15:23:02.674101,2026-02-25 15:23:04.499996,0 days 00:00:01.825895,0.41719255022139534,0.35106292338624806,1.7691428296483225,0.07840793663447518,4,20,443,0.16724998939865035,110.18896897719863,0.883484115071218,COMPLETE,rank:pairwise
41,0.3478604758969776,2026-02-25 15:22:49.664259,2026-02-25 15:22:50.982807,0 days 00:00:01.318548,0.45403803380681984,0.3013117471234672,1.108626989783835,0.03572191879709579,4,12,244,1.5298929107775558,18.101605177546507,0.712736981713129,COMPLETE,rank:pairwise
36,0.34686821242528565,2026-02-25 15:22:43.196208,2026-02-25 15:22:45.091675,0 days 00:00:01.895467,0.40213424146566845,0.25374074685943293,1.4276677529901518,0.08144312577061745,2,10,481,2.0304664542833906,15.222463190862893,0.6877923093938182,COMPLETE,rank:pairwise
68,0.34564511839854606,2026-02-25 15:27:02.270248,2026-02-25 15:27:04.796768,0 days 00:00:02.526520,0.5192206620381068,0.3922111306377122,1.4838677692091344,0.08203688722376128,6,23,543,0.4833741749098869,15.543067651820396,0.8663657677791584,COMPLETE,rank:ndcg
62,0.34416761129281676,2026-02-25 15:26:43.741549,2026-02-25 15:26:46.322176,0 days 00:00:02.580627,0.6133320151962134,0.5054386149691997,1.3404719339081141,0.08096142218707594,6,6,565,0.12761645364375626,5.061188367765331,0.8824240980450826,COMPLETE,rank:ndcg
66,0.3434503156346023,2026-02-25 15:23:26.947936,2026-02-25 15:23:28.377692,0 days 00:00:01.429756,0.4700216366026745,0.5346741152733512,2.6269184256693574,0.10093846610712308,4,17,362,0.11919681257074777,5.1600050757591855,0.8771810801588545,COMPLETE,rank:pairwise
53,0.34294156853081575,2026-02-25 15:26:18.660987,2026-02-25 15:26:21.597288,0 days 00:00:02.936301,0.5280490471397694,0.3621979224942164,1.1066223472854297,0.053263872756306334,6,33,593,0.18061865441752958,4.401617428441331,0.8802306764453883,COMPLETE,rank:ndcg
97,0.3421225292406871,2026-02-25 15:28:32.791663,2026-02-25 15:28:35.795760,0 days 00:00:03.004097,0.7150326665454485,0.45348270244380556,1.9864952739668553,0.10578254735187118,3,6,749,0.33298129914952646,2.648348565626365,0.89740540551261,COMPLETE,rank:ndcg
2,0.34192843552937174,2026-02-25 15:21:50.029601,2026-02-25 15:21:52.546852,0 days 00:00:02.517251,0.43541686461842466,0.22031634443624115,2.090902088206371,0.14936521494144397,6,13,762,0.10082923371141493,1.7633452175087319,0.6715774709316544,COMPLETE,rank:pairwise
39,0.3415819262415965,2026-02-25 15:25:40.554986,2026-02-25 15:25:43.489803,0 days 00:00:02.934817,0.490356947602526,0.3252697906410105,2.101481905346537,0.06085260584230073,6,12,736,0.18414691871804295,8.27977932445236,0.8627640524603156,COMPLETE,rank:ndcg
54,0.3409606726186201,2026-02-25 15:26:21.598305,2026-02-25 15:26:23.927318,0 days 00:00:02.329013,0.42572040393238914,0.41390213722780955,1.8921892642680218,0.12439505330999442,6,8,537,0.36704860177638315,5.830335017888532,0.8294334928392071,COMPLETE,rank:ndcg
64,0.34049598255112473,2026-02-25 15:23:23.475166,2026-02-25 15:23:24.742830,0 days 00:00:01.267664,0.42101126252162635,0.3789668209917833,1.6210302401119425,0.11403196862432155,4,21,308,0.14927897610043703,6.612934060041459,0.8514291261787926,COMPLETE,rank:pairwise
85,0.3404344463805748,2026-02-25 15:23:55.197304,2026-02-25 15:23:56.488739,0 days 00:00:01.291435,0.4125704931269279,0.5643320587848325,0.7484066988132148,0.08847042773497703,5,33,293,7.2485715511664734,18.243809932905187,0.8736128472910392,COMPLETE,rank:pairwise
57,0.34030918566479496,2026-02-25 15:23:12.627741,2026-02-25 15:23:14.557916,0 days 00:00:01.930175,0.4730235666681553,0.4693403010770666,2.5151893157558107,0.12096188448273536,4,18,483,0.12908277828434386,7.445357968768421,0.8678281048072825,COMPLETE,rank:pairwise
79,0.338900378084616,2026-02-25 15:23:47.144403,2026-02-25 15:23:48.290145,0 days 00:00:01.145742,0.5672516453682126,0.4841589961141322,1.7607395774781516,0.1493356230699339,5,28,257,0.23146435577669006,1.4603812619421195,0.8784289874965908,COMPLETE,rank:pairwise
86,0.3388400684142951,2026-02-25 15:23:56.489299,2026-02-25 15:23:57.988515,0 days 00:00:01.499216,0.46428527840759254,0.41427046520912786,1.9334234966808521,0.06798456831588688,4,16,385,0.13021083062780145,6.14845505137805,0.6432027474218113,COMPLETE,rank:pairwise
89,0.337658104374854,2026-02-25 15:28:06.594742,2026-02-25 15:28:09.602840,0 days 00:00:03.008098,0.528173460250374,0.34797568680596686,2.633866179651208,0.05787099558256792,4,8,760,0.15974433548642256,9.944890926926139,0.8583358068098661,COMPLETE,rank:ndcg
75,0.3363129406807374,2026-02-25 15:23:41.049540,2026-02-25 15:23:42.012255,0 days 00:00:00.962715,0.44245026147263505,0.450877182226697,2.2072049748153133,0.08701839680796265,4,15,224,0.20450724718807656,8.713698204784913,0.803309323461887,COMPLETE,rank:pairwise
32,0.33507375124862115,2026-02-25 15:22:38.229572,2026-02-25 15:22:39.677105,0 days 00:00:01.447533,0.4841410016091824,0.5341913667281688,1.6891934237893889,0.05146079013425701,3,16,331,0.923691974593918,13.334524585924322,0.7603150061082434,COMPLETE,rank:pairwise
72,0.33459172549225863,2026-02-25 15:27:15.031417,2026-02-25 15:27:18.200912,0 days 00:00:03.169495,0.5520302340660177,0.40592905571548055,1.224073291295785,0.05025750298111748,6,6,604,0.7178787505122401,11.613421122904828,0.8420461668526198,COMPLETE,rank:ndcg
28,0.33434804902403553,2026-02-25 15:25:06.391504,2026-02-25 15:25:08.478527,0 days 00:00:02.087023,0.7412294845554044,0.3743923384303883,1.4873908177030835,0.03253444488292493,6,5,385,0.1675144979189389,3.6668601925128628,0.7954383848976317,COMPLETE,rank:ndcg
67,0.3322779846664448,2026-02-25 15:23:28.378224,2026-02-25 15:23:29.639928,0 days 00:00:01.261704,0.43923899394023813,0.48859163340147943,2.1136387447573535,0.06826959290691836,5,19,273,0.10054091675821579,11.724771045350492,0.8559809371601905,COMPLETE,rank:pairwise
11,0.3310373168595532,2026-02-25 15:22:08.297441,2026-02-25 15:22:10.209450,0 days 00:00:01.912009,0.47857066709688045,0.5545993881159434,1.0489753732229872,0.14550247792308968,5,17,529,2.7423489273164234,51.90559832923264,0.5202770993026644,COMPLETE,rank:pairwise
64,0.329549259307545,2026-02-25 15:26:49.593531,2026-02-25 15:26:52.979950,0 days 00:00:03.386419,0.6048703437404906,0.42080608406405695,2.4232618126848924,0.07029662609332492,3,5,749,0.3078243257822532,3.8642448853290987,0.8673295892139379,COMPLETE,rank:ndcg
35,0.3290791174230739,2026-02-25 15:22:41.865166,2026-02-25 15:22:43.195610,0 days 00:00:01.330444,0.45919666104065854,0.34244504564476275,2.085111937589355,0.09154655758576842,3,14,343,0.3856705005742095,4.476062541628675,0.7021781402638729,COMPLETE,rank:pairwise
29,0.32631779820746437,2026-02-25 15:25:08.479268,2026-02-25 15:25:11.068908,0 days 00:00:02.589640,0.6675064379366306,0.35912754188869794,1.320190210187922,0.044129811075446716,6,5,542,0.1456657058281129,7.614496718643634,0.8056835103310585,COMPLETE,rank:ndcg
13,0.3256801418466315,2026-02-25 15:24:42.451847,2026-02-25 15:24:44.251904,0 days 00:00:01.800057,0.7658311415099056,0.2280743390101473,0.5142733203272104,0.019155413569037688,4,17,310,0.43871789907198755,4.220594812693706,0.8404017053388633,COMPLETE,rank:ndcg
57,0.3251974248607858,2026-02-25 15:26:29.845255,2026-02-25 15:26:32.825053,0 days 00:00:02.979798,0.49032205601782125,0.46426075485317453,2.255514919886341,0.06826207362572395,5,9,716,0.23259316588360715,2.9785293974043285,0.786578997237254,COMPLETE,rank:ndcg
80,0.3246825779439195,2026-02-25 15:23:48.290657,2026-02-25 15:23:49.442847,0 days 00:00:01.152190,0.6003362766274549,0.5181359636843164,2.825542591196354,0.05572177509248996,5,31,273,0.3183750530431178,2.2585313008189494,0.848692282882909,COMPLETE,rank:pairwise
47,0.3246260988754247,2026-02-25 15:22:56.604561,2026-02-25 15:22:57.598377,0 days 00:00:00.993816,0.45644491235309514,0.4088033993050285,2.364916363062385,0.046094460556898226,5,10,217,2.5185616272960045,2.7883312789526102,0.6707897761500031,COMPLETE,rank:pairwise
21,0.3244822447164115,2026-02-25 15:24:56.656595,2026-02-25 15:24:58.006549,0 days 00:00:01.349954,0.7991811990151954,0.26679852024290124,1.980779066642642,0.04053335257526654,5,10,252,0.44508662524546583,1.9308633950681884,0.8107458847572447,COMPLETE,rank:ndcg
37,0.3225283452654133,2026-02-25 15:22:45.092314,2026-02-25 15:22:46.678627,0 days 00:00:01.586313,0.7346429667810425,0.5115684317907648,2.5642494960656017,0.10416687691892411,4,24,406,0.2099084561489605,39.0005307161564,0.7679166617686795,COMPLETE,rank:pairwise
11,0.32241961862584123,2026-02-25 15:24:38.620741,2026-02-25 15:24:40.473158,0 days 00:00:01.852417,0.8149163484669647,0.23697082469556152,2.3391682014205806,0.023939026619005783,4,15,376,0.3614030646013035,3.454621243277154,0.774190246233478,COMPLETE,rank:ndcg
18,0.3214588387941519,2026-02-25 15:24:51.352265,2026-02-25 15:24:52.776043,0 days 00:00:01.423778,0.8108903185887761,0.26410886741672873,1.855266991990331,0.03785594915783334,5,11,256,0.45907695013344213,1.7477971225482363,0.8164776407260717,COMPLETE,rank:ndcg
85,0.3214335188363338,2026-02-25 15:27:54.327537,2026-02-25 15:27:57.506171,0 days 00:00:03.178634,0.5713198052544471,0.3941810484483649,1.963235336514527,0.06540694443300873,3,9,736,0.13929172834179251,2.4548400875773146,0.8490115693879443,COMPLETE,rank:ndcg
21,0.32036967267470057,2026-02-25 15:22:23.116271,2026-02-25 15:22:24.905444,0 days 00:00:01.789173,0.4479779927573447,0.20251706371670453,2.431980663889473,0.07231224015998576,4,13,478,0.5403507511245526,8.511744229378595,0.6549906572876919,COMPLETE,rank:pairwise
12,0.32000273963090137,2026-02-25 15:24:40.473926,2026-02-25 15:24:42.451347,0 days 00:00:01.977421,0.779094245296912,0.21037350288740497,0.5888827088986248,0.024449904821755204,4,15,348,0.32629573101558484,25.89524634003917,0.7663451540410036,COMPLETE,rank:ndcg
66,0.31703452730939397,2026-02-25 15:26:55.780713,2026-02-25 15:26:58.520801,0 days 00:00:02.740088,0.40054429154880034,0.32645608309372276,1.740430239660545,0.09298184256040908,5,39,581,0.1804207912779985,1.5966346518616197,0.6123522396784491,COMPLETE,rank:ndcg
44,0.31644865395635874,2026-02-25 15:22:53.734621,2026-02-25 15:22:54.698267,0 days 00:00:00.963646,0.42568083550815305,0.3690264038804323,2.0332919325925833,0.03775829152044142,5,18,148,1.7581124003472566,64.1926038179643,0.8388207164379617,COMPLETE,rank:pairwise
70,0.3161199994837468,2026-02-25 15:27:08.354260,2026-02-25 15:27:11.411307,0 days 00:00:03.057047,0.5621338025794165,0.44595593419193025,2.160050873310362,0.12266149179741125,5,8,656,1.2199776954116648,5.292996198998686,0.8135533565587272,COMPLETE,rank:ndcg
19,0.315735996084123,2026-02-25 15:24:52.776645,2026-02-25 15:24:54.646818,0 days 00:00:01.870173,0.8879792171603723,0.6853242580424169,0.5875287360950645,0.020050316639555667,3,21,354,0.20672874520047926,16.416569347393867,0.6968321766645545,COMPLETE,rank:ndcg
4,0.3152369107522558,2026-02-25 15:17:16.138561,2026-02-25 15:17:16.439519,0 days 00:00:00.300958,0.7999324472526654,0.3679442802951886,0.5228998214313765,0.038712579586613866,2,39,117,0.32252495711846624,3.933425764036046,0.8009551769073278,COMPLETE,reg:squarederror
60,0.31468531468531474,2026-02-25 15:23:17.753917,2026-02-25 15:23:19.072748,0 days 00:00:01.318831,0.7734687279112515,0.46084861789240666,3.4617279858167027,0.10126677242401395,4,26,349,0.23031733434088097,5.733576176526299,0.8999364118878488,COMPLETE,rank:pairwise
43,0.31352272755056804,2026-02-25 15:25:52.434480,2026-02-25 15:25:55.286474,0 days 00:00:02.851994,0.4063007209388044,0.33766405507198405,2.1981040982119557,0.10741480005308089,6,9,715,0.10032219209064971,5.1113725361833895,0.8750224081891875,COMPLETE,rank:ndcg
69,0.3119714478645539,2026-02-25 15:23:31.651743,2026-02-25 15:23:34.160602,0 days 00:00:02.508859,0.46488819535954273,0.44743492544709756,3.040108386562377,0.10881431812957117,4,21,689,0.25820825241102435,9.133267333288144,0.8706314037310076,COMPLETE,rank:pairwise
5,0.31061365270298796,2026-02-25 15:21:55.491917,2026-02-25 15:21:57.022100,0 days 00:00:01.530183,0.6693610743753741,0.6050095525632883,1.543285947319887,0.09090021202095352,5,9,424,3.5277836011117625,39.397373494751825,0.5346070784715173,COMPLETE,rank:pairwise
20,0.3091173234464212,2026-02-25 15:22:21.566154,2026-02-25 15:22:23.115411,0 days 00:00:01.549257,0.62612973596358,0.44642432471914006,0.806219253819753,0.042768454646157916,2,13,362,9.424146101797009,75.41618892817867,0.8106336976366375,COMPLETE,rank:pairwise
60,0.309090909090909,2026-02-25 15:26:37.964189,2026-02-25 15:26:40.723330,0 days 00:00:02.759141,0.534143671581084,0.348973353134979,1.6865557353112244,0.14633401773735955,3,14,662,0.26735028785002823,12.754417724193631,0.8237438362761813,COMPLETE,rank:ndcg
72,0.308381216737627,2026-02-25 15:23:37.203146,2026-02-25 15:23:38.588220,0 days 00:00:01.385074,0.6623984254984244,0.7812787070194254,0.8896835647577188,0.07438117765206208,4,20,347,19.794860806785856,7.129210929275508,0.8612543804679087,COMPLETE,rank:pairwise
59,0.3076923076923077,2026-02-25 15:23:16.181922,2026-02-25 15:23:17.753285,0 days 00:00:01.571363,0.5154845334766995,0.39190003043647126,4.453284317624013,0.13183594817097624,5,22,409,0.1540900717973015,3.5240218637926373,0.85145862151192,COMPLETE,rank:pairwise
56,0.30754563284582415,2026-02-25 15:26:26.971893,2026-02-25 15:26:29.844074,0 days 00:00:02.872181,0.5656164356980874,0.5214066861822721,2.9944546982484463,0.0794107691465679,2,6,684,0.6114501530092659,4.350869235975126,0.8542226822079717,COMPLETE,rank:ndcg
2,0.3062334880338601,2026-02-25 15:24:23.548138,2026-02-25 15:24:25.307626,0 days 00:00:01.759488,0.8271453738759066,0.3090013502209394,2.1117302922176107,0.057811516852322865,3,6,424,0.1327401182191293,38.8701928223375,0.7509180370731401,COMPLETE,rank:ndcg
7,0.30506817310517903,2026-02-25 15:24:33.191086,2026-02-25 15:24:33.977124,0 days 00:00:00.786038,0.8134758626117635,0.4398121531395366,1.1602501664761395,0.026847064579260626,5,17,110,0.8459615050689612,3.2844882593202507,0.7525949116867119,COMPLETE,rank:ndcg
34,0.3034508737879237,2026-02-25 15:22:41.059836,2026-02-25 15:22:41.864587,0 days 00:00:00.804751,0.4283739684098633,0.40168637541183655,2.912737242102645,0.06060615055972418,3,19,188,0.9732953467410375,10.648816617872289,0.6283456049035032,COMPLETE,rank:pairwise
23,0.3030724358610998,2026-02-25 15:24:59.171320,2026-02-25 15:25:00.926241,0 days 00:00:01.754921,0.8422606551182457,0.3093921652489193,2.822234210369772,0.022303605376925786,5,14,338,0.21202731747934464,1.0865418326985576,0.7908508364562932,COMPLETE,rank:ndcg
24,0.2995545813920181,2026-02-25 15:25:00.926948,2026-02-25 15:25:02.246766,0 days 00:00:01.319818,0.7062109633193033,0.20147161915550255,1.6389888349772663,0.030995579620544857,4,10,232,1.1061907958924306,2.0702754202190508,0.7126551112023628,COMPLETE,rank:ndcg
79,0.2978386827622988,2026-02-25 15:27:36.725954,2026-02-25 15:27:39.377719,0 days 00:00:02.651765,0.4814874159386717,0.4617893261304142,2.8364253166955464,0.04272280015994346,6,18,560,0.10314572346496058,2.163131411121925,0.8600725779639992,COMPLETE,rank:ndcg
34,0.2978162862173844,2026-02-25 15:25:23.659467,2026-02-25 15:25:27.684644,0 days 00:00:04.025177,0.642570519425876,0.4660206807385917,3.1813108352061104,0.09209056413229719,6,8,649,0.15822483384542638,13.883553218421282,0.8950224864809253,COMPLETE,rank:ndcg
16,0.2973575495301437,2026-02-25 15:24:47.086770,2026-02-25 15:24:49.629812,0 days 00:00:02.543042,0.5652655512379193,0.37903438120089206,2.737095242113025,0.01695770421443552,3,28,574,0.2677741361092379,4.724978235016183,0.7008273869407229,COMPLETE,rank:ndcg
45,0.29650077392383234,2026-02-25 15:22:54.698798,2026-02-25 15:22:55.934044,0 days 00:00:01.235246,0.47880849859088603,0.46816940958146536,3.839176610226449,0.024257824249885686,4,15,256,0.8107731965702923,34.56385708343769,0.7209840641342814,COMPLETE,rank:pairwise
25,0.28954967456936753,2026-02-25 15:22:28.754388,2026-02-25 15:22:30.255415,0 days 00:00:01.501027,0.5533200766346448,0.3573709343540116,2.9644475750556083,0.047951644224328266,4,6,378,0.5029251075396228,18.587031288348527,0.7147871155084041,COMPLETE,rank:pairwise
38,0.2879328431075676,2026-02-25 15:22:46.679238,2026-02-25 15:22:47.694118,0 days 00:00:01.014880,0.4367277717888738,0.43302708515031785,1.3701172673100785,0.030541776698269792,2,11,196,0.33405204179356657,29.465471729448062,0.6364191949412622,COMPLETE,rank:pairwise
46,0.28721585201872196,2026-02-25 15:26:00.040198,2026-02-25 15:26:02.471339,0 days 00:00:02.431141,0.45310423315581627,0.42547392866879097,3.2317265917605753,0.07911334499084899,5,10,583,0.2061151347480184,10.309269781782868,0.8610902771110264,COMPLETE,rank:ndcg
10,0.28543658960633017,2026-02-25 15:22:06.676329,2026-02-25 15:22:08.296825,0 days 00:00:01.620496,0.4089178031076592,0.7921523741057608,2.0565746071701927,0.010856846026234686,5,16,314,0.937889810467937,99.08390404030573,0.7368866791625723,COMPLETE,rank:pairwise
22,0.28405299707863507,2026-02-25 15:24:58.007113,2026-02-25 15:24:59.170841,0 days 00:00:01.163728,0.7803989203064291,0.24321904514051507,4.764511522020307,0.036025706057441285,5,9,247,0.5587910379358182,5.310124065423477,0.8946581560801092,COMPLETE,rank:ndcg
15,0.2831286198674198,2026-02-25 15:22:15.610475,2026-02-25 15:22:16.748792,0 days 00:00:01.138317,0.5243825374240031,0.3743095776257058,3.8642697988020536,0.06059617868170103,4,25,310,0.7589799236348794,130.93805792860672,0.6912572975794518,COMPLETE,rank:pairwise
26,0.28059989085351333,2026-02-25 15:25:03.813881,2026-02-25 15:25:05.218294,0 days 00:00:01.404413,0.843696291086894,0.24805452679301304,2.5652124580545475,0.04891015536840659,4,15,308,2.030441942434517,15.567341885157985,0.843179836466918,COMPLETE,rank:ndcg
27,0.27968684681511014,2026-02-25 15:25:05.218843,2026-02-25 15:25:06.390996,0 days 00:00:01.172153,0.6295495890539854,0.49354168319985753,3.6748173109661884,0.013649366304059612,4,25,209,0.2987454494139274,2.4852434161089008,0.7258392892705043,COMPLETE,rank:ndcg
50,0.27852222074750566,2026-02-25 15:26:09.509661,2026-02-25 15:26:12.525997,0 days 00:00:03.016336,0.5540556776762997,0.42734449464415286,1.730941279665241,0.07590621485768183,6,6,766,0.2610501633749262,25.24097256665836,0.5899851874741094,COMPLETE,rank:ndcg
49,0.2764395518599164,2026-02-25 15:26:07.537847,2026-02-25 15:26:09.508848,0 days 00:00:01.971001,0.4710881071111951,0.5698889977740915,2.581783156306921,0.10789766066025233,5,12,452,0.12305237698909992,90.71001471360361,0.8306527424532444,COMPLETE,rank:ndcg
47,0.27272727272727276,2026-02-25 15:26:02.472262,2026-02-25 15:26:04.813965,0 days 00:00:02.341703,0.5049132723285737,0.29140900653345847,0.6135864195959542,0.06409063517580674,6,6,518,9.969695874790373,35.11284345816679,0.665203839051506,COMPLETE,rank:ndcg
15,0.2706076410956353,2026-02-25 15:24:45.602604,2026-02-25 15:24:47.086233,0 days 00:00:01.483629,0.7421122075128248,0.26885296147666876,3.908839838249829,0.01761302712364893,4,13,279,0.7544322427477924,1.439877361217076,0.8180976862331034,COMPLETE,rank:ndcg
14,0.26593302690242704,2026-02-25 15:24:44.252374,2026-02-25 15:24:45.602054,0 days 00:00:01.349680,0.5917957467863735,0.26898658738446796,5.812929938332403,0.017139501793875696,5,19,286,0.373394832107907,3.8096449062350817,0.8631129532298044,COMPLETE,rank:ndcg
19,0.2611226813769237,2026-02-25 15:22:20.357806,2026-02-25 15:22:21.565584,0 days 00:00:01.207778,0.4759416797224585,0.4076015857738165,2.986605243582762,0.019685627322153433,3,22,238,2.0709104669939205,84.69634175398271,0.6601588830918065,COMPLETE,rank:pairwise
27,0.26055528829311336,2026-02-25 15:22:31.031168,2026-02-25 15:22:31.832369,0 days 00:00:00.801201,0.43926197054726773,0.43707456645703624,5.099413039660119,0.02209738472252853,3,28,168,1.9782333951112139,53.25095713560883,0.6539358398570363,COMPLETE,rank:pairwise
73,0.25991065977653405,2026-02-25 15:23:38.588806,2026-02-25 15:23:39.816625,0 days 00:00:01.227819,0.6199060450542185,0.4027959913251018,7.387623177950833,0.06555417676333235,4,23,326,0.16667076519353927,5.619763414431435,0.8840551444014144,COMPLETE,rank:pairwise
18,0.25514151306947264,2026-02-25 15:22:19.041853,2026-02-25 15:22:20.357272,0 days 00:00:01.315419,0.5589892565860515,0.31111160905100094,6.2596991569188525,0.04322162970209895,3,31,363,0.5771618833577371,21.120680388149534,0.736157502057472,COMPLETE,rank:pairwise
88,0.2542909073211594,2026-02-25 15:28:04.067202,2026-02-25 15:28:06.593929,0 days 00:00:02.526727,0.6155117101892978,0.31039165294265986,5.612751620506073,0.05410874006104169,3,13,626,0.10112257294747586,6.409686964508074,0.7987493843984245,COMPLETE,rank:ndcg
99,0.25198836766449473,2026-02-25 15:24:20.474438,2026-02-25 15:24:21.954484,0 days 00:00:01.480046,0.45797358715917447,0.5337000940738184,6.323196468741613,0.11211537275073974,4,26,431,0.2624520122627021,1.7805023265292816,0.8011682233110657,COMPLETE,rank:pairwise
3,0.25101696283182323,2026-02-25 15:24:25.308230,2026-02-25 15:24:26.192555,0 days 00:00:00.884325,0.5948165951026978,0.7739121854590536,8.406846791231484,0.011301402008136292,3,23,165,0.20195967334135828,9.99479954386344,0.6360443712781864,COMPLETE,rank:ndcg
16,0.25084389872546464,2026-02-25 15:22:16.749430,2026-02-25 15:22:17.314053,0 days 00:00:00.564623,0.5795531528742186,0.40492737108896726,6.1357584488326085,0.014372548793700098,4,22,103,0.10074059919232467,7.617675557690812,0.793772924176279,COMPLETE,rank:pairwise
25,0.24560661259154876,2026-02-25 15:25:02.247267,2026-02-25 15:25:03.813117,0 days 00:00:01.565850,0.7833525843816549,0.31050410939644946,6.584393264528332,0.08576762025376929,5,17,402,0.5689749293227774,6.552098294596601,0.7718315265459418,COMPLETE,rank:ndcg
49,0.24203120058654198,2026-02-25 15:22:58.728421,2026-02-25 15:23:00.213925,0 days 00:00:01.485504,0.49463384035953695,0.2790748851557371,3.409601929505723,0.04003652463726129,5,34,387,4.75567199010172,22.900455030097195,0.7006942920989851,COMPLETE,rank:pairwise
24,0.23575147107422809,2026-02-25 15:22:27.559816,2026-02-25 15:22:28.753786,0 days 00:00:01.193970,0.4662466218683141,0.3269086874900076,5.601336601043657,0.020045817557091453,4,12,289,1.3191114594650302,29.523757301867008,0.7314582535953144,COMPLETE,rank:pairwise
65,0.23565780703777384,2026-02-25 15:26:52.981276,2026-02-25 15:26:55.779766,0 days 00:00:02.798490,0.43409256651952466,0.36294010200887966,6.89440041742705,0.11266291509771045,2,10,634,0.11732860034381515,6.110360046380762,0.8014948961344338,COMPLETE,rank:ndcg
12,0.23003615487495457,2026-02-25 15:22:10.209975,2026-02-25 15:22:11.988562,0 days 00:00:01.778587,0.41250030179255204,0.4752484286594996,4.226578864327797,0.14156493870938242,6,17,531,1.30805734892941,47.96458719853078,0.5088068443582788,COMPLETE,rank:pairwise
13,0.22865100536332209,2026-02-25 15:22:11.989126,2026-02-25 15:22:13.840046,0 days 00:00:01.850920,0.5044805692546065,0.5571690074018663,4.613296079330707,0.1403335606119298,5,17,544,4.710113927858493,28.738596058641413,0.5845431546169122,COMPLETE,rank:pairwise
9,0.227920886107506,2026-02-25 15:22:04.365254,2026-02-25 15:22:06.675012,0 days 00:00:02.309758,0.6467948371402605,0.6955709228712506,8.96993423934135,0.02845468907538024,5,36,694,0.24927664410423278,2.1362910124083028,0.7687117949689246,COMPLETE,rank:pairwise
59,0.22366185130335506,2026-02-25 15:26:35.518898,2026-02-25 15:26:37.963274,0 days 00:00:02.444376,0.5044732429593991,0.4440924835604155,3.672048755770123,0.06266197963080086,2,7,607,4.64098360790973,9.486608963268274,0.7539659773154586,COMPLETE,rank:ndcg
26,0.22343214812017426,2026-02-25 15:22:30.256041,2026-02-25 15:22:31.030618,0 days 00:00:00.774577,0.5000868431267586,0.26624761926632834,3.4100056458956565,0.03464931285347112,3,20,159,0.8065557543899743,146.78724259370276,0.5845390562751015,COMPLETE,rank:pairwise
30,0.21869007506981172,2026-02-25 15:22:35.168129,2026-02-25 15:22:36.770234,0 days 00:00:01.602105,0.599911229323426,0.49497997141549066,7.269868933843998,0.06958368934881491,2,5,400,0.43208317513972255,6.549531367865126,0.7825817461368032,COMPLETE,rank:pairwise
20,0.21864410292562686,2026-02-25 15:24:54.647415,2026-02-25 15:24:56.655590,0 days 00:00:02.008175,0.5180489118398308,0.41029697627938533,9.04523310705189,0.013484048899124055,4,17,478,0.9166785271960105,2.267086014434982,0.8450519046866661,COMPLETE,rank:ndcg
83,0.21851825911902967,2026-02-25 15:23:52.719723,2026-02-25 15:23:53.801984,0 days 00:00:01.082261,0.4915050538094815,0.36497795555712964,8.589435353569339,0.1094714927330694,5,25,300,0.12028983501314938,4.012024490812849,0.8310794044148513,COMPLETE,rank:pairwise
76,0.21659906150742142,2026-02-25 15:27:27.659711,2026-02-25 15:27:31.083738,0 days 00:00:03.424027,0.6717486431356265,0.5449392778417566,8.376987658468183,0.07445332568822792,6,8,695,0.11351372713968774,3.87209069197068,0.7808736387118781,COMPLETE,rank:ndcg
37,0.21617261984190148,2026-02-25 15:25:34.022564,2026-02-25 15:25:37.436279,0 days 00:00:03.413715,0.6837425024924676,0.4510626033618406,4.476944976661267,0.09944373269101318,6,8,773,0.23310193183188604,11.207742241734488,0.5039562292902051,COMPLETE,rank:ndcg
17,0.2076028180335031,2026-02-25 15:24:49.630660,2026-02-25 15:24:51.351254,0 days 00:00:01.720594,0.7236476818894674,0.7945899229328628,5.218170977597082,0.03968030032604753,4,20,421,3.482549010822264,5.711864635643826,0.8189536505123763,COMPLETE,rank:ndcg
90,0.19976229742776133,2026-02-25 15:24:04.647643,2026-02-25 15:24:06.263899,0 days 00:00:01.616256,0.5202838218496417,0.3112356666133564,10.062896926945118,0.06170263794544685,4,13,459,0.18844587944188826,13.825908432011486,0.8800758672938872,COMPLETE,rank:pairwise
35,0.19336063723367858,2026-02-25 15:25:27.686637,2026-02-25 15:25:31.106198,0 days 00:00:03.419561,0.6121905996460562,0.5299017365604521,9.649521301154426,0.07263603061498498,6,7,713,0.1087560521328314,10.674797526745726,0.8681923148535402,COMPLETE,rank:ndcg
0,0.19319249514176529,2026-02-25 15:21:47.742310,2026-02-25 15:21:49.352739,0 days 00:00:01.610429,0.8904366924692999,0.4734122386061093,8.521756335939266,0.029697556663517435,3,6,432,0.17286847423635274,13.956753906028801,0.626008104542321,COMPLETE,rank:pairwise
8,0.1928374655647383,2026-02-25 15:24:33.977634,2026-02-25 15:24:35.378782,0 days 00:00:01.401148,0.40587072910004457,0.3603557669359207,6.679407755867645,0.11940971321301865,4,25,362,0.10952682461649066,8.929771317076222,0.641453881825391,COMPLETE,rank:ndcg
9,0.18183771962251227,2026-02-25 15:24:35.379316,2026-02-25 15:24:36.070916,0 days 00:00:00.691600,0.8597698461097779,0.5392840071394494,3.3120699645875704,0.029533184245850486,2,6,134,6.877585841618187,1.2777773961925278,0.5340102179926653,COMPLETE,rank:ndcg
45,0.18085282659829,2026-02-25 15:25:57.974125,2026-02-25 15:26:00.039279,0 days 00:00:02.065154,0.44076643702800455,0.3464403394519271,7.780073815883971,0.05669355701623024,5,11,506,0.2579718600837025,19.628864055841916,0.8356928012518337,COMPLETE,rank:ndcg
77,0.17520279278380352,2026-02-25 15:27:31.084780,2026-02-25 15:27:33.914804,0 days 00:00:02.830024,0.5985815554412135,0.36807296237663256,11.194966698469909,0.06025155968669095,6,25,610,0.1475097212198045,9.973661608884825,0.8848242483280236,COMPLETE,rank:ndcg
7,0.15999050546580976,2026-02-25 15:21:59.084944,2026-02-25 15:22:01.720509,0 days 00:00:02.635565,0.6717674629948402,0.22631554223904002,8.254423954121561,0.05349630723824127,6,29,774,0.12497242629412815,4.204257458470778,0.8426313872342925,COMPLETE,rank:pairwise
8,0.13054079946990044,2026-02-25 15:22:01.721233,2026-02-25 15:22:04.364647,0 days 00:00:02.643414,0.710681852675302,0.37893750269432,9.421184508988013,0.02611048962076621,6,8,737,4.505592853087444,2.993885025344656,0.8612368969676039,COMPLETE,rank:pairwise
40,0.13054079946990044,2026-02-25 15:22:48.773404,2026-02-25 15:22:49.663734,0 days 00:00:00.890330,0.5585121595665298,0.38029132046146297,10.558068870959673,0.05030631851212131,5,14,215,0.6712908612072005,3.864093669542369,0.6795242676441811,COMPLETE,rank:pairwise
48,0.0,2026-02-25 15:22:57.598969,2026-02-25 15:22:58.727877,0 days 00:00:01.128908,0.5337967428151005,0.596909875372355,13.451045843085343,0.11712933408924839,3,39,304,0.2791575880531214,45.70640606186904,0.7508701436864229,COMPLETE,rank:pairwise
43,0.0,2026-02-25 15:22:52.546593,2026-02-25 15:22:53.734112,0 days 00:00:01.187519,0.5001694569001606,0.2907427888627155,14.525377878700919,0.03121634158043609,4,11,319,2.933741389658517,11.816775928683313,0.7521443490937068,COMPLETE,rank:pairwise
39,0.0,2026-02-25 15:22:47.694705,2026-02-25 15:22:48.772924,0 days 00:00:01.078219,0.8945107467431743,0.3218222575104052,11.505857250771024,0.06360818318386399,4,8,284,1.070455713097254,6.04928722734059,0.5988269244988766,COMPLETE,rank:pairwise
3,0.0,2026-02-25 15:21:52.547612,2026-02-25 15:21:54.648017,0 days 00:00:02.100405,0.5825746872511924,0.2909560544803367,12.102422678102101,0.10925470129138427,4,39,642,0.3238081545664243,5.2700560522729,0.6935687788252611,COMPLETE,rank:pairwise
6,0.0,2026-02-25 15:21:57.022750,2026-02-25 15:21:59.084382,0 days 00:00:02.061632,0.8723415328895896,0.672839386459632,13.956211740583015,0.11017353309148158,2,10,617,0.28929529158918715,1.7034882446217328,0.6125080361931995,COMPLETE,rank:pairwise
4,0.0,2026-02-25 15:21:54.648683,2026-02-25 15:21:55.491354,0 days 00:00:00.842671,0.7920233384389843,0.23278625132747413,11.937358495315912,0.09029413479353403,2,25,238,15.419831652453414,1.2258484847414461,0.545318015232013,COMPLETE,rank:pairwise
1,0.0,2026-02-25 15:21:49.353334,2026-02-25 15:21:50.029085,0 days 00:00:00.675751,0.7026310557373233,0.3167041709203701,11.976430318450095,0.058389555672345286,3,9,171,0.3704399125722241,13.103988763446402,0.6253175346808306,COMPLETE,rank:pairwise
0,0.0,2026-02-25 15:24:21.962016,2026-02-25 15:24:22.709682,0 days 00:00:00.747666,0.6568693061061435,0.6235380793546996,7.867652541070428,0.06395450865853865,6,36,167,0.10484133952255212,9.57495999505802,0.5792233320347082,COMPLETE,rank:ndcg
6,0.0,2026-02-25 15:24:31.087852,2026-02-25 15:24:33.190451,0 days 00:00:02.102599,0.7592154791898253,0.5929552213323526,14.956367202399948,0.06784513131491175,6,12,551,1.458414439652799,60.79069430927721,0.6247143704453968,COMPLETE,rank:ndcg
5,0.0,2026-02-25 15:24:28.072320,2026-02-25 15:24:31.086916,0 days 00:00:03.014596,0.4409422962974866,0.43014595323159205,12.807475452770799,0.12066729592485022,6,37,795,1.4971991275809322,2.839047780862826,0.5510670752186362,COMPLETE,rank:ndcg
4,0.0,2026-02-25 15:24:26.193098,2026-02-25 15:24:28.071661,0 days 00:00:01.878563,0.6972325280059973,0.4907620321329024,12.944558699982139,0.010623027437125246,2,39,496,2.484107758675393,34.89625161849148,0.5666039843852467,COMPLETE,rank:ndcg
10,0.0,2026-02-25 15:24:36.071432,2026-02-25 15:24:38.620033,0 days 00:00:02.548601,0.8918168546339414,0.20282728585474002,4.132709759449235,0.05206048219671835,3,30,674,19.16336408113552,141.73920803508102,0.8779943469628859,COMPLETE,rank:ndcg
1,0.0,2026-02-25 15:24:22.710142,2026-02-25 15:24:23.547612,0 days 00:00:00.837470,0.6711775487470542,0.3341106844833597,10.41603172971129,0.1277918757290744,5,8,199,0.5599730443668158,58.56403990484692,0.5996726431568942,COMPLETE,rank:ndcg
36,0.0,2026-02-25 15:25:31.107402,2026-02-25 15:25:34.021261,0 days 00:00:02.913859,0.5416157166051286,0.3997408498369991,11.477963366843337,0.14745496455309032,6,7,605,0.10361378751656228,20.143052700661727,0.8971716790440714,COMPLETE,rank:ndcg
48,0.0,2026-02-25 15:26:04.814932,2026-02-25 15:26:07.536773,0 days 00:00:02.721841,0.4249754601864641,0.47213775243630796,14.699350158453305,0.055352935926273765,5,9,683,0.3174373493264395,2.7179521482702635,0.8780799465179416,COMPLETE,rank:ndcg
99,0.0,2026-02-25 15:28:39.276294,2026-02-25 15:28:42.335153,0 days 00:00:03.058859,0.6438579241457164,0.3761265611404536,13.036349194477879,0.11201016815477097,3,8,794,0.39390420881725874,3.5468563046378585,0.5637755443242429,COMPLETE,rank:ndcg
