TAUSO,OligoAI,random
2.0,1.2,1.0
1.4,1.8,1.0
2.4,1.8,1.8
1.0,1.0,1.0
1.0,1.2,1.0
5.0,1.8,1.0
2.6,1.6,1.4
1.8,1.4,1.0
1.4,2.8,1.0
4.0,2.0,1.0
1.8,2.6,1.2
1.0,2.0,1.4
1.6,1.2,1.8
2.2,2.4,1.6
4.6,2.4,1.0
1.0,1.0,1.8
3.4,2.2,1.4
5.4,1.8,1.2
1.8,1.2,1.4
4.2,2.8,2.6
3.8,1.2,1.0
5.6,4.8,1.0
8.8,2.2,1.0
4.2,3.4,1.0
2.6,1.6,1.0
4.0,3.2,1.0
2.4,7.6,1.0
9.6,1.8,1.0
4.4,1.4,1.4
3.6,1.2,1.2
5.6,1.8,2.2
2.2,3.0,1.4
5.8,4.0,1.2
2.6,2.6,1.0
10.4,3.6,2.0
1.4,4.8,1.2
4.2,3.4,1.2
5.6,6.2,1.0
5.6,7.6,1.6
9.0,7.2,1.8
7.2,7.4,1.2
6.8,3.2,1.4
10.2,3.4,1.2
2.8,3.6,1.6
4.2,3.2,2.6
12.4,2.8,1.0
2.6,1.8,1.0
3.4,2.8,1.2
5.2,9.4,1.2
4.2,4.2,1.4
4.2,2.4,1.0
4.4,5.2,1.0
3.0,3.8,1.2
6.4,5.2,1.2
3.6,1.8,1.0
3.0,2.0,1.2
2.6,1.4,1.0
2.4,2.2,1.0
2.8,2.2,1.4
3.8,4.4,1.0
3.4,4.0,1.0
4.8,1.8,1.0
4.0,7.8,1.0
2.8,2.2,1.0
3.8,2.6,1.0
4.2,3.0,1.0
3.6,2.6,1.4
2.0,2.6,1.4
9.4,4.0,1.0
4.4,1.4,1.0
6.0,2.6,1.0
1.4,5.4,1.2
12.0,4.4,1.0
3.2,2.6,2.2
5.2,3.8,1.0
3.6,3.6,1.4
6.8,3.2,1.8
5.0,2.8,1.0
3.2,1.4,1.2
14.2,6.6,1.2
6.2,4.2,1.4
6.0,5.0,1.2
3.0,2.2,1.4
3.2,2.8,1.6
1.6,2.6,1.0
2.4,1.8,1.0
8.6,2.2,1.0
4.0,1.6,1.4
1.8,1.2,1.0
4.4,2.8,1.2
6.2,2.6,1.0
2.6,1.8,2.6
4.0,2.8,1.2
7.6,5.0,1.0
4.8,5.0,1.0
2.4,5.2,1.0
2.8,3.2,1.0
6.6,3.2,1.0
4.0,3.2,1.0
6.4,3.6,1.2
1.4,2.0,1.2
4.8,3.4,1.8
2.6,5.0,1.2
2.4,1.6,1.0
10.0,2.4,1.4
4.8,1.8,1.4
4.4,2.0,2.0
3.4,1.6,1.0
3.2,2.6,1.0
8.4,3.0,1.0
3.2,4.2,1.0
13.4,2.6,1.6
2.8,1.6,1.0
5.4,2.8,1.4
7.8,2.2,1.0
6.4,3.0,2.0
3.4,1.0,1.0
4.0,2.2,1.0
4.2,3.0,1.0
5.4,1.2,1.0
4.2,6.0,1.0
7.0,2.2,2.2
4.2,2.0,1.0
5.0,2.2,2.2
8.2,1.2,1.0
11.8,2.8,1.0
4.8,1.8,1.0
6.4,1.8,1.2
4.0,1.2,2.0
3.6,1.4,1.0
10.2,1.2,1.0
2.0,1.2,2.0
2.8,1.6,1.0
7.8,2.8,1.0
4.8,1.6,1.2
5.4,1.2,1.8
6.2,1.6,1.4
2.0,1.0,1.0
4.8,1.6,1.0
9.6,3.8,2.6
1.4,1.6,1.0
7.0,1.8,1.0
3.6,1.6,1.6
6.2,1.0,1.2
4.6,1.6,1.4
2.6,3.2,1.0
3.0,2.2,1.2
2.4,2.4,1.0
4.8,1.8,1.0
3.4,2.6,2.0
5.4,1.2,1.0
2.2,1.6,2.8
4.2,3.2,1.4
9.2,3.4,2.2
2.6,1.6,1.0
3.2,1.8,1.2
6.4,2.0,2.2
1.8,1.2,1.0
2.8,2.2,1.0
4.4,4.6,1.8
8.2,4.0,1.0
14.2,5.6,1.0
4.2,1.8,1.2
4.0,1.6,1.4
7.0,1.2,1.0
2.8,1.6,1.0
6.8,2.6,1.8
2.6,1.0,1.0
3.4,2.0,1.0
3.6,4.4,1.0
6.2,3.6,1.0
3.6,3.4,1.2
3.4,2.2,1.2
3.2,3.6,1.0
3.6,1.4,1.2
4.4,2.0,1.0
2.8,2.8,1.0
3.2,2.0,1.4
4.2,4.8,1.4
3.4,3.6,1.4
4.4,1.4,1.0
2.4,1.2,1.4
9.2,2.6,1.2
2.2,1.6,1.2
1.0,1.6,1.4
1.2,1.6,1.0
3.2,1.2,1.6
3.0,1.8,1.4
2.8,1.2,1.0
2.8,1.6,1.0
3.2,2.0,1.0
7.2,1.2,1.4
4.6,1.4,1.4
4.4,1.2,1.4
2.4,2.6,2.2
1.6,1.2,1.2
2.0,1.4,1.6
3.4,1.4,1.4
3.4,2.2,1.0
4.8,1.6,1.2
2.6,1.8,1.0
12.6,1.2,1.2
9.8,2.0,1.4
3.4,1.8,1.0
4.2,2.0,1.2
2.0,2.8,1.4
7.4,1.4,1.0
9.2,3.0,1.2
5.6,2.8,1.0
5.0,2.6,1.8
10.6,2.4,1.0
5.2,2.6,1.2
3.2,2.2,1.0
6.6,2.0,1.2
2.2,1.0,1.0
5.4,6.2,1.2
4.2,2.2,1.2
2.6,1.8,1.0
3.0,4.0,1.0
7.4,3.0,1.2
6.0,3.6,1.0
1.4,1.2,1.2
3.6,3.2,1.0
2.4,3.4,1.4
5.0,2.6,1.0
2.8,3.4,1.0
1.6,1.6,1.0
2.8,2.4,1.6
6.8,5.8,1.0
3.0,2.0,1.2
4.2,2.0,1.2
3.2,3.8,1.4
3.6,1.4,1.0
3.0,2.0,1.8
2.6,1.6,1.0
7.0,5.4,2.0
4.8,1.4,1.0
5.0,3.0,1.2
3.4,3.2,1.0
4.4,2.8,1.6
4.6,1.8,1.4
4.8,1.4,1.0
10.2,4.8,1.4
