aso_name,chemistry,backbone,ps_pattern,aso_sequence,target_start,region,design_intent,rank,score,percentile,offtarget_0mm,offtarget_1mm,offtarget_2mm,tox_cpg_count,tox_gggg_count,tox_g4hunter_max,tox_3prime_g_fraction,gc_content,liabilities,idt_order_string
TAUSO-MED-670 #1,2'MOE 5-10-5 gapmer,full PS,*******************,GCCAACTTTAACAGGACTCA,2937,intron 1,predicted active,12,23.461,100.0,0,0,7,0,0,0.3,0.0,0.45,none flagged,/52MOErG/*/i2MOErC/*/i2MOErC/*/i2MOErA/*/i2MOErA/*/iMe-dC/*T*T*T*A*A*/iMe-dC/*A*G*G*/i2MOErA/*/i2MOErC/*/i2MOErT/*/i2MOErC/*/32MOErA/
TAUSO-MED-670 #2,2'MOE 5-10-5 gapmer,full PS,*******************,AGCCACTATTATGTACCTTG,70661,intron 4,predicted active,14,23.349,100.0,0,0,11,0,0,0.0,0.25,0.4,none flagged,/52MOErA/*/i2MOErG/*/i2MOErC/*/i2MOErC/*/i2MOErA/*/iMe-dC/*T*A*T*T*A*T*G*T*A*/i2MOErC/*/i2MOErC/*/i2MOErT/*/i2MOErT/*/32MOErG/
TAUSO-MED-670 #3,2'MOE 5-10-5 gapmer,full PS,*******************,GCACAGGTTTTTCTCTCAGT,390571,intron 27,predicted active,1,25.9277,100.0,0,1,31,0,0,0.3,0.25,0.45,none flagged,/52MOErG/*/i2MOErC/*/i2MOErA/*/i2MOErC/*/i2MOErA/*G*G*T*T*T*T*T*/iMe-dC/*T*/iMe-dC/*/i2MOErT/*/i2MOErC/*/i2MOErA/*/i2MOErG/*/32MOErT/
TAUSO-MED-670 #4,2'MOE 5-10-5 gapmer,full PS,*******************,GTTCATTCTCTGACAGTGGC,51873,exon 3,"predicted active, exonic",122,19.1608,99.98,0,0,6,0,0,0.4,0.5,0.5,none flagged,/52MOErG/*/i2MOErT/*/i2MOErT/*/i2MOErC/*/i2MOErA/*T*T*/iMe-dC/*T*/iMe-dC/*T*G*A*/iMe-dC/*A*/i2MOErG/*/i2MOErT/*/i2MOErG/*/i2MOErG/*/32MOErC/
TAUSO-MED-670 #5,2'MOE 5-10-5 gapmer,5 PO,*ddd***********dd**,GGTCATTTTTTGGAACAATA,333138,intron 24,predicted active,41,21.8839,99.99,0,0,32,0,0,0.4,0.0,0.3,none flagged,/52MOErG/*/i2MOErG//i2MOErT//i2MOErC//i2MOErA/*T*T*T*T*T*T*G*G*A*A*/i2MOErC//i2MOErA//i2MOErA/*/i2MOErT/*/32MOErA/
TAUSO-MED-670 #6,2'MOE 5-10-5 gapmer,5 PO,*ddd***********dd**,GTTCAATATTAGGCTTTCCA,84661,intron 4,predicted active,31,22.4121,99.99,0,1,13,0,0,0.3,0.0,0.35,none flagged,/52MOErG/*/i2MOErT//i2MOErT//i2MOErC//i2MOErA/*A*T*A*T*T*A*G*G*/iMe-dC/*T*/i2MOErT//i2MOErT//i2MOErC/*/i2MOErC/*/32MOErA/
TAUSO-MED-670 #7,2'MOE 5-10-5 gapmer,5 PO,*ddd***********dd**,GGCAATTAGTATCAGTATCA,71602,intron 4,predicted active,3,25.4763,100.0,0,0,6,0,0,0.4,0.0,0.35,none flagged,/52MOErG/*/i2MOErG//i2MOErC//i2MOErA//i2MOErA/*T*T*A*G*T*A*T*/iMe-dC/*A*G*/i2MOErT//i2MOErA//i2MOErT/*/i2MOErC/*/32MOErA/
TAUSO-MED-670 #8,2'MOE 5-10-5 gapmer,5 PO,*ddd***********dd**,TGGCAATTTTATCTCAGAGT,498107,exon 28,"predicted active, exonic",20,23.2562,100.0,0,0,35,0,0,0.3,0.5,0.35,none flagged,/52MOErT/*/i2MOErG//i2MOErG//i2MOErC//i2MOErA/*A*T*T*T*T*A*T*/iMe-dC/*T*/iMe-dC/*/i2MOErA//i2MOErG//i2MOErA/*/i2MOErG/*/32MOErT/
TAUSO-MED-670 #9,2'MOE 5-10-5 gapmer,full PS,*******************,CCTAAGAAAGCTTCAGAAAC,9945,intron 1,low predicted,370326,-22.0668,24.32,0,1,29,0,0,0.1,0.0,0.4,none flagged,/52MOErC/*/i2MOErC/*/i2MOErT/*/i2MOErA/*/i2MOErA/*G*A*A*A*G*/iMe-dC/*T*T*/iMe-dC/*A*/i2MOErG/*/i2MOErA/*/i2MOErA/*/i2MOErA/*/32MOErC/
TAUSO-MED-670 #10,2'MOE 5-10-5 gapmer,full PS,*******************,GAAAAGAGCTCAGGAAGATT,247680,exon 19,"low predicted, exonic",341837,-19.0081,30.14,0,0,43,0,0,0.4,0.25,0.4,none flagged,/52MOErG/*/i2MOErA/*/i2MOErA/*/i2MOErA/*/i2MOErA/*G*A*G*/iMe-dC/*T*/iMe-dC/*A*G*G*A*/i2MOErA/*/i2MOErG/*/i2MOErA/*/i2MOErT/*/32MOErT/
TAUSO-MED-670 #11,2'MOE 5-10-5 gapmer,full PS,*******************,GAGGTACAAGTAGGCACATC,128095,intron 5,mid-high predicted,25181,5.257,94.85,0,0,6,0,0,0.5,0.0,0.5,none flagged,/52MOErG/*/i2MOErA/*/i2MOErG/*/i2MOErG/*/i2MOErT/*A*/iMe-dC/*A*A*G*T*A*G*G*/iMe-dC/*/i2MOErA/*/i2MOErC/*/i2MOErA/*/i2MOErT/*/32MOErC/
TAUSO-MED-670 #12,2'MOE 5-10-5 gapmer,full PS,*******************,TAGACTAGCCTATAAGGAGA,86006,intron 4,mid predicted,119900,-3.6244,75.5,0,1,7,0,0,0.5,0.5,0.4,none flagged,/52MOErT/*/i2MOErA/*/i2MOErG/*/i2MOErA/*/i2MOErC/*T*A*G*/iMe-dC/*/iMe-dC/*T*A*T*A*A*/i2MOErG/*/i2MOErG/*/i2MOErA/*/i2MOErG/*/32MOErA/
