backbone,rank,seq,start,region,score,idt,liab
full PS,1,GCACAGGTTTTTCTCTCAGT,390571,intron,25.9277,/52MOErG/*/i2MOErC/*/i2MOErA/*/i2MOErC/*/i2MOErA/*G*G*T*T*T*T*T*/iMe-dC/*T*/iMe-dC/*/i2MOErT/*/i2MOErC/*/i2MOErA/*/i2MOErG/*/32MOErT/,none flagged
full PS,3,TGCAGCATTATGGATCTCAC,11743,intron,24.844234,/52MOErT/*/i2MOErG/*/i2MOErC/*/i2MOErA/*/i2MOErG/*/iMe-dC/*A*T*T*A*T*G*G*A*T*/i2MOErC/*/i2MOErT/*/i2MOErC/*/i2MOErA/*/32MOErC/,none flagged
full PS,12,GCCAACTTTAACAGGACTCA,2937,intron,23.461044,/52MOErG/*/i2MOErC/*/i2MOErC/*/i2MOErA/*/i2MOErA/*/iMe-dC/*T*T*T*A*A*/iMe-dC/*A*G*G*/i2MOErA/*/i2MOErC/*/i2MOErT/*/i2MOErC/*/32MOErA/,none flagged
full PS,14,AGCCACTATTATGTACCTTG,70661,intron,23.349024,/52MOErA/*/i2MOErG/*/i2MOErC/*/i2MOErC/*/i2MOErA/*/iMe-dC/*T*A*T*T*A*T*G*T*A*/i2MOErC/*/i2MOErC/*/i2MOErT/*/i2MOErT/*/32MOErG/,none flagged
5 PO,1,GGCAAATATTTCCATAGAGG,9669,intron,26.951838,/52MOErG/*/i2MOErG//i2MOErC//i2MOErA//i2MOErA/*A*T*A*T*T*T*/iMe-dC/*/iMe-dC/*A*T*/i2MOErA//i2MOErG//i2MOErA/*/i2MOErG/*/32MOErG/,none flagged
5 PO,2,GCACAGGTTTTTCTCTCAGT,390571,intron,26.640409,/52MOErG/*/i2MOErC//i2MOErA//i2MOErC//i2MOErA/*G*G*T*T*T*T*T*/iMe-dC/*T*/iMe-dC/*/i2MOErT//i2MOErC//i2MOErA/*/i2MOErG/*/32MOErT/,none flagged
5 PO,4,GGCACAGGTTTTTCTCTCAG,390572,intron,25.432474,/52MOErG/*/i2MOErG//i2MOErC//i2MOErA//i2MOErC/*A*G*G*T*T*T*T*T*/iMe-dC/*T*/i2MOErC//i2MOErT//i2MOErC/*/i2MOErA/*/32MOErG/,none flagged
5 PO,14,AGCCACTATTATGTACCTTG,70661,intron,23.975285,/52MOErA/*/i2MOErG//i2MOErC//i2MOErC//i2MOErA/*/iMe-dC/*T*A*T*T*A*T*G*T*A*/i2MOErC//i2MOErC//i2MOErT/*/i2MOErT/*/32MOErG/,none flagged
6 PO,1,GCACAGGTTTTTCTCTCAGT,390571,intron,26.650827,/52MOErG/*/i2MOErC//i2MOErA//i2MOErC//i2MOErA/G*G*T*T*T*T*T*/iMe-dC/*T*/iMe-dC/*/i2MOErT//i2MOErC//i2MOErA/*/i2MOErG/*/32MOErT/,none flagged
6 PO,2,GGCAAATATTTCCATAGAGG,9669,intron,26.461861,/52MOErG/*/i2MOErG//i2MOErC//i2MOErA//i2MOErA/A*T*A*T*T*T*/iMe-dC/*/iMe-dC/*A*T*/i2MOErA//i2MOErG//i2MOErA/*/i2MOErG/*/32MOErG/,none flagged
6 PO,6,GGCACAGGTTTTTCTCTCAG,390572,intron,25.23177,/52MOErG/*/i2MOErG//i2MOErC//i2MOErA//i2MOErC/A*G*G*T*T*T*T*T*/iMe-dC/*T*/i2MOErC//i2MOErT//i2MOErC/*/i2MOErA/*/32MOErG/,none flagged
6 PO,16,AGCCACTATTATGTACCTTG,70661,intron,23.988544,/52MOErA/*/i2MOErG//i2MOErC//i2MOErC//i2MOErA//iMe-dC/*T*A*T*T*A*T*G*T*A*/i2MOErC//i2MOErC//i2MOErT/*/i2MOErT/*/32MOErG/,none flagged
