state,level,obs,stat,cell,value
D:D,pair,Buckle,mean,AA,6.779806
D:D,pair,Buckle,mean,AC,3.352414
D:D,pair,Buckle,mean,AG,9.227413
D:D,pair,Buckle,mean,AT,-2.786381
D:D,pair,Buckle,mean,CA,4.601880
D:D,pair,Buckle,mean,CC,2.614834
D:D,pair,Buckle,mean,CG,1.288656
D:D,pair,Buckle,mean,CT,-2.222398
D:D,pair,Buckle,mean,GA,1.069654
D:D,pair,Buckle,mean,GC,-3.504809
D:D,pair,Buckle,mean,GG,2.572807
D:D,pair,Buckle,mean,GT,-6.983428
D:D,pair,Buckle,mean,TA,0.562750
D:D,pair,Buckle,mean,TC,-3.493557
D:D,pair,Buckle,mean,TG,-3.414865
D:D,pair,Buckle,mean,TT,-5.925059
D:E,pair,Buckle,mean,AA,14.190369
D:E,pair,Buckle,mean,AC,17.767682
D:E,pair,Buckle,mean,AG,14.550396
D:E,pair,Buckle,mean,AT,11.568739
D:E,pair,Buckle,mean,CA,16.352194
D:E,pair,Buckle,mean,CC,14.483788
D:E,pair,Buckle,mean,CG,17.014796
D:E,pair,Buckle,mean,CT,7.218947
D:E,pair,Buckle,mean,GA,12.399557
D:E,pair,Buckle,mean,GC,14.174752
D:E,pair,Buckle,mean,GG,10.806200
D:E,pair,Buckle,mean,GT,10.924232
D:E,pair,Buckle,mean,TA,13.287112
D:E,pair,Buckle,mean,TC,15.420617
D:E,pair,Buckle,mean,TG,14.443606
D:E,pair,Buckle,mean,TT,10.263322
D:M,pair,Buckle,mean,AA,5.610130
D:M,pair,Buckle,mean,AC,11.911180
D:M,pair,Buckle,mean,AG,7.913331
D:M,pair,Buckle,mean,AT,6.563198
D:M,pair,Buckle,mean,CA,11.105330
D:M,pair,Buckle,mean,CC,13.163392
D:M,pair,Buckle,mean,CG,12.338050
D:M,pair,Buckle,mean,CT,4.729889
D:M,pair,Buckle,mean,GA,4.487393
D:M,pair,Buckle,mean,GC,9.177607
D:M,pair,Buckle,mean,GG,5.824310
D:M,pair,Buckle,mean,GT,3.451134
D:M,pair,Buckle,mean,TA,9.037438
D:M,pair,Buckle,mean,TC,14.046931
D:M,pair,Buckle,mean,TG,10.172695
D:M,pair,Buckle,mean,TT,5.355767
E:E,pair,Buckle,mean,AA,1.228800
E:E,pair,Buckle,mean,AC,1.103415
E:E,pair,Buckle,mean,AG,1.744737
E:E,pair,Buckle,mean,AT,-0.609937
E:E,pair,Buckle,mean,CA,-1.564175
E:E,pair,Buckle,mean,CC,-1.520293
E:E,pair,Buckle,mean,CG,-1.005006
E:E,pair,Buckle,mean,CT,-4.007203
E:E,pair,Buckle,mean,GA,2.601972
E:E,pair,Buckle,mean,GC,1.731983
E:E,pair,Buckle,mean,GG,3.249514
E:E,pair,Buckle,mean,GT,0.366973
E:E,pair,Buckle,mean,TA,-0.770167
E:E,pair,Buckle,mean,TC,-0.150303
E:E,pair,Buckle,mean,TG,0.380643
E:E,pair,Buckle,mean,TT,-3.000139
M:M,pair,Buckle,mean,AA,-3.190606
M:M,pair,Buckle,mean,AC,-0.336820
M:M,pair,Buckle,mean,AG,-1.823964
M:M,pair,Buckle,mean,AT,-3.875219
M:M,pair,Buckle,mean,CA,1.465501
M:M,pair,Buckle,mean,CC,2.802869
M:M,pair,Buckle,mean,CG,2.597231
M:M,pair,Buckle,mean,CT,-2.916493
M:M,pair,Buckle,mean,GA,-1.957641
M:M,pair,Buckle,mean,GC,-0.064460
M:M,pair,Buckle,mean,GG,-0.250881
M:M,pair,Buckle,mean,GT,-2.213650
M:M,pair,Buckle,mean,TA,0.763105
M:M,pair,Buckle,mean,TC,4.650442
M:M,pair,Buckle,mean,TG,3.569753
M:M,pair,Buckle,mean,TT,-0.852643
D:D,pair,Propeller,mean,AA,-15.117778
D:D,pair,Propeller,mean,AC,-13.725719
D:D,pair,Propeller,mean,AG,-15.331429
D:D,pair,Propeller,mean,AT,-13.979588
D:D,pair,Propeller,mean,CA,-8.351308
D:D,pair,Propeller,mean,CC,-12.473977
D:D,pair,Propeller,mean,CG,-9.410169
D:D,pair,Propeller,mean,CT,-11.685683
D:D,pair,Propeller,mean,GA,-11.388058
D:D,pair,Propeller,mean,GC,-8.703451
D:D,pair,Propeller,mean,GG,-10.173029
D:D,pair,Propeller,mean,GT,-13.337185
D:D,pair,Propeller,mean,TA,-13.523347
D:D,pair,Propeller,mean,TC,-14.815684
D:D,pair,Propeller,mean,TG,-12.271528
D:D,pair,Propeller,mean,TT,-17.199426
D:E,pair,Propeller,mean,AA,-12.968102
D:E,pair,Propeller,mean,AC,-9.137995
D:E,pair,Propeller,mean,AG,-12.812459
D:E,pair,Propeller,mean,AT,-8.490887
D:E,pair,Propeller,mean,CA,-14.916526
D:E,pair,Propeller,mean,CC,-10.771389
D:E,pair,Propeller,mean,CG,-11.990437
D:E,pair,Propeller,mean,CT,-7.822908
D:E,pair,Propeller,mean,GA,-8.331006
D:E,pair,Propeller,mean,GC,-5.010495
D:E,pair,Propeller,mean,GG,-7.595279
D:E,pair,Propeller,mean,GT,-4.049813
D:E,pair,Propeller,mean,TA,-16.458808
D:E,pair,Propeller,mean,TC,-13.722499
D:E,pair,Propeller,mean,TG,-16.169415
D:E,pair,Propeller,mean,TT,-10.025948
D:M,pair,Propeller,mean,AA,-10.646798
D:M,pair,Propeller,mean,AC,-7.661920
D:M,pair,Propeller,mean,AG,-8.639399
D:M,pair,Propeller,mean,AT,-7.650614
D:M,pair,Propeller,mean,CA,-10.676721
D:M,pair,Propeller,mean,CC,-8.249586
D:M,pair,Propeller,mean,CG,-8.626062
D:M,pair,Propeller,mean,CT,-6.044422
D:M,pair,Propeller,mean,GA,-6.974706
D:M,pair,Propeller,mean,GC,-3.286269
D:M,pair,Propeller,mean,GG,-3.838896
D:M,pair,Propeller,mean,GT,-4.139478
D:M,pair,Propeller,mean,TA,-14.676268
D:M,pair,Propeller,mean,TC,-9.011652
D:M,pair,Propeller,mean,TG,-11.968434
D:M,pair,Propeller,mean,TT,-7.694375
E:E,pair,Propeller,mean,AA,-15.810078
E:E,pair,Propeller,mean,AC,-11.211297
E:E,pair,Propeller,mean,AG,-13.625385
E:E,pair,Propeller,mean,AT,-11.731862
E:E,pair,Propeller,mean,CA,-8.703805
E:E,pair,Propeller,mean,CC,-8.472782
E:E,pair,Propeller,mean,CG,-8.215011
E:E,pair,Propeller,mean,CT,-7.541776
E:E,pair,Propeller,mean,GA,-10.310682
E:E,pair,Propeller,mean,GC,-7.685023
E:E,pair,Propeller,mean,GG,-8.056010
E:E,pair,Propeller,mean,GT,-8.578179
E:E,pair,Propeller,mean,TA,-14.603566
E:E,pair,Propeller,mean,TC,-13.008645
E:E,pair,Propeller,mean,TG,-12.678632
E:E,pair,Propeller,mean,TT,-12.260288
M:M,pair,Propeller,mean,AA,-8.391488
M:M,pair,Propeller,mean,AC,-3.197158
M:M,pair,Propeller,mean,AG,-6.381105
M:M,pair,Propeller,mean,AT,-3.144917
M:M,pair,Propeller,mean,CA,-3.962852
M:M,pair,Propeller,mean,CC,-2.450196
M:M,pair,Propeller,mean,CG,-1.246464
M:M,pair,Propeller,mean,CT,-1.122606
M:M,pair,Propeller,mean,GA,-6.735829
M:M,pair,Propeller,mean,GC,-1.032273
M:M,pair,Propeller,mean,GG,-3.208030
M:M,pair,Propeller,mean,GT,0.573000
M:M,pair,Propeller,mean,TA,-9.271227
M:M,pair,Propeller,mean,TC,-3.930413
M:M,pair,Propeller,mean,TG,-6.176932
M:M,pair,Propeller,mean,TT,-3.729131
D:D,step,Rise,mean,AA,3.238688
D:D,step,Rise,mean,AC,3.265945
D:D,step,Rise,mean,AG,3.425272
D:D,step,Rise,mean,AT,3.182658
D:D,step,Rise,mean,CA,3.301662
D:D,step,Rise,mean,CC,3.393865
D:D,step,Rise,mean,CG,3.453362
D:D,step,Rise,mean,CT,3.359486
D:D,step,Rise,mean,GA,3.288444
D:D,step,Rise,mean,GC,3.211137
D:D,step,Rise,mean,GG,3.481228
D:D,step,Rise,mean,GT,3.224515
D:D,step,Rise,mean,TA,3.227253
D:D,step,Rise,mean,TC,3.252850
D:D,step,Rise,mean,TG,3.275275
D:D,step,Rise,mean,TT,3.280508
D:E,step,Rise,mean,AA,3.173298
D:E,step,Rise,mean,AC,3.377203
D:E,step,Rise,mean,AG,3.201671
D:E,step,Rise,mean,AT,3.286349
D:E,step,Rise,mean,CA,3.280488
D:E,step,Rise,mean,CC,3.406567
D:E,step,Rise,mean,CG,3.427106
D:E,step,Rise,mean,CT,3.259422
D:E,step,Rise,mean,GA,3.230042
D:E,step,Rise,mean,GC,3.359044
D:E,step,Rise,mean,GG,3.208539
D:E,step,Rise,mean,GT,3.303855
D:E,step,Rise,mean,TA,3.217134
D:E,step,Rise,mean,TC,3.338248
D:E,step,Rise,mean,TG,3.259382
D:E,step,Rise,mean,TT,3.239196
D:M,step,Rise,mean,AA,3.263241
D:M,step,Rise,mean,AC,3.379592
D:M,step,Rise,mean,AG,3.315765
D:M,step,Rise,mean,AT,3.286203
D:M,step,Rise,mean,CA,3.313839
D:M,step,Rise,mean,CC,3.472068
D:M,step,Rise,mean,CG,3.529594
D:M,step,Rise,mean,CT,3.284329
D:M,step,Rise,mean,GA,3.332823
D:M,step,Rise,mean,GC,3.371385
D:M,step,Rise,mean,GG,3.402672
D:M,step,Rise,mean,GT,3.301769
D:M,step,Rise,mean,TA,3.288961
D:M,step,Rise,mean,TC,3.379689
D:M,step,Rise,mean,TG,3.364284
D:M,step,Rise,mean,TT,3.222465
E:E,step,Rise,mean,AA,3.137897
E:E,step,Rise,mean,AC,3.275439
E:E,step,Rise,mean,AG,3.126508
E:E,step,Rise,mean,AT,3.157820
E:E,step,Rise,mean,CA,3.012368
E:E,step,Rise,mean,CC,3.164120
E:E,step,Rise,mean,CG,3.024318
E:E,step,Rise,mean,CT,3.132189
E:E,step,Rise,mean,GA,3.124425
E:E,step,Rise,mean,GC,3.306731
E:E,step,Rise,mean,GG,3.185157
E:E,step,Rise,mean,GT,3.264043
E:E,step,Rise,mean,TA,2.964538
E:E,step,Rise,mean,TC,3.194887
E:E,step,Rise,mean,TG,3.026103
E:E,step,Rise,mean,TT,3.141560
M:M,step,Rise,mean,AA,3.275666
M:M,step,Rise,mean,AC,3.328084
M:M,step,Rise,mean,AG,3.247924
M:M,step,Rise,mean,AT,3.270805
M:M,step,Rise,mean,CA,3.393042
M:M,step,Rise,mean,CC,3.324782
M:M,step,Rise,mean,CG,3.534959
M:M,step,Rise,mean,CT,3.259332
M:M,step,Rise,mean,GA,3.347788
M:M,step,Rise,mean,GC,3.362038
M:M,step,Rise,mean,GG,3.336388
M:M,step,Rise,mean,GT,3.323353
M:M,step,Rise,mean,TA,3.252345
M:M,step,Rise,mean,TC,3.341737
M:M,step,Rise,mean,TG,3.423737
M:M,step,Rise,mean,TT,3.262414
D:D,step,Roll,mean,AA,5.441226
D:D,step,Roll,mean,AC,2.213108
D:D,step,Roll,mean,AG,5.962908
D:D,step,Roll,mean,AT,0.900769
D:D,step,Roll,mean,CA,11.193882
D:D,step,Roll,mean,CC,6.457762
D:D,step,Roll,mean,CG,9.238156
D:D,step,Roll,mean,CT,5.666019
D:D,step,Roll,mean,GA,6.028847
D:D,step,Roll,mean,GC,2.082979
D:D,step,Roll,mean,GG,6.469849
D:D,step,Roll,mean,GT,0.967414
D:D,step,Roll,mean,TA,11.085399
D:D,step,Roll,mean,TC,5.813164
D:D,step,Roll,mean,TG,10.772933
D:D,step,Roll,mean,TT,4.177318
D:E,step,Roll,mean,AA,7.499769
D:E,step,Roll,mean,AC,5.558956
D:E,step,Roll,mean,AG,7.604858
D:E,step,Roll,mean,AT,2.031305
D:E,step,Roll,mean,CA,14.368206
D:E,step,Roll,mean,CC,9.768657
D:E,step,Roll,mean,CG,11.318470
D:E,step,Roll,mean,CT,5.292353
D:E,step,Roll,mean,GA,9.242552
D:E,step,Roll,mean,GC,5.203872
D:E,step,Roll,mean,GG,7.816123
D:E,step,Roll,mean,GT,3.510742
D:E,step,Roll,mean,TA,14.675517
D:E,step,Roll,mean,TC,10.413604
D:E,step,Roll,mean,TG,11.912335
D:E,step,Roll,mean,TT,5.433409
D:M,step,Roll,mean,AA,7.817525
D:M,step,Roll,mean,AC,6.429692
D:M,step,Roll,mean,AG,6.657621
D:M,step,Roll,mean,AT,2.205912
D:M,step,Roll,mean,CA,15.697310
D:M,step,Roll,mean,CC,10.951000
D:M,step,Roll,mean,CG,11.148039
D:M,step,Roll,mean,CT,5.731773
D:M,step,Roll,mean,GA,12.747450
D:M,step,Roll,mean,GC,7.510071
D:M,step,Roll,mean,GG,10.055726
D:M,step,Roll,mean,GT,4.805310
D:M,step,Roll,mean,TA,18.643908
D:M,step,Roll,mean,TC,11.610074
D:M,step,Roll,mean,TG,14.951034
D:M,step,Roll,mean,TT,6.078896
E:E,step,Roll,mean,AA,6.309448
E:E,step,Roll,mean,AC,4.950673
E:E,step,Roll,mean,AG,6.069765
E:E,step,Roll,mean,AT,2.736988
E:E,step,Roll,mean,CA,9.817959
E:E,step,Roll,mean,CC,7.137038
E:E,step,Roll,mean,CG,8.036556
E:E,step,Roll,mean,CT,5.480911
E:E,step,Roll,mean,GA,9.457099
E:E,step,Roll,mean,GC,5.766572
E:E,step,Roll,mean,GG,7.706992
E:E,step,Roll,mean,GT,4.163509
E:E,step,Roll,mean,TA,12.077647
E:E,step,Roll,mean,TC,9.524342
E:E,step,Roll,mean,TG,9.844419
E:E,step,Roll,mean,TT,6.369470
M:M,step,Roll,mean,AA,9.232589
M:M,step,Roll,mean,AC,7.567155
M:M,step,Roll,mean,AG,5.856608
M:M,step,Roll,mean,AT,2.663868
M:M,step,Roll,mean,CA,10.794808
M:M,step,Roll,mean,CC,10.425515
M:M,step,Roll,mean,CG,6.688469
M:M,step,Roll,mean,CT,5.918196
M:M,step,Roll,mean,GA,15.300544
M:M,step,Roll,mean,GC,10.165638
M:M,step,Roll,mean,GG,11.765208
M:M,step,Roll,mean,GT,7.406613
M:M,step,Roll,mean,TA,15.162716
M:M,step,Roll,mean,TC,14.734658
M:M,step,Roll,mean,TG,11.065060
M:M,step,Roll,mean,TT,9.014700
D:D,step,Shift,mean,AA,-0.191381
D:D,step,Shift,mean,AC,0.155424
D:D,step,Shift,mean,AG,-0.515560
D:D,step,Shift,mean,AT,-0.088225
D:D,step,Shift,mean,CA,-0.156375
D:D,step,Shift,mean,CC,0.249933
D:D,step,Shift,mean,CG,0.112394
D:D,step,Shift,mean,CT,0.310535
D:D,step,Shift,mean,GA,-0.148646
D:D,step,Shift,mean,GC,-0.035649
D:D,step,Shift,mean,GG,-0.134238
D:D,step,Shift,mean,GT,-0.257121
D:D,step,Shift,mean,TA,0.152924
D:D,step,Shift,mean,TC,0.269638
D:D,step,Shift,mean,TG,0.219817
D:D,step,Shift,mean,TT,0.263913
D:E,step,Shift,mean,AA,-0.718418
D:E,step,Shift,mean,AC,-0.446456
D:E,step,Shift,mean,AG,-0.817209
D:E,step,Shift,mean,AT,-0.512647
D:E,step,Shift,mean,CA,-0.753133
D:E,step,Shift,mean,CC,-0.618199
D:E,step,Shift,mean,CG,-1.034102
D:E,step,Shift,mean,CT,-0.342532
D:E,step,Shift,mean,GA,-0.701532
D:E,step,Shift,mean,GC,-0.429287
D:E,step,Shift,mean,GG,-0.514415
D:E,step,Shift,mean,GT,-0.637503
D:E,step,Shift,mean,TA,-0.355268
D:E,step,Shift,mean,TC,-0.540954
D:E,step,Shift,mean,TG,-0.719415
D:E,step,Shift,mean,TT,-0.287462
D:M,step,Shift,mean,AA,-0.183005
D:M,step,Shift,mean,AC,0.166167
D:M,step,Shift,mean,AG,0.141295
D:M,step,Shift,mean,AT,0.387100
D:M,step,Shift,mean,CA,-0.521467
D:M,step,Shift,mean,CC,-0.141364
D:M,step,Shift,mean,CG,0.092547
D:M,step,Shift,mean,CT,0.194954
D:M,step,Shift,mean,GA,-0.168305
D:M,step,Shift,mean,GC,-0.018011
D:M,step,Shift,mean,GG,0.217830
D:M,step,Shift,mean,GT,0.098235
D:M,step,Shift,mean,TA,-0.166637
D:M,step,Shift,mean,TC,0.097401
D:M,step,Shift,mean,TG,0.036838
D:M,step,Shift,mean,TT,0.068776
E:E,step,Shift,mean,AA,-0.333318
E:E,step,Shift,mean,AC,0.011675
E:E,step,Shift,mean,AG,-0.237067
E:E,step,Shift,mean,AT,0.002416
E:E,step,Shift,mean,CA,0.034972
E:E,step,Shift,mean,CC,-0.012284
E:E,step,Shift,mean,CG,0.124765
E:E,step,Shift,mean,CT,0.153831
E:E,step,Shift,mean,GA,-0.268361
E:E,step,Shift,mean,GC,0.036662
E:E,step,Shift,mean,GG,-0.047559
E:E,step,Shift,mean,GT,0.047605
E:E,step,Shift,mean,TA,0.025037
E:E,step,Shift,mean,TC,0.259178
E:E,step,Shift,mean,TG,-0.013929
E:E,step,Shift,mean,TT,0.362756
M:M,step,Shift,mean,AA,-0.272432
M:M,step,Shift,mean,AC,-0.111097
M:M,step,Shift,mean,AG,0.070729
M:M,step,Shift,mean,AT,-0.004426
M:M,step,Shift,mean,CA,-0.232497
M:M,step,Shift,mean,CC,-0.089502
M:M,step,Shift,mean,CG,-0.099121
M:M,step,Shift,mean,CT,0.006825
M:M,step,Shift,mean,GA,-0.312617
M:M,step,Shift,mean,GC,-0.022971
M:M,step,Shift,mean,GG,0.105315
M:M,step,Shift,mean,GT,0.062955
M:M,step,Shift,mean,TA,-0.004134
M:M,step,Shift,mean,TC,0.350613
M:M,step,Shift,mean,TG,0.234218
M:M,step,Shift,mean,TT,0.333022
D:D,step,Slide,mean,AA,-0.054744
D:D,step,Slide,mean,AC,-0.442968
D:D,step,Slide,mean,AG,-0.462355
D:D,step,Slide,mean,AT,-0.731678
D:D,step,Slide,mean,CA,0.011235
D:D,step,Slide,mean,CC,-0.269800
D:D,step,Slide,mean,CG,0.311364
D:D,step,Slide,mean,CT,-0.441849
D:D,step,Slide,mean,GA,0.068576
D:D,step,Slide,mean,GC,-0.188306
D:D,step,Slide,mean,GG,-0.364179
D:D,step,Slide,mean,GT,-0.470634
D:D,step,Slide,mean,TA,0.260207
D:D,step,Slide,mean,TC,0.119434
D:D,step,Slide,mean,TG,0.091500
D:D,step,Slide,mean,TT,-0.170457
D:E,step,Slide,mean,AA,-1.925991
D:E,step,Slide,mean,AC,-2.059153
D:E,step,Slide,mean,AG,-1.910757
D:E,step,Slide,mean,AT,-2.147369
D:E,step,Slide,mean,CA,-1.616873
D:E,step,Slide,mean,CC,-1.969706
D:E,step,Slide,mean,CG,-1.836683
D:E,step,Slide,mean,CT,-1.960183
D:E,step,Slide,mean,GA,-2.117233
D:E,step,Slide,mean,GC,-1.987403
D:E,step,Slide,mean,GG,-2.257853
D:E,step,Slide,mean,GT,-2.224226
D:E,step,Slide,mean,TA,-1.717080
D:E,step,Slide,mean,TC,-1.723774
D:E,step,Slide,mean,TG,-1.893915
D:E,step,Slide,mean,TT,-1.756743
D:M,step,Slide,mean,AA,-1.614795
D:M,step,Slide,mean,AC,-1.819470
D:M,step,Slide,mean,AG,-1.797852
D:M,step,Slide,mean,AT,-1.808117
D:M,step,Slide,mean,CA,-1.208703
D:M,step,Slide,mean,CC,-1.891914
D:M,step,Slide,mean,CG,-1.578117
D:M,step,Slide,mean,CT,-1.740688
D:M,step,Slide,mean,GA,-1.759680
D:M,step,Slide,mean,GC,-1.755790
D:M,step,Slide,mean,GG,-2.019837
D:M,step,Slide,mean,GT,-1.818143
D:M,step,Slide,mean,TA,-1.370920
D:M,step,Slide,mean,TC,-1.637200
D:M,step,Slide,mean,TG,-1.367027
D:M,step,Slide,mean,TT,-1.479741
E:E,step,Slide,mean,AA,-2.530254
E:E,step,Slide,mean,AC,-2.871451
E:E,step,Slide,mean,AG,-2.539415
E:E,step,Slide,mean,AT,-2.834098
E:E,step,Slide,mean,CA,-2.722174
E:E,step,Slide,mean,CC,-2.824446
E:E,step,Slide,mean,CG,-2.911462
E:E,step,Slide,mean,CT,-2.566809
E:E,step,Slide,mean,GA,-2.593610
E:E,step,Slide,mean,GC,-2.810632
E:E,step,Slide,mean,GG,-2.761022
E:E,step,Slide,mean,GT,-2.888157
E:E,step,Slide,mean,TA,-2.452028
E:E,step,Slide,mean,TC,-2.661293
E:E,step,Slide,mean,TG,-2.721944
E:E,step,Slide,mean,TT,-2.573376
M:M,step,Slide,mean,AA,-2.135652
M:M,step,Slide,mean,AC,-2.586348
M:M,step,Slide,mean,AG,-2.207725
M:M,step,Slide,mean,AT,-2.613820
M:M,step,Slide,mean,CA,-2.088071
M:M,step,Slide,mean,CC,-2.315691
M:M,step,Slide,mean,CG,-2.298530
M:M,step,Slide,mean,CT,-2.199491
M:M,step,Slide,mean,GA,-2.245246
M:M,step,Slide,mean,GC,-2.414863
M:M,step,Slide,mean,GG,-2.308051
M:M,step,Slide,mean,GT,-2.582696
M:M,step,Slide,mean,TA,-1.908101
M:M,step,Slide,mean,TC,-2.242409
M:M,step,Slide,mean,TG,-2.112033
M:M,step,Slide,mean,TT,-2.135818
D:D,step,Slide,sd,AA,0.600436
D:D,step,Slide,sd,AC,0.523879
D:D,step,Slide,sd,AG,0.595810
D:D,step,Slide,sd,AT,0.466744
D:D,step,Slide,sd,CA,0.776771
D:D,step,Slide,sd,CC,0.903633
D:D,step,Slide,sd,CG,0.700814
D:D,step,Slide,sd,CT,0.646495
D:D,step,Slide,sd,GA,0.824613
D:D,step,Slide,sd,GC,0.620782
D:D,step,Slide,sd,GG,0.929732
D:D,step,Slide,sd,GT,0.532681
D:D,step,Slide,sd,TA,0.941593
D:D,step,Slide,sd,TC,0.787845
D:D,step,Slide,sd,TG,0.804372
D:D,step,Slide,sd,TT,0.573870
D:E,step,Slide,sd,AA,0.482056
D:E,step,Slide,sd,AC,0.641764
D:E,step,Slide,sd,AG,0.481849
D:E,step,Slide,sd,AT,0.561885
D:E,step,Slide,sd,CA,0.515018
D:E,step,Slide,sd,CC,0.464084
D:E,step,Slide,sd,CG,0.599785
D:E,step,Slide,sd,CT,0.422943
D:E,step,Slide,sd,GA,0.525810
D:E,step,Slide,sd,GC,0.580163
D:E,step,Slide,sd,GG,0.498384
D:E,step,Slide,sd,GT,0.585440
D:E,step,Slide,sd,TA,0.467713
D:E,step,Slide,sd,TC,0.471520
D:E,step,Slide,sd,TG,0.568998
D:E,step,Slide,sd,TT,0.477603
D:M,step,Slide,sd,AA,0.457401
D:M,step,Slide,sd,AC,0.581685
D:M,step,Slide,sd,AG,0.408213
D:M,step,Slide,sd,AT,0.507111
D:M,step,Slide,sd,CA,0.419773
D:M,step,Slide,sd,CC,0.408442
D:M,step,Slide,sd,CG,0.505723
D:M,step,Slide,sd,CT,0.388936
D:M,step,Slide,sd,GA,0.506221
D:M,step,Slide,sd,GC,0.553231
D:M,step,Slide,sd,GG,0.414764
D:M,step,Slide,sd,GT,0.585412
D:M,step,Slide,sd,TA,0.379625
D:M,step,Slide,sd,TC,0.454486
D:M,step,Slide,sd,TG,0.440190
D:M,step,Slide,sd,TT,0.428939
E:E,step,Slide,sd,AA,0.413468
E:E,step,Slide,sd,AC,0.510261
E:E,step,Slide,sd,AG,0.400865
E:E,step,Slide,sd,AT,0.429449
E:E,step,Slide,sd,CA,0.534012
E:E,step,Slide,sd,CC,0.452124
E:E,step,Slide,sd,CG,0.564675
E:E,step,Slide,sd,CT,0.374779
E:E,step,Slide,sd,GA,0.448981
E:E,step,Slide,sd,GC,0.413403
E:E,step,Slide,sd,GG,0.439708
E:E,step,Slide,sd,GT,0.467385
E:E,step,Slide,sd,TA,0.472704
E:E,step,Slide,sd,TC,0.413790
E:E,step,Slide,sd,TG,0.528613
E:E,step,Slide,sd,TT,0.419742
M:M,step,Slide,sd,AA,0.313184
M:M,step,Slide,sd,AC,0.333749
M:M,step,Slide,sd,AG,0.291147
M:M,step,Slide,sd,AT,0.327229
M:M,step,Slide,sd,CA,0.361798
M:M,step,Slide,sd,CC,0.288870
M:M,step,Slide,sd,CG,0.352420
M:M,step,Slide,sd,CT,0.289362
M:M,step,Slide,sd,GA,0.294022
M:M,step,Slide,sd,GC,0.348783
M:M,step,Slide,sd,GG,0.285665
M:M,step,Slide,sd,GT,0.343938
M:M,step,Slide,sd,TA,0.309895
M:M,step,Slide,sd,TC,0.296150
M:M,step,Slide,sd,TG,0.356592
M:M,step,Slide,sd,TT,0.314408
D:D,pair,Stagger,mean,AA,-0.197449
D:D,pair,Stagger,mean,AC,0.023457
D:D,pair,Stagger,mean,AG,0.096400
D:D,pair,Stagger,mean,AT,-0.028741
D:D,pair,Stagger,mean,CA,-0.065426
D:D,pair,Stagger,mean,CC,-0.127771
D:D,pair,Stagger,mean,CG,-0.008542
D:D,pair,Stagger,mean,CT,0.070244
D:D,pair,Stagger,mean,GA,-0.182975
D:D,pair,Stagger,mean,GC,-0.021777
D:D,pair,Stagger,mean,GG,0.017587
D:D,pair,Stagger,mean,GT,-0.003372
D:D,pair,Stagger,mean,TA,-0.068706
D:D,pair,Stagger,mean,TC,-0.077025
D:D,pair,Stagger,mean,TG,-0.091219
D:D,pair,Stagger,mean,TT,0.033189
D:E,pair,Stagger,mean,AA,0.203579
D:E,pair,Stagger,mean,AC,0.044241
D:E,pair,Stagger,mean,AG,0.173063
D:E,pair,Stagger,mean,AT,0.254682
D:E,pair,Stagger,mean,CA,-0.096188
D:E,pair,Stagger,mean,CC,-0.302465
D:E,pair,Stagger,mean,CG,-0.281102
D:E,pair,Stagger,mean,CT,-0.056382
D:E,pair,Stagger,mean,GA,0.342442
D:E,pair,Stagger,mean,GC,0.314543
D:E,pair,Stagger,mean,GG,0.264201
D:E,pair,Stagger,mean,GT,0.278692
D:E,pair,Stagger,mean,TA,-0.032278
D:E,pair,Stagger,mean,TC,-0.213446
D:E,pair,Stagger,mean,TG,-0.090779
D:E,pair,Stagger,mean,TT,-0.118833
D:M,pair,Stagger,mean,AA,-0.091228
D:M,pair,Stagger,mean,AC,-0.146878
D:M,pair,Stagger,mean,AG,-0.020841
D:M,pair,Stagger,mean,AT,-0.050639
D:M,pair,Stagger,mean,CA,-0.044839
D:M,pair,Stagger,mean,CC,-0.386508
D:M,pair,Stagger,mean,CG,-0.250285
D:M,pair,Stagger,mean,CT,-0.101930
D:M,pair,Stagger,mean,GA,-0.037167
D:M,pair,Stagger,mean,GC,0.089390
D:M,pair,Stagger,mean,GG,-0.045529
D:M,pair,Stagger,mean,GT,0.000070
D:M,pair,Stagger,mean,TA,-0.066300
D:M,pair,Stagger,mean,TC,-0.328120
D:M,pair,Stagger,mean,TG,-0.232900
D:M,pair,Stagger,mean,TT,-0.170872
E:E,pair,Stagger,mean,AA,0.320056
E:E,pair,Stagger,mean,AC,0.052605
E:E,pair,Stagger,mean,AG,0.317904
E:E,pair,Stagger,mean,AT,0.226668
E:E,pair,Stagger,mean,CA,0.284068
E:E,pair,Stagger,mean,CC,0.164550
E:E,pair,Stagger,mean,CG,0.312634
E:E,pair,Stagger,mean,CT,0.252654
E:E,pair,Stagger,mean,GA,0.402655
E:E,pair,Stagger,mean,GC,0.222715
E:E,pair,Stagger,mean,GG,0.303114
E:E,pair,Stagger,mean,GT,0.184079
E:E,pair,Stagger,mean,TA,0.333891
E:E,pair,Stagger,mean,TC,0.121668
E:E,pair,Stagger,mean,TG,0.328504
E:E,pair,Stagger,mean,TT,0.143560
M:M,pair,Stagger,mean,AA,-0.067778
M:M,pair,Stagger,mean,AC,-0.366952
M:M,pair,Stagger,mean,AG,-0.002062
M:M,pair,Stagger,mean,AT,-0.151880
M:M,pair,Stagger,mean,CA,-0.104842
M:M,pair,Stagger,mean,CC,-0.207566
M:M,pair,Stagger,mean,CG,-0.153320
M:M,pair,Stagger,mean,CT,-0.103133
M:M,pair,Stagger,mean,GA,-0.096631
M:M,pair,Stagger,mean,GC,-0.115229
M:M,pair,Stagger,mean,GG,-0.092640
M:M,pair,Stagger,mean,GT,-0.265620
M:M,pair,Stagger,mean,TA,0.001563
M:M,pair,Stagger,mean,TC,-0.240395
M:M,pair,Stagger,mean,TG,-0.092378
M:M,pair,Stagger,mean,TT,-0.196996
D:D,step,Tilt,mean,AA,-2.764127
D:D,step,Tilt,mean,AC,-0.500607
D:D,step,Tilt,mean,AG,-3.218462
D:D,step,Tilt,mean,AT,-0.016773
D:D,step,Tilt,mean,CA,0.279767
D:D,step,Tilt,mean,CC,0.071650
D:D,step,Tilt,mean,CG,0.958267
D:D,step,Tilt,mean,CT,2.801884
D:D,step,Tilt,mean,GA,-0.726789
D:D,step,Tilt,mean,GC,-0.335727
D:D,step,Tilt,mean,GG,0.682775
D:D,step,Tilt,mean,GT,-0.415517
D:D,step,Tilt,mean,TA,0.151527
D:D,step,Tilt,mean,TC,1.063032
D:D,step,Tilt,mean,TG,-0.724146
D:D,step,Tilt,mean,TT,2.610817
D:E,step,Tilt,mean,AA,-4.796426
D:E,step,Tilt,mean,AC,-2.469951
D:E,step,Tilt,mean,AG,-6.827177
D:E,step,Tilt,mean,AT,-0.361030
D:E,step,Tilt,mean,CA,-5.539110
D:E,step,Tilt,mean,CC,-4.180901
D:E,step,Tilt,mean,CG,-9.582093
D:E,step,Tilt,mean,CT,-1.378465
D:E,step,Tilt,mean,GA,-2.161679
D:E,step,Tilt,mean,GC,0.251585
D:E,step,Tilt,mean,GG,-3.339991
D:E,step,Tilt,mean,GT,1.185017
D:E,step,Tilt,mean,TA,-4.439660
D:E,step,Tilt,mean,TC,-2.701516
D:E,step,Tilt,mean,TG,-7.612727
D:E,step,Tilt,mean,TT,-0.823480
D:M,step,Tilt,mean,AA,-2.865158
D:M,step,Tilt,mean,AC,-2.615355
D:M,step,Tilt,mean,AG,-3.649186
D:M,step,Tilt,mean,AT,-0.315428
D:M,step,Tilt,mean,CA,-2.041733
D:M,step,Tilt,mean,CC,-3.154768
D:M,step,Tilt,mean,CG,-4.125606
D:M,step,Tilt,mean,CT,0.291281
D:M,step,Tilt,mean,GA,-0.747945
D:M,step,Tilt,mean,GC,-0.232932
D:M,step,Tilt,mean,GG,-0.641082
D:M,step,Tilt,mean,GT,2.552573
D:M,step,Tilt,mean,TA,-2.354278
D:M,step,Tilt,mean,TC,-1.615548
D:M,step,Tilt,mean,TG,-3.503761
D:M,step,Tilt,mean,TT,1.050280
E:E,step,Tilt,mean,AA,-1.235063
E:E,step,Tilt,mean,AC,-1.450470
E:E,step,Tilt,mean,AG,-2.038964
E:E,step,Tilt,mean,AT,0.226120
E:E,step,Tilt,mean,CA,0.762716
E:E,step,Tilt,mean,CC,-0.460718
E:E,step,Tilt,mean,CG,0.131088
E:E,step,Tilt,mean,CT,2.218355
E:E,step,Tilt,mean,GA,0.251788
E:E,step,Tilt,mean,GC,0.041275
E:E,step,Tilt,mean,GG,0.142041
E:E,step,Tilt,mean,GT,1.255375
E:E,step,Tilt,mean,TA,0.304343
E:E,step,Tilt,mean,TC,-0.411532
E:E,step,Tilt,mean,TG,-0.748485
E:E,step,Tilt,mean,TT,1.699154
M:M,step,Tilt,mean,AA,-1.067559
M:M,step,Tilt,mean,AC,-2.507446
M:M,step,Tilt,mean,AG,-0.587720
M:M,step,Tilt,mean,AT,0.116654
M:M,step,Tilt,mean,CA,-0.586678
M:M,step,Tilt,mean,CC,-1.170512
M:M,step,Tilt,mean,CG,-0.244631
M:M,step,Tilt,mean,CT,0.744636
M:M,step,Tilt,mean,GA,0.377416
M:M,step,Tilt,mean,GC,0.029707
M:M,step,Tilt,mean,GG,1.168515
M:M,step,Tilt,mean,GT,2.246635
M:M,step,Tilt,mean,TA,-0.013348
M:M,step,Tilt,mean,TC,-0.387871
M:M,step,Tilt,mean,TG,0.444517
M:M,step,Tilt,mean,TT,1.252448
D:D,step,Zp,mean,AA,-0.447008
D:D,step,Zp,mean,AC,-0.252873
D:D,step,Zp,mean,AG,-0.041603
D:D,step,Zp,mean,AT,-0.143850
D:D,step,Zp,mean,CA,-0.236388
D:D,step,Zp,mean,CC,-0.120774
D:D,step,Zp,mean,CG,-0.141546
D:D,step,Zp,mean,CT,-0.076516
D:D,step,Zp,mean,GA,-0.406682
D:D,step,Zp,mean,GC,-0.238941
D:D,step,Zp,mean,GG,-0.053322
D:D,step,Zp,mean,GT,-0.278122
D:D,step,Zp,mean,TA,-0.459204
D:D,step,Zp,mean,TC,-0.460398
D:D,step,Zp,mean,TG,-0.320225
D:D,step,Zp,mean,TT,-0.387992
D:E,step,Zp,mean,AA,1.409145
D:E,step,Zp,mean,AC,1.463332
D:E,step,Zp,mean,AG,1.678895
D:E,step,Zp,mean,AT,1.619045
D:E,step,Zp,mean,CA,1.351622
D:E,step,Zp,mean,CC,1.493137
D:E,step,Zp,mean,CG,1.715678
D:E,step,Zp,mean,CT,1.493924
D:E,step,Zp,mean,GA,1.833611
D:E,step,Zp,mean,GC,1.700587
D:E,step,Zp,mean,GG,2.059234
D:E,step,Zp,mean,GT,1.766504
D:E,step,Zp,mean,TA,1.347706
D:E,step,Zp,mean,TC,1.236248
D:E,step,Zp,mean,TG,1.591714
D:E,step,Zp,mean,TT,1.246533
D:M,step,Zp,mean,AA,1.441737
D:M,step,Zp,mean,AC,1.595622
D:M,step,Zp,mean,AG,1.749889
D:M,step,Zp,mean,AT,1.578414
D:M,step,Zp,mean,CA,1.573398
D:M,step,Zp,mean,CC,1.802336
D:M,step,Zp,mean,CG,1.817966
D:M,step,Zp,mean,CT,1.720051
D:M,step,Zp,mean,GA,1.755980
D:M,step,Zp,mean,GC,1.880735
D:M,step,Zp,mean,GG,2.130653
D:M,step,Zp,mean,GT,1.742051
D:M,step,Zp,mean,TA,1.502816
D:M,step,Zp,mean,TC,1.559512
D:M,step,Zp,mean,TG,1.599726
D:M,step,Zp,mean,TT,1.495922
E:E,step,Zp,mean,AA,2.429907
E:E,step,Zp,mean,AC,2.581800
E:E,step,Zp,mean,AG,2.572732
E:E,step,Zp,mean,AT,2.538500
E:E,step,Zp,mean,CA,2.765957
E:E,step,Zp,mean,CC,2.759948
E:E,step,Zp,mean,CG,2.837119
E:E,step,Zp,mean,CT,2.583935
E:E,step,Zp,mean,GA,2.589054
E:E,step,Zp,mean,GC,2.729867
E:E,step,Zp,mean,GG,2.715958
E:E,step,Zp,mean,GT,2.605373
E:E,step,Zp,mean,TA,2.637940
E:E,step,Zp,mean,TC,2.644568
E:E,step,Zp,mean,TG,2.742416
E:E,step,Zp,mean,TT,2.482546
M:M,step,Zp,mean,AA,2.678341
M:M,step,Zp,mean,AC,2.841828
M:M,step,Zp,mean,AG,2.786757
M:M,step,Zp,mean,AT,2.808808
M:M,step,Zp,mean,CA,2.926123
M:M,step,Zp,mean,CC,2.984418
M:M,step,Zp,mean,CG,2.955943
M:M,step,Zp,mean,CT,2.798112
M:M,step,Zp,mean,GA,2.919225
M:M,step,Zp,mean,GC,3.002494
M:M,step,Zp,mean,GG,2.966614
M:M,step,Zp,mean,GT,2.857933
M:M,step,Zp,mean,TA,2.881121
M:M,step,Zp,mean,TC,2.935711
M:M,step,Zp,mean,TG,2.908834
M:M,step,Zp,mean,TT,2.697386
D:D,step,hIncl,mean,AA,9.628332
D:D,step,hIncl,mean,AC,4.467001
D:D,step,hIncl,mean,AG,9.912050
D:D,step,hIncl,mean,AT,2.157200
D:D,step,hIncl,mean,CA,18.978282
D:D,step,hIncl,mean,CC,12.107641
D:D,step,hIncl,mean,CG,14.452136
D:D,step,hIncl,mean,CT,10.120709
D:D,step,hIncl,mean,GA,11.034028
D:D,step,hIncl,mean,GC,4.498626
D:D,step,hIncl,mean,GG,11.562601
D:D,step,hIncl,mean,GT,3.756656
D:D,step,hIncl,mean,TA,20.692929
D:D,step,hIncl,mean,TC,10.655109
D:D,step,hIncl,mean,TG,19.685064
D:D,step,hIncl,mean,TT,7.233549
D:E,step,hIncl,mean,AA,17.003822
D:E,step,hIncl,mean,AC,12.346370
D:E,step,hIncl,mean,AG,14.829720
D:E,step,hIncl,mean,AT,4.689509
D:E,step,hIncl,mean,CA,25.916232
D:E,step,hIncl,mean,CC,19.669103
D:E,step,hIncl,mean,CG,19.937345
D:E,step,hIncl,mean,CT,11.471603
D:E,step,hIncl,mean,GA,18.997214
D:E,step,hIncl,mean,GC,11.227427
D:E,step,hIncl,mean,GG,16.155545
D:E,step,hIncl,mean,GT,7.751163
D:E,step,hIncl,mean,TA,27.529284
D:E,step,hIncl,mean,TC,21.012517
D:E,step,hIncl,mean,TG,22.858588
D:E,step,hIncl,mean,TT,11.385831
D:M,step,hIncl,mean,AA,15.524547
D:M,step,hIncl,mean,AC,12.724263
D:M,step,hIncl,mean,AG,12.789906
D:M,step,hIncl,mean,AT,4.421203
D:M,step,hIncl,mean,CA,25.861155
D:M,step,hIncl,mean,CC,19.762561
D:M,step,hIncl,mean,CG,18.878584
D:M,step,hIncl,mean,CT,11.019014
D:M,step,hIncl,mean,GA,23.184383
D:M,step,hIncl,mean,GC,13.836872
D:M,step,hIncl,mean,GG,18.481980
D:M,step,hIncl,mean,GT,9.650239
D:M,step,hIncl,mean,TA,29.979050
D:M,step,hIncl,mean,TC,21.204646
D:M,step,hIncl,mean,TG,25.833676
D:M,step,hIncl,mean,TT,10.999324
E:E,step,hIncl,mean,AA,14.237817
E:E,step,hIncl,mean,AC,11.164371
E:E,step,hIncl,mean,AG,12.839713
E:E,step,hIncl,mean,AT,6.931427
E:E,step,hIncl,mean,CA,20.516766
E:E,step,hIncl,mean,CC,12.414543
E:E,step,hIncl,mean,CG,18.198399
E:E,step,hIncl,mean,CT,12.068692
E:E,step,hIncl,mean,GA,20.863313
E:E,step,hIncl,mean,GC,13.283108
E:E,step,hIncl,mean,GG,15.960634
E:E,step,hIncl,mean,GT,10.630607
E:E,step,hIncl,mean,TA,23.425535
E:E,step,hIncl,mean,TC,20.241664
E:E,step,hIncl,mean,TG,20.393553
E:E,step,hIncl,mean,TT,13.890477
M:M,step,hIncl,mean,AA,17.266648
M:M,step,hIncl,mean,AC,14.819697
M:M,step,hIncl,mean,AG,11.301230
M:M,step,hIncl,mean,AT,5.619164
M:M,step,hIncl,mean,CA,17.918783
M:M,step,hIncl,mean,CC,18.094107
M:M,step,hIncl,mean,CG,11.637865
M:M,step,hIncl,mean,CT,11.276347
M:M,step,hIncl,mean,GA,25.517876
M:M,step,hIncl,mean,GC,18.514158
M:M,step,hIncl,mean,GG,20.368253
M:M,step,hIncl,mean,GT,14.526823
M:M,step,hIncl,mean,TA,23.927986
M:M,step,hIncl,mean,TC,24.515190
M:M,step,hIncl,mean,TG,18.383052
M:M,step,hIncl,mean,TT,16.751075
D:D,step,hRise,mean,AA,3.125396
D:D,step,hRise,mean,AC,3.133567
D:D,step,hRise,mean,AG,3.281073
D:D,step,hRise,mean,AT,3.067795
D:D,step,hRise,mean,CA,2.901633
D:D,step,hRise,mean,CC,3.117467
D:D,step,hRise,mean,CG,3.330234
D:D,step,hRise,mean,CT,3.167988
D:D,step,hRise,mean,GA,3.109001
D:D,step,hRise,mean,GC,3.086499
D:D,step,hRise,mean,GG,3.191571
D:D,step,hRise,mean,GT,3.087641
D:D,step,hRise,mean,TA,2.788966
D:D,step,hRise,mean,TC,3.089393
D:D,step,hRise,mean,TG,2.889875
D:D,step,hRise,mean,TT,3.178986
D:E,step,hRise,mean,AA,2.460290
D:E,step,hRise,mean,AC,2.787351
D:E,step,hRise,mean,AG,2.674488
D:E,step,hRise,mean,AT,3.015076
D:E,step,hRise,mean,CA,2.293268
D:E,step,hRise,mean,CC,2.524427
D:E,step,hRise,mean,CG,2.731853
D:E,step,hRise,mean,CT,2.732206
D:E,step,hRise,mean,GA,2.340799
D:E,step,hRise,mean,GC,2.822188
D:E,step,hRise,mean,GG,2.450943
D:E,step,hRise,mean,GT,2.879680
D:E,step,hRise,mean,TA,2.055563
D:E,step,hRise,mean,TC,2.455858
D:E,step,hRise,mean,TG,2.309808
D:E,step,hRise,mean,TT,2.752220
D:M,step,hRise,mean,AA,2.646216
D:M,step,hRise,mean,AC,2.808524
D:M,step,hRise,mean,AG,2.760932
D:M,step,hRise,mean,AT,3.079594
D:M,step,hRise,mean,CA,2.450861
D:M,step,hRise,mean,CC,2.588669
D:M,step,hRise,mean,CG,2.797883
D:M,step,hRise,mean,CT,2.826619
D:M,step,hRise,mean,GA,2.325923
D:M,step,hRise,mean,GC,2.799266
D:M,step,hRise,mean,GG,2.561705
D:M,step,hRise,mean,GT,2.885630
D:M,step,hRise,mean,TA,2.161379
D:M,step,hRise,mean,TC,2.479983
D:M,step,hRise,mean,TG,2.395709
D:M,step,hRise,mean,TT,2.698306
E:E,step,hRise,mean,AA,2.101573
E:E,step,hRise,mean,AC,2.271387
E:E,step,hRise,mean,AG,2.449509
E:E,step,hRise,mean,AT,2.705559
E:E,step,hRise,mean,CA,1.780919
E:E,step,hRise,mean,CC,1.670870
E:E,step,hRise,mean,CG,1.928375
E:E,step,hRise,mean,CT,2.486010
E:E,step,hRise,mean,GA,1.927818
E:E,step,hRise,mean,GC,2.408748
E:E,step,hRise,mean,GG,1.975831
E:E,step,hRise,mean,GT,2.330180
E:E,step,hRise,mean,TA,1.736948
E:E,step,hRise,mean,TC,1.913102
E:E,step,hRise,mean,TG,1.726623
E:E,step,hRise,mean,TT,2.236043
M:M,step,hRise,mean,AA,2.482580
M:M,step,hRise,mean,AC,2.534835
M:M,step,hRise,mean,AG,2.718325
M:M,step,hRise,mean,AT,2.952061
M:M,step,hRise,mean,CA,2.604038
M:M,step,hRise,mean,CC,2.449691
M:M,step,hRise,mean,CG,3.007244
M:M,step,hRise,mean,CT,2.738081
M:M,step,hRise,mean,GA,2.080360
M:M,step,hRise,mean,GC,2.416633
M:M,step,hRise,mean,GG,2.345743
M:M,step,hRise,mean,GT,2.544362
M:M,step,hRise,mean,TA,2.227947
M:M,step,hRise,mean,TC,2.132703
M:M,step,hRise,mean,TG,2.603973
M:M,step,hRise,mean,TT,2.493909
D:D,step,hTip,mean,AA,4.765688
D:D,step,hTip,mean,AC,0.823614
D:D,step,hTip,mean,AG,5.224496
D:D,step,hTip,mean,AT,0.010728
D:D,step,hTip,mean,CA,0.154693
D:D,step,hTip,mean,CC,0.931401
D:D,step,hTip,mean,CG,-1.474473
D:D,step,hTip,mean,CT,-4.761995
D:D,step,hTip,mean,GA,1.265994
D:D,step,hTip,mean,GC,0.668358
D:D,step,hTip,mean,GG,-1.204763
D:D,step,hTip,mean,GT,-0.030741
D:D,step,hTip,mean,TA,-0.308061
D:D,step,hTip,mean,TC,-1.700706
D:D,step,hTip,mean,TG,1.357629
D:D,step,hTip,mean,TT,-4.350938
D:E,step,hTip,mean,AA,10.587652
D:E,step,hTip,mean,AC,5.527980
D:E,step,hTip,mean,AG,13.346719
D:E,step,hTip,mean,AT,1.034236
D:E,step,hTip,mean,CA,9.931912
D:E,step,hTip,mean,CC,8.248223
D:E,step,hTip,mean,CG,16.833251
D:E,step,hTip,mean,CT,3.068298
D:E,step,hTip,mean,GA,4.530000
D:E,step,hTip,mean,GC,-0.319453
D:E,step,hTip,mean,GG,7.077667
D:E,step,hTip,mean,GT,-2.354786
D:E,step,hTip,mean,TA,8.458806
D:E,step,hTip,mean,TC,5.338028
D:E,step,hTip,mean,TG,14.540688
D:E,step,hTip,mean,TT,1.815549
D:M,step,hTip,mean,AA,5.633985
D:M,step,hTip,mean,AC,5.185848
D:M,step,hTip,mean,AG,7.087846
D:M,step,hTip,mean,AT,0.759356
D:M,step,hTip,mean,CA,3.047216
D:M,step,hTip,mean,CC,5.521088
D:M,step,hTip,mean,CG,6.731717
D:M,step,hTip,mean,CT,-0.499039
D:M,step,hTip,mean,GA,1.564029
D:M,step,hTip,mean,GC,0.531393
D:M,step,hTip,mean,GG,1.412394
D:M,step,hTip,mean,GT,-3.309347
D:M,step,hTip,mean,TA,3.821351
D:M,step,hTip,mean,TC,2.803709
D:M,step,hTip,mean,TG,6.229250
D:M,step,hTip,mean,TT,-1.816144
E:E,step,hTip,mean,AA,3.501850
E:E,step,hTip,mean,AC,4.139677
E:E,step,hTip,mean,AG,4.729145
E:E,step,hTip,mean,AT,-0.560935
E:E,step,hTip,mean,CA,-1.057074
E:E,step,hTip,mean,CC,1.148070
E:E,step,hTip,mean,CG,-0.358555
E:E,step,hTip,mean,CT,-4.329437
E:E,step,hTip,mean,GA,-0.530009
E:E,step,hTip,mean,GC,-0.089729
E:E,step,hTip,mean,GG,-0.157817
E:E,step,hTip,mean,GT,-2.533471
E:E,step,hTip,mean,TA,0.293776
E:E,step,hTip,mean,TC,0.759190
E:E,step,hTip,mean,TG,1.844719
E:E,step,hTip,mean,TT,-2.070267
M:M,step,hTip,mean,AA,2.056195
M:M,step,hTip,mean,AC,4.855475
M:M,step,hTip,mean,AG,1.135023
M:M,step,hTip,mean,AT,-0.245315
M:M,step,hTip,mean,CA,0.994014
M:M,step,hTip,mean,CC,1.926001
M:M,step,hTip,mean,CG,0.447976
M:M,step,hTip,mean,CT,-1.423827
M:M,step,hTip,mean,GA,-0.530199
M:M,step,hTip,mean,GC,-0.073430
M:M,step,hTip,mean,GG,-1.892429
M:M,step,hTip,mean,GT,-4.354855
M:M,step,hTip,mean,TA,-0.010437
M:M,step,hTip,mean,TC,0.557044
M:M,step,hTip,mean,TG,-0.786227
M:M,step,hTip,mean,TT,-2.392321
D:D,step,hY,mean,AA,-0.172601
D:D,step,hY,mean,AC,-0.397298
D:D,step,hY,mean,AG,0.288548
D:D,step,hY,mean,AT,0.157476
D:D,step,hY,mean,CA,0.306970
D:D,step,hY,mean,CC,-0.409668
D:D,step,hY,mean,CG,-0.027117
D:D,step,hY,mean,CT,-0.011518
D:D,step,hY,mean,GA,0.119298
D:D,step,hY,mean,GC,-0.006647
D:D,step,hY,mean,GG,0.341123
D:D,step,hY,mean,GT,0.638829
D:D,step,hY,mean,TA,-0.196490
D:D,step,hY,mean,TC,-0.284165
D:D,step,hY,mean,TG,-0.485494
D:D,step,hY,mean,TT,-0.009596
D:E,step,hY,mean,AA,0.445182
D:E,step,hY,mean,AC,0.251990
D:E,step,hY,mean,AG,0.179962
D:E,step,hY,mean,AT,0.993089
D:E,step,hY,mean,CA,0.385558
D:E,step,hY,mean,CC,0.303715
D:E,step,hY,mean,CG,0.101289
D:E,step,hY,mean,CT,0.354282
D:E,step,hY,mean,GA,0.894413
D:E,step,hY,mean,GC,0.850184
D:E,step,hY,mean,GG,0.246616
D:E,step,hY,mean,GT,1.575423
D:E,step,hY,mean,TA,-0.122556
D:E,step,hY,mean,TC,0.467182
D:E,step,hY,mean,TG,-0.078801
D:E,step,hY,mean,TT,0.345041
D:M,step,hY,mean,AA,-0.213881
D:M,step,hY,mean,AC,-0.929514
D:M,step,hY,mean,AG,-1.093003
D:M,step,hY,mean,AT,-0.877743
D:M,step,hY,mean,CA,0.537622
D:M,step,hY,mean,CC,-0.312959
D:M,step,hY,mean,CG,-0.975783
D:M,step,hY,mean,CT,-0.360872
D:M,step,hY,mean,GA,0.141671
D:M,step,hY,mean,GC,-0.077361
D:M,step,hY,mean,GG,-0.571332
D:M,step,hY,mean,GT,0.180538
D:M,step,hY,mean,TA,-0.003088
D:M,step,hY,mean,TC,-0.451140
D:M,step,hY,mean,TG,-0.619318
D:M,step,hY,mean,TT,0.021368
E:E,step,hY,mean,AA,0.539314
E:E,step,hY,mean,AC,-0.324679
E:E,step,hY,mean,AG,0.077101
E:E,step,hY,mean,AT,0.082698
E:E,step,hY,mean,CA,0.066528
E:E,step,hY,mean,CC,-0.104247
E:E,step,hY,mean,CG,-0.231157
E:E,step,hY,mean,CT,0.097098
E:E,step,hY,mean,GA,0.589876
E:E,step,hY,mean,GC,-0.064377
E:E,step,hY,mean,GG,0.157043
E:E,step,hY,mean,GT,0.221245
E:E,step,hY,mean,TA,-0.032494
E:E,step,hY,mean,TC,-0.611926
E:E,step,hY,mean,TG,-0.121457
E:E,step,hY,mean,TT,-0.561099
M:M,step,hY,mean,AA,0.343669
M:M,step,hY,mean,AC,-0.253748
M:M,step,hY,mean,AG,-0.227326
M:M,step,hY,mean,AT,0.036655
M:M,step,hY,mean,CA,0.302580
M:M,step,hY,mean,CC,-0.016710
M:M,step,hY,mean,CG,0.154780
M:M,step,hY,mean,CT,0.108996
M:M,step,hY,mean,GA,0.542924
M:M,step,hY,mean,GC,0.045036
M:M,step,hY,mean,GG,-0.013142
M:M,step,hY,mean,GT,0.298337
M:M,step,hY,mean,TA,0.013475
M:M,step,hY,mean,TC,-0.609115
M:M,step,hY,mean,TG,-0.326345
M:M,step,hY,mean,TT,-0.422930
