cell_line,depmap_id
1156QE8,ACH-001435
127399,ACH-001270
1321N1,ACH-001000
1411H,ACH-001436
143B,ACH-001001
1618K,ACH-001437
170MGBA,ACH-002680
1777NRPMET,ACH-001438
201T,ACH-002089
21MT1,ACH-002400
21MT2,ACH-002401
21NT,ACH-002399
22RV1,ACH-000956
2313287,ACH-000948
253J,ACH-000011
253JBV,ACH-000026
42MGBA,ACH-000323
451LU,ACH-001002
538MGBA,ACH-002681
5637,ACH-000905
59M,ACH-000520
600MPE,ACH-002320
639V,ACH-000973
647V,ACH-000896
697,ACH-000070
769P,ACH-000411
786O,ACH-000649
8305C,ACH-001306
833KE,ACH-001440
8505C,ACH-001307
8MGBA,ACH-000137
921,ACH-001441
93T449,ACH-001794
94T778,ACH-001795
9505BIK,ACH-001999
95T1000,ACH-001796
A101D,ACH-000008
A1207,ACH-000283
A172,ACH-000558
A204,ACH-000201
A2058,ACH-000788
A253,ACH-000740
A2780,ACH-000657
A375,ACH-000219
A375SKINCJ1,ACH-002001
A375SKINCJ2,ACH-002002
A375SKINCJ3,ACH-002003
A388,ACH-001442
A3KAW,ACH-000697
A427,ACH-000757
A431,ACH-001328
A498,ACH-000555
A4FUK,ACH-000157
A549,ACH-000681
A549CRAFKD,ACH-003012
A673,ACH-000052
A673STAG2KO16,ACH-001007
A673STAG2KO45,ACH-001008
A673STAG2NT14,ACH-001009
A673STAG2NT23,ACH-001010
A704,ACH-000429
ABC1,ACH-000528
ABMT0009,ACH-003132
ABMT0021,ACH-003133
ABMT0023,ACH-003136
ABMT0168,ACH-003134
ABMT0280,ACH-003135
ABMT0281,ACH-003137
ABMT0292,ACH-003138
ABMT0457,ACH-003139
ABMT0557,ACH-003141
ABMT0558,ACH-003142
ABMT0616,ACH-003143
ABMT0725,ACH-003145
ABMT0732,ACH-003147
ABMT0781,ACH-003148
ABMT0782,ACH-003149
ABMT0783,ACH-003150
ABMT0789,ACH-003155
ABMT0794,ACH-003153
ABMT0795,ACH-003154
ABMT0796,ACH-003152
ABMT0797,ACH-003156
ABMT0822,ACH-003157
ABMT9220,ACH-003158
ABMT9233,ACH-003159
ABMT9249,ACH-003160
ABMT9430,ACH-003161
ACCMESO1,ACH-000086
ACHN,ACH-000046
ACN,ACH-002389
AGS,ACH-000880
ALLPO,ACH-002209
ALLSIL,ACH-000105
AM38,ACH-000269
AML193,ACH-000557
AMO1,ACH-000838
AN3CA,ACH-000940
ANGMCSS,ACH-001329
ARH77,ACH-002210
ASH3,ACH-001443
ASPC1,ACH-000222
ASPSKY,ACH-003125
ATN1,ACH-002058
AU565,ACH-000248
AZ521,ACH-001015
BALL1,ACH-002211
BB30HNC,ACH-002212
BB30PBL,ACH-002342
BB49EBV,ACH-002343
BB49HNC,ACH-002213
BB65EBV,ACH-002344
BB65RCC,ACH-002090
BC1,ACH-002214
BC2,ACH-002478
BC3,ACH-002215
BC3C,ACH-000593
BCK4,ACH-002921
BCP1,ACH-000923
BCPAP,ACH-000456
BDCM,ACH-000080
BE13,ACH-002216
BE2M17,ACH-002217
BECKER,ACH-001016
BEN,ACH-000603
BFTC905,ACH-000802
BFTC909,ACH-000792
BGC823,ACH-001017
BHT101,ACH-000191
BHY,ACH-000548
BICR10,ACH-001331
BICR16,ACH-000503
BICR18,ACH-000992
BICR22,ACH-000794
BICR3,ACH-001445
BICR31,ACH-000228
BICR56,ACH-000771
BICR6,ACH-000415
BICR78,ACH-001332
BIN67,ACH-001278
BJ,ACH-003283
BJAB,ACH-001447
BJHTERT,ACH-001018
BL2,ACH-001449
BL41,ACH-000245
BL70,ACH-000402
BLUE1,ACH-001450
BOKU,ACH-001451
BONNA12,ACH-001452
BPH1,ACH-001453
BROLI,ACH-001019
BT12,ACH-000160
BT16,ACH-001020
BT20,ACH-000536
BT474,ACH-000927
BT483,ACH-000818
BT549,ACH-000288
BV173,ACH-000432
BXPC3,ACH-000535
C10,ACH-001454
C125PM,ACH-001456
C20A4,ACH-003295
C242,ACH-001813
C28I2,ACH-003297
C2BBE1,ACH-000009
C32,ACH-000580
C33A,ACH-001333
C393,ACH-001817
C396,ACH-001818
C3A,ACH-001021
C4I,ACH-001334
C4II,ACH-001335
C75,ACH-001458
C80,ACH-001459
C8166,ACH-000206
C84,ACH-001460
C99,ACH-001461
CA46,ACH-000440
CA922,ACH-002043
CACO2,ACH-000003
CADOES1,ACH-000210
CAKI1,ACH-000433
CAKI2,ACH-000234
CAL120,ACH-000212
CAL12T,ACH-000826
CAL148,ACH-000902
CAL27,ACH-000832
CAL29,ACH-000142
CAL33,ACH-000518
CAL39,ACH-002091
CAL51,ACH-000856
CAL54,ACH-000457
CAL62,ACH-000174
CAL72,ACH-001715
CAL78,ACH-000516
CAL851,ACH-000857
CALU1,ACH-000511
CALU3,ACH-000392
CALU6,ACH-000264
CAMA1,ACH-000783
CAOV3,ACH-000713
CAOV4,ACH-000103
CAPAN1,ACH-000354
CAPAN2,ACH-000107
CAR1,ACH-002345
CAS1,ACH-000464
CASKI,ACH-001336
CBAGPN,ACH-001022
CCC5,ACH-002647
CCFSTTG1,ACH-000329
CCK81,ACH-000963
CCLFCORE0002T,ACH-002839
CCLFHEME0001T,ACH-003460
CCLFHEME0004T,ACH-003463
CCLFHNSC0001T,ACH-003474
CCLFHNSC0002T,ACH-003476
CCLFHNSC0003T,ACH-003475
CCLFHNSC0004T,ACH-003465
CCLFMELM0001T,ACH-002403
CCLFMELM0002T,ACH-002404
CCLFMELM0003T,ACH-002405
CCLFMELM0004T,ACH-003455
CCLFMELM0005T,ACH-002407
CCLFMELM0006T,ACH-003456
CCLFMELM0010T,ACH-003458
CCLFMELM0011T,ACH-003459
CCLFMELM0038T,ACH-003457
CCLFNEURO0001T,ACH-002932
CCLFNEURO0005T,ACH-003438
CCLFNEURO0006T,ACH-002409
CCLFNEURO0046T,ACH-003426
CCLFNPDX0008T,ACH-003464
CCLFOVPA0001T,ACH-002419
CCLFPANC0002T,ACH-003430
CCLFPANC0019T,ACH-003433
CCLFPANC0074T,ACH-003429
CCLFPEDS0001T,ACH-001163
CCLFPEDS0002T,ACH-001423
CCLFPEDS0003T,ACH-001164
CCLFPEDS0007T,ACH-001427
CCLFPEDS0008T,ACH-001433
CCLFPEDS0010T,ACH-001428
CCLFPEDS0013T,ACH-003473
CCLFPEDS0014T1,ACH-002431
CCLFPEDS0018T,ACH-001767
CCLFPEDS0019T,ACH-002433
CCLFPEDS0020T,ACH-002937
CCLFPEDS0022T,ACH-002435
CCLFPEDS0026T,ACH-002438
CCLFPEDS0043T,ACH-002936
CCLFPEDS0048T,ACH-003451
CCLFRARE0004T,ACH-002942
CCLFRARE0009T,ACH-003267
CCLFRARE0010T,ACH-003265
CCLFRARE0019T,ACH-003269
CCLFRARE0020T,ACH-002843
CCLFRARE0021T,ACH-003266
CCLFRARE0022T,ACH-003268
CCLFRARE0025T,ACH-002844
CCLFTHYR0001T,ACH-003480
CCLFTHYR0003T,ACH-003468
CCLFTHYR0004T,ACH-003469
CCLFTHYR0005T,ACH-003470
CCLFTHYR0006T,ACH-003471
CCLFTHYR0008T,ACH-002440
CCLFTHYR0009T,ACH-003472
CCLFUPGI0003T,ACH-002444
CCLFUPGI0004T,ACH-002445
CCLFUPGI0005T,ACH-002446
CCLFUPGI0009T,ACH-002730
CCLFUPGI0011T,ACH-002835
CCLFUPGI0012T,ACH-002954
CCLFUPGI0036T,ACH-002967
CCLFUPGI0041T,ACH-002968
CCLFUPGI0052T,ACH-002736
CCLFUPGI0068T,ACH-002757
CCLFUPGI0078T,ACH-003437
CCLFUPGI0085T,ACH-002972
CCLFUPGI0101T,ACH-002979
CCLP1,ACH-001959
CCRFCEM,ACH-001738
CCSW1,ACH-001960
CESS,ACH-002218
CFPAC1,ACH-000138
CGTHW1,ACH-001023
CH157MN,ACH-000025
CHAGOK1,ACH-000867
CHL1,ACH-001024
CHL1DM,ACH-001041
CHLA01RMED,ACH-003067
CHLA02ATRT,ACH-003065
CHLA06ATRT,ACH-001028
CHLA10,ACH-001029
CHLA136,ACH-001465
CHLA15,ACH-001300
CHLA218,ACH-001030
CHLA258,ACH-001282
CHLA266,ACH-001031
CHLA32,ACH-001032
CHLA57,ACH-001033
CHLA9,ACH-001034
CHLA90,ACH-001481
CHLA99,ACH-001035
CHP126,ACH-000136
CHP134,ACH-001338
CHP212,ACH-000120
CHRF28811,ACH-003273
CHSA0011,ACH-002092
CHSA0108,ACH-002093
CHSA8926,ACH-002094
CI,ACH-001484
CI1,ACH-000687
CI34601,ACH-002996
CII,ACH-001485
CJM,ACH-000458
CL11,ACH-000249
CL14,ACH-000342
CL34,ACH-000895
CL40,ACH-000798
CME1,ACH-001322
CMK,ACH-000641
CMK115,ACH-001036
CMK86,ACH-001037
CMLT1,ACH-000920
CMS,ACH-002709
COGAR359,ACH-001289
COGE352,ACH-001038
COGN278,ACH-001301
COGN305,ACH-001302
COLO201,ACH-000253
COLO205,ACH-001039
COLO320,ACH-000202
COLO320HSR,ACH-002219
COLO668,ACH-000803
COLO678,ACH-000350
COLO679,ACH-000805
COLO680N,ACH-000717
COLO684,ACH-000864
COLO704,ACH-001042
COLO741,ACH-000582
COLO775,ACH-001043
COLO783,ACH-000812
COLO792,ACH-000968
COLO794,ACH-001339
COLO800,ACH-000401
COLO818,ACH-001044
COLO824,ACH-001820
COLO829,ACH-000644
COLO829BL,ACH-002380
COLO849,ACH-001045
CORL105,ACH-000161
CORL23,ACH-000662
CORL24,ACH-000382
CORL26,ACH-001046
CORL279,ACH-000257
CORL303,ACH-002095
CORL311,ACH-000187
CORL32,ACH-001489
CORL321,ACH-001490
CORL47,ACH-000695
CORL51,ACH-001047
CORL88,ACH-000508
CORL95,ACH-000743
COV318,ACH-000256
COV362,ACH-000278
COV413A,ACH-001340
COV434,ACH-000123
COV504,ACH-001048
COV644,ACH-000608
CP50EBV,ACH-002346
CP50MELB,ACH-002096
CP66EBV,ACH-002347
CP66MEL,ACH-002097
CP67MEL,ACH-002098
CPCN,ACH-001049
CROAP2,ACH-002220
CS1,ACH-002099
CTB1,ACH-002221
CTV1,ACH-002222
CTV1DM,ACH-001737
CW2,ACH-000998
CW9019,ACH-001050
CX03,ACH-002648
D245MG,ACH-002223
D247MG,ACH-002224
D263MG,ACH-002225
D283MED,ACH-000055
D336MG,ACH-002226
D341MED,ACH-000095
D384,ACH-001052
D392MG,ACH-002227
D423MG,ACH-002228
D425,ACH-001053
D458,ACH-001054
D502MG,ACH-002229
D542MG,ACH-002230
D556,ACH-001055
D566MG,ACH-002231
DANG,ACH-000243
DAOY,ACH-000211
DAUDI,ACH-000786
DB,ACH-000334
DBTRG05MG,ACH-000863
DEL,ACH-000233
DERL2,ACH-001057
DETROIT562,ACH-000207
DG75,ACH-002232
DIFI,ACH-002233
DJM1,ACH-002100
DKMG,ACH-000244
DL,ACH-001059
DL221,ACH-002708
DL40,ACH-001060
DLD1,ACH-001061
DM3,ACH-000742
DMS114,ACH-000530
DMS153,ACH-000594
DMS273,ACH-000749
DMS454,ACH-000844
DMS53,ACH-000698
DMS79,ACH-000703
DND41,ACH-000981
DOGKIT,ACH-001492
DOGUM,ACH-001493
DOHH2,ACH-000056
DOK,ACH-002234
DOTC24510,ACH-001341
DOV13,ACH-001063
DSH1,ACH-002235
DU145,ACH-000979
DU4475,ACH-000258
DV90,ACH-000925
EB1,ACH-000877
EB2,ACH-001064
EB3,ACH-002236
EBC1,ACH-000563
ECC10,ACH-000560
ECC12,ACH-000225
ECC4,ACH-002024
ECGI10,ACH-000305
EFE184,ACH-000435
EFM19,ACH-000330
EFM192A,ACH-000117
EFO21,ACH-000308
EFO27,ACH-000936
EGI1,ACH-001494
EHEB,ACH-000038
EJ1,ACH-003100
EJM,ACH-000821
EKVX,ACH-000706
EM2,ACH-000295
EMCBAC1,ACH-002101
EMCBAC2,ACH-002102
EMTOKA,ACH-001495
EN,ACH-000978
EOL1,ACH-000198
EPLC272H,ACH-000585
ES1,ACH-002103
ES2,ACH-000906
ES3,ACH-002104
ES4,ACH-002105
ES5,ACH-002106
ES6,ACH-002107
ES7,ACH-002108
ES8,ACH-002109
ESO26,ACH-001496
ESO51,ACH-001497
ESS1,ACH-000913
ETCC016,ACH-002650
ETK1,ACH-002237
EVSAT,ACH-001065
EW1,ACH-002110
EW11,ACH-002111
EW12,ACH-002112
EW13,ACH-002113
EW16,ACH-002114
EW18,ACH-002115
EW22,ACH-002116
EW24,ACH-002117
EW3,ACH-002118
EW7,ACH-002119
EW8,ACH-000499
EWS502,ACH-000279
EWS834,ACH-001066
F36P,ACH-000487
F5,ACH-001067
FADU,ACH-000846
FARAGE,ACH-001498
FEPD,ACH-001068
FKH1,ACH-002651
FLO1,ACH-001500
FTC133,ACH-000903
FTC238,ACH-000897
FU97,ACH-000633
FUJI,ACH-001272
FUOV1,ACH-000574
G292CLONEA141B1,ACH-000082
G361,ACH-000572
G401,ACH-000096
G402,ACH-000375
G415,ACH-001850
GA10,ACH-000162
GAK,ACH-002120
GAMG,ACH-000098
GB1,ACH-000738
GBM001,ACH-002349
GCIY,ACH-000047
GCT,ACH-000835
GCT27,ACH-001502
GDM1,ACH-000081
GI1,ACH-000756
GIMEN,ACH-001344
GISTT1,ACH-002332
GLC82,ACH-001071
GMEL,ACH-002121
GMS10,ACH-000102
GOS3,ACH-000027
GOTO,ACH-001716
GP2D,ACH-000982
GP5D,ACH-001345
GRANTA452,ACH-002643
GRANTA519,ACH-000073
GRM,ACH-001072
GRST,ACH-002238
GSS,ACH-000746
GSU,ACH-000485
GT3TKB,ACH-002122
GUMBUS,ACH-001503
H103,ACH-001346
H157,ACH-001347
H2369,ACH-002123
H2373,ACH-002124
H2461,ACH-002125
H2591,ACH-002126
H2595,ACH-002127
H2722,ACH-002128
H2731,ACH-002129
H2795,ACH-002130
H2803,ACH-002131
H2804,ACH-002132
H2810,ACH-002133
H2818,ACH-002134
H2869,ACH-002135
H290,ACH-002136
H3118,ACH-002239
H314,ACH-001508
H357,ACH-001509
H376,ACH-001510
H4,ACH-000389
H413,ACH-001511
H513,ACH-002138
H9,ACH-002240
HA1E,ACH-001310
HA7EBV,ACH-002350
HA7RCC,ACH-002139
HAL01,ACH-002241
HAP1,ACH-002475
HARA,ACH-000843
HB1119,ACH-001736
HBEC3KT,ACH-003305
HBL100,ACH-002321
HC1,ACH-002242
HCA1,ACH-001513
HCC1008,ACH-001514
HCC1143,ACH-000374
HCC1143BL,ACH-002378
HCC1171,ACH-000578
HCC1187,ACH-000111
HCC1187BL,ACH-002373
HCC1195,ACH-000868
HCC1359,ACH-000901
HCC1395,ACH-000699
HCC1395BL,ACH-002382
HCC1419,ACH-000277
HCC1428,ACH-000352
HCC1438,ACH-000891
HCC15,ACH-000878
HCC1500,ACH-000349
HCC1569,ACH-000930
HCC1599,ACH-000196
HCC1599BL,ACH-002374
HCC1739BL,ACH-001828
HCC1806,ACH-000624
HCC1833,ACH-000712
HCC1897,ACH-001079
HCC1937,ACH-000223
HCC1937BL,ACH-002375
HCC1954,ACH-000859
HCC1954BL,ACH-002384
HCC202,ACH-000725
HCC2108,ACH-000314
HCC2157,ACH-000691
HCC2157BL,ACH-002381
HCC2185,ACH-002322
HCC2218,ACH-000755
HCC2218BL,ACH-002383
HCC2279,ACH-000731
HCC2429,ACH-000143
HCC2450,ACH-000975
HCC2688,ACH-002323
HCC2814,ACH-000690
HCC2935,ACH-000150
HCC2998,ACH-001081
HCC3153,ACH-002324
HCC33,ACH-000515
HCC364,ACH-000575
HCC366,ACH-000840
HCC38,ACH-000276
HCC38BL,ACH-002377
HCC4006,ACH-000066
HCC44,ACH-000667
HCC461,ACH-000339
HCC515,ACH-000872
HCC56,ACH-000467
HCC70,ACH-000668
HCC78,ACH-000562
HCC827,ACH-000012
HCC827GR,ACH-002333
HCC827GR5,ACH-000029
HCC95,ACH-000454
HCE4,ACH-002243
HCET,ACH-002336
HCMBROD0098C15,ACH-002981
HCMBROD0100C15,ACH-002837
HCMBROD0477C16,ACH-002733
HCMBROD0489C15,ACH-002871
HCS2,ACH-001515
HCSC1,ACH-001516
HCT116,ACH-000971
HCT15,ACH-000997
HCT8,ACH-001084
HDLM2,ACH-000267
HDMB03,ACH-001349
HDMYZ,ACH-000190
HDQP1,ACH-000643
HEC1,ACH-001517
HEC108,ACH-000990
HEC116,ACH-001518
HEC151,ACH-000972
HEC1A,ACH-000954
HEC1B,ACH-000941
HEC251,ACH-000996
HEC265,ACH-000946
HEC50B,ACH-000831
HEC59,ACH-000994
HEC6,ACH-000984
HEK293,ACH-001085
HEKTE,ACH-000049
HEL,ACH-000004
HEL9217,ACH-000005
HELA,ACH-001086
HEMCSS,ACH-001519
HEP3B217,ACH-000625
HEPG2,ACH-000739
HEY,ACH-002140
HEYA8,ACH-000542
HF,ACH-003108
HG3,ACH-001520
HGC27,ACH-000847
HH,ACH-000061
HHUA,ACH-002026
HIRSBM,ACH-002047
HK2,ACH-001087
HKA1,ACH-001521
HKBMM,ACH-002070
HKGZCC,ACH-001852
HL60,ACH-000002
HLC1,ACH-001088
HLE,ACH-001089
HLF,ACH-000393
HLFA,ACH-000797
HMC18,ACH-000721
HMCB,ACH-000931
HMEL,ACH-000642
HMMME,ACH-002033
HMVII,ACH-002040
HMY1,ACH-001522
HN,ACH-001090
HNT34,ACH-000299
HO1N1,ACH-002244
HO1U1,ACH-002045
HOKUG,ACH-002019
HOP62,ACH-000861
HOP92,ACH-000825
HOS,ACH-000613
HOTHC,ACH-002041
HOUAI,ACH-002027
HPAC,ACH-000270
HPAFII,ACH-000094
HPBALL,ACH-000942
HRT18,ACH-001091
HS172T,ACH-000088
HS229T,ACH-000131
HS255T,ACH-000199
HS274T,ACH-000134
HS281T,ACH-000083
HS294T,ACH-000014
HS343T,ACH-000184
HS38T,ACH-003221
HS445,ACH-002245
HS578T,ACH-000148
HS600T,ACH-000240
HS604T,ACH-001093
HS606T,ACH-000540
HS611T,ACH-000069
HS616T,ACH-000063
HS618T,ACH-000539
HS633T,ACH-002246
HS675T,ACH-000214
HS683,ACH-000067
HS688AT,ACH-000306
HS695T,ACH-000799
HS698T,ACH-000850
HS706T,ACH-000071
HS729,ACH-000133
HS737T,ACH-000185
HS739T,ACH-000413
HS742T,ACH-000230
HS746T,ACH-000616
HS751T,ACH-000165
HS766T,ACH-000178
HS819T,ACH-000224
HS821T,ACH-000526
HS822T,ACH-000229
HS834T,ACH-000275
HS839T,ACH-000180
HS840T,ACH-000284
HS852T,ACH-000274
HS856T,ACH-003111
HS860T,ACH-001712
HS863T,ACH-000119
HS870T,ACH-000340
HS888T,ACH-000154
HS895T,ACH-000043
HS934T,ACH-000194
HS936T,ACH-000801
HS939T,ACH-000814
HS940T,ACH-000135
HS944T,ACH-000632
HSC1,ACH-001523
HSC2,ACH-000472
HSC3,ACH-000778
HSC39,ACH-002141
HSC4,ACH-000546
HSC5,ACH-001524
HSJDDIPG007,ACH-002348
HSKTC,ACH-002038
HSOS1,ACH-002069
HSPSS,ACH-002065
HSQ89,ACH-002044
HSSCH2,ACH-002066
HSSYII,ACH-002085
HT,ACH-000914
HT1080,ACH-000054
HT115,ACH-000986
HT1197,ACH-000547
HT1376,ACH-000724
HT144,ACH-000322
HT144SKINFV1,ACH-002458
HT144SKINFV2,ACH-002460
HT144SKINFV3,ACH-002459
HT29,ACH-000552
HT3,ACH-001525
HT55,ACH-000926
HTCC3,ACH-001350
HTK,ACH-001094
HTMMT,ACH-002046
HTST,ACH-002050
HUCCT1,ACH-000976
HUG1N,ACH-000239
HUH1,ACH-000475
HUH28,ACH-000808
HUH6,ACH-000671
HUH7,ACH-000480
HUNS1,ACH-000829
HUO3N1,ACH-002142
HUO9,ACH-001526
HUPT3,ACH-000118
HUPT4,ACH-000213
HUT102,ACH-000612
HUT78,ACH-000509
HUTU80,ACH-000538
Het1A,ACH-003307
HuLaPC,ACH-003313
IALM,ACH-000672
IGR1,ACH-000882
IGR37,ACH-000650
IGR39,ACH-000550
IGROV1,ACH-000966
IHH4,ACH-001528
IM9,ACH-002247
IM95,ACH-000919
IMR32,ACH-000310
IMR5,ACH-002248
INA6,ACH-000512
IOMMLEE,ACH-000629
IPC298,ACH-000915
IPMBO053L,ACH-002883
IPMBO053R,ACH-002884
IPMBO056,ACH-002885
IS076A,ACH-002706
IS076P,ACH-002705
ISHIKAWAHERAKLIO02ER,ACH-000961
ISTMEL1,ACH-002143
ISTMES1,ACH-000569
ISTMES2,ACH-000331
ISTSL1,ACH-002144
ISTSL2,ACH-002145
J82,ACH-000396
J82EBV,ACH-002379
JAR,ACH-001529
JEG3,ACH-001530
JEKO1,ACH-000357
JHESOAD1,ACH-000216
JHH1,ACH-000620
JHH2,ACH-000577
JHH4,ACH-000476
JHH5,ACH-000734
JHH6,ACH-000217
JHH7,ACH-000848
JHOC5,ACH-000324
JHOM1,ACH-000237
JHOM2B,ACH-000333
JHOS2,ACH-000132
JHOS3,ACH-002146
JHOS4,ACH-000584
JHU011,ACH-002249
JHU022,ACH-002250
JHU028,ACH-002337
JHU029,ACH-002251
JHUEM1,ACH-000928
JHUEM2,ACH-000909
JHUEM3,ACH-000173
JHUEM7,ACH-000993
JIH5,ACH-002653
JIMT1,ACH-000711
JIYOYEP2003,ACH-002252
JJN3,ACH-000653
JK1,ACH-000241
JL1,ACH-000645
JM1,ACH-000151
JMP1,ACH-003107
JMSU1,ACH-000753
JMURTK2,ACH-001532
JOPACA1,ACH-001353
JR,ACH-001096
JSC1,ACH-002253
JURKAT,ACH-000995
JURLMK1,ACH-000326
JVE015,ACH-002654
JVE127,ACH-002659
JVE187,ACH-002660
JVE207,ACH-002662
JVE253,ACH-002664
JVE367,ACH-002665
JVE528,ACH-002667
JVM2,ACH-000106
JVM3,ACH-000346
K029AX,ACH-000404
K2,ACH-002147
K5,ACH-002148
K562,ACH-000551
KALS1,ACH-000231
KARPAS1106P,ACH-002254
KARPAS1718,ACH-001533
KARPAS231,ACH-002255
KARPAS299,ACH-000053
KARPAS384,ACH-001097
KARPAS422,ACH-000315
KARPAS45,ACH-002256
KARPAS620,ACH-000193
KASUMI1,ACH-000263
KASUMI2,ACH-000728
KASUMI3,ACH-002668
KASUMI6,ACH-000166
KATOIII,ACH-000793
KCIMOH1,ACH-001098
KCL22,ACH-000983
KD,ACH-001099
KE37,ACH-000101
KE39,ACH-000507
KE97,ACH-000167
KELLY,ACH-000259
KG1,ACH-000386
KG1C,ACH-000126
KGN,ACH-002149
KHM1B,ACH-000564
KHYG1,ACH-001100
KIJK,ACH-000773
KINGS1,ACH-002257
KKU055,ACH-001537
KKU100,ACH-001536
KKU213,ACH-001538
KLE,ACH-000293
KLM1,ACH-001101
KM12,ACH-000969
KMBC2,ACH-000862
KMCH1,ACH-001853
KMH2,ACH-000815
KMHDASH2,ACH-002397
KML1,ACH-001539
KMLS1,ACH-001540
KMM1,ACH-000889
KMOE2,ACH-002258
KMRC1,ACH-000684
KMRC2,ACH-000709
KMRC20,ACH-000250
KMRC3,ACH-000313
KMS11,ACH-000714
KMS12BM,ACH-000380
KMS18,ACH-000658
KMS20,ACH-000426
KMS21BM,ACH-000598
KMS26,ACH-000588
KMS27,ACH-000576
KMS28BM,ACH-000419
KMS28PE,ACH-001541
KMS34,ACH-000541
KNS42,ACH-000622
KNS60,ACH-000445
KNS62,ACH-000858
KNS81,ACH-000479
KNS81FD,ACH-002259
KO52,ACH-000498
KON,ACH-001542
KOPN8,ACH-001106
KOSC2,ACH-001543
KP1N,ACH-001107
KP2,ACH-000281
KP3,ACH-000108
KP363T,ACH-002669
KP4,ACH-000265
KPL1,ACH-000028
KPMRTRY,ACH-001109
KPNRTBM1,ACH-000345
KPNSI9S,ACH-000446
KPNYN,ACH-000227
KPNYS,ACH-002261
KS1,ACH-000631
KU1919,ACH-000486
KU812,ACH-000074
KURAMOCHI,ACH-000524
KY821,ACH-002262
KYAE1,ACH-001544
KYM1,ACH-000607
KYO1,ACH-000604
KYSE140,ACH-000823
KYSE150,ACH-000855
KYSE180,ACH-000693
KYSE220,ACH-002263
KYSE270,ACH-000873
KYSE30,ACH-000777
KYSE410,ACH-000809
KYSE450,ACH-000865
KYSE50,ACH-002264
KYSE510,ACH-000824
KYSE520,ACH-000637
KYSE70,ACH-000784
L1236,ACH-000702
L33,ACH-000685
L363,ACH-000183
L428,ACH-000754
L540,ACH-000806
L542,ACH-002351
L82,ACH-001111
LAMA84,ACH-000301
LAN2,ACH-001354
LAN6,ACH-001355
LASCPC01,ACH-003019
LB1047EBV,ACH-002352
LB1047RCC,ACH-002150
LB2241EBV,ACH-002353
LB2241RCC,ACH-002151
LB2518EBV,ACH-002354
LB2518MEL,ACH-002152
LB373EBV,ACH-002355
LB373MELD,ACH-002153
LB647PBL,ACH-002356
LB647SCLC,ACH-002154
LB771HNC,ACH-002265
LB771PBL,ACH-002357
LB831BLC,ACH-002266
LB831EBV,ACH-002358
LB996RCC,ACH-002155
LC1F,ACH-000705
LC1SQ,ACH-002156
LC1SQSF,ACH-001113
LC2AD,ACH-002157
LC41,ACH-002267
LCAM1,ACH-002035
LCLC103H,ACH-000627
LCLC97TM1,ACH-000596
LI7,ACH-000471
LK2,ACH-000769
LMSU,ACH-000255
LN18,ACH-000819
LN215,ACH-000328
LN229,ACH-000595
LN235,ACH-000591
LN319,ACH-000128
LN340,ACH-000634
LN382,ACH-000215
LN405,ACH-002268
LN428,ACH-000455
LN443,ACH-000673
LN464,ACH-000676
LNCAPCLONEFGC,ACH-000977
LNZ308,ACH-000760
LNZTA3WT4,ACH-002269
LO68,ACH-001547
LOUCY,ACH-000104
LOUNH91,ACH-000176
LOVO,ACH-000950
LOXIMVI,ACH-000750
LP1,ACH-000204
LPS067,ACH-001807
LPS141,ACH-001799
LPS27,ACH-001793
LPS510,ACH-001804
LPS6,ACH-001791
LPS853,ACH-001802
LS,ACH-001548
LS1034,ACH-000252
LS1034PBL,ACH-002376
LS123,ACH-000501
LS180,ACH-000957
LS411N,ACH-000985
LS513,ACH-000007
LU134A,ACH-002051
LU135,ACH-001549
LU138,ACH-002075
LU139,ACH-002052
LU143,ACH-002074
LU165,ACH-002077
LU65,ACH-000438
LU99,ACH-000444
LU99A,ACH-002158
LUDLU1,ACH-000390
LXF289,ACH-000787
M00921,ACH-002386
M040416,ACH-002510
M059J,ACH-001118
M059K,ACH-000152
M07E,ACH-000602
M104325,ACH-002511
M1203273,ACH-002387
M14,ACH-002159
M980513,ACH-002338
MAC2A,ACH-001119
MACLS2,ACH-002326
MALME3M,ACH-000477
MAMEL27,ACH-001953
MAMEL46,ACH-001949
MAPACHS77,ACH-002672
MAVER1,ACH-002485
MB1,ACH-001356
MC116,ACH-000583
MCAS,ACH-000796
MCC13,ACH-001550
MCC142,ACH-001551
MCC26,ACH-001552
MCCAR,ACH-002270
MCF10A,ACH-001357
MCF12A,ACH-002327
MCF7,ACH-000019
MCIXC,ACH-002160
MDAMB134VI,ACH-000044
MDAMB157,ACH-000621
MDAMB175VII,ACH-000759
MDAMB231,ACH-000768
MDAMB330,ACH-001358
MDAMB361,ACH-000934
MDAMB415,ACH-000876
MDAMB435S,ACH-000884
MDAMB436,ACH-000573
MDAMB453,ACH-000910
MDAMB468,ACH-000849
MDAPCA2B,ACH-000952
MDST8,ACH-000935
ME1,ACH-000439
ME180,ACH-001359
MEC1,ACH-000405
MEC2,ACH-001121
MEG01,ACH-000072
MEGAL,ACH-002644
MEL202,ACH-001554
MEL270,ACH-002014
MEL285,ACH-002015
MEL290,ACH-002016
MELHO,ACH-000450
MELJUSO,ACH-000881
MERO14,ACH-001555
MERO25,ACH-001556
MERO41,ACH-001557
MERO48A,ACH-001558
MERO82,ACH-001559
MERO83,ACH-001560
MERO84,ACH-001561
MERO95,ACH-001562
MESOV,ACH-002486
MESSA,ACH-000449
MET2B,ACH-002388
MEWO,ACH-000987
MFE280,ACH-000192
MFE296,ACH-000879
MFE319,ACH-000988
MFHINO,ACH-002271
MFM223,ACH-001819
MG63,ACH-000359
MGHAOVC1,ACH-001997
MGHECC3,ACH-001841
MGHECC4,ACH-001843
MGHGB2,ACH-001961
MGHICC10,ACH-001834
MGHICC106,ACH-001835
MGHICC108,ACH-001836
MGHICC12,ACH-001838
MGHICC137,ACH-001839
MGHICC16,ACH-001994
MGHICC18,ACH-001996
MGHICC2,ACH-001842
MGHICC4,ACH-001844
MGHICC5,ACH-001845
MGHICC6,ACH-001846
MGHICC7,ACH-001847
MGHICC8,ACH-001848
MGHICC9,ACH-001849
MHHCALL2,ACH-000020
MHHCALL3,ACH-000032
MHHCALL4,ACH-000156
MHHES1,ACH-000391
MHHNB11,ACH-000078
MHHPREB1,ACH-002272
MIAPACA2,ACH-000601
MINO,ACH-000220
MJ,ACH-000077
MKL1,ACH-001122
MKL2,ACH-001123
MKN1,ACH-000351
MKN28,ACH-002161
MKN45,ACH-000356
MKN7,ACH-000678
MKN74,ACH-000758
ML1,ACH-000058
ML2,ACH-002273
MLMA,ACH-002274
MM100511,ACH-002928
MM127,ACH-001563
MM160113,ACH-002512
MM1S,ACH-000763
MM253,ACH-001970
MM28,ACH-002013
MM370,ACH-001566
MM383,ACH-001567
MM386,ACH-001568
MM415,ACH-001569
MM426,ACH-001570
MM466,ACH-001971
MM473,ACH-001972
MM485,ACH-001973
MM537,ACH-001974
MM576,ACH-001975
MM603,ACH-001976
MMAC,ACH-002084
MMACSF,ACH-002162
MMNK1,ACH-001854
MN60,ACH-002275
MO,ACH-001571
MO91,ACH-002716
MOGGCCM,ACH-001125
MOGGUVW,ACH-001126
MOLM1,ACH-001573
MOLM13,ACH-000362
MOLM14,ACH-001574
MOLM16,ACH-000369
MOLM6,ACH-000321
MOLP2,ACH-000453
MOLP8,ACH-000745
MOLT13,ACH-000795
MOLT16,ACH-000918
MOLT3,ACH-000964
MOLT4,ACH-001127
MON,ACH-001128
MONOMAC1,ACH-001129
MONOMAC6,ACH-000006
MORCPR,ACH-000851
MOT,ACH-002339
MOTN1,ACH-001130
MP41,ACH-002010
MP46,ACH-002011
MPNST724,ACH-002710
MPP89,ACH-000319
MRKNU1,ACH-002163
MS1,ACH-001958
MS751,ACH-001360
MSDASH1,ACH-001131
MSTO211H,ACH-000335
MTA,ACH-001132
MUTZ3,ACH-000084
MUTZ5,ACH-000492
MUTZ8,ACH-001577
MV411,ACH-000045
MX1,ACH-002328
MY,ACH-002060
MYLA,ACH-001134
MYM12,ACH-002276
MZ1B,ACH-002360
MZ1PC,ACH-002164
MZ2MEL,ACH-002165
MZ7B,ACH-002361
MZ7MEL,ACH-002166
NALM1,ACH-000462
NALM16,ACH-001993
NALM19,ACH-000130
NALM6,ACH-000938
NAMALWA,ACH-000944
NB1,ACH-000804
NB10,ACH-002278
NB12,ACH-002279
NB13,ACH-002280
NB14,ACH-002281
NB1643,ACH-001303
NB17,ACH-002282
NB4,ACH-000294
NB5,ACH-002283
NB6,ACH-002284
NB69,ACH-002083
NB7,ACH-002285
NBSUSSR,ACH-002340
NBTU110,ACH-002277
NCC010,ACH-002167
NCC021,ACH-002168
NCCCCS1BC1,ACH-002792
NCCCDS1X1C1,ACH-002795
NCCCDS1X3C1,ACH-002796
NCCDCS1C1,ACH-002781
NCCDFSP2C1,ACH-002798
NCCES1C1,ACH-002780
NCCIT,ACH-001578
NCCLMS1C1,ACH-002785
NCCMFS1C1,ACH-002794
NCCMPNST1C1,ACH-002799
NCCMPNST2C1,ACH-002800
NCCMPNST3C1,ACH-002801
NCCMPNST3X2C1,ACH-002802
NCCOS1X2C1,ACH-002778
NCCPRMS1C1,ACH-002787
NCCSS1C1,ACH-002789
NCCSS2C1,ACH-002790
NCCSTCK140,ACH-000110
NCCUPS1C1,ACH-002782
NCCUPS2C1,ACH-002784
NCIBL128,ACH-002362
NCIBL1395,ACH-002363
NCIBL1437,ACH-002364
NCIBL1770,ACH-002365
NCIBL2009,ACH-002366
NCIBL2052,ACH-002367
NCIBL2087,ACH-002368
NCIBL209,ACH-002369
NCIBL2122,ACH-002370
NCIBL2126,ACH-002371
NCIBL2171,ACH-002372
NCIH1048,ACH-000866
NCIH1092,ACH-000514
NCIH1105,ACH-000780
NCIH1155,ACH-000980
NCIH1184,ACH-000523
NCIH128,ACH-002286
NCIH1299,ACH-000510
NCIH1304,ACH-002169
NCIH1341,ACH-000129
NCIH1355,ACH-000666
NCIH1373,ACH-000845
NCIH1385,ACH-000737
NCIH1395,ACH-000327
NCIH1417,ACH-001591
NCIH1435,ACH-000852
NCIH1436,ACH-000830
NCIH1437,ACH-000589
NCIH1450,ACH-003119
NCIH146,ACH-000506
NCIH1563,ACH-000892
NCIH1568,ACH-000869
NCIH1573,ACH-000916
NCIH157DM,ACH-000921
NCIH1581,ACH-000015
NCIH1607,ACH-003120
NCIH1618,ACH-000179
NCIH1623,ACH-000744
NCIH1648,ACH-000766
NCIH1650,ACH-000035
NCIH1651,ACH-000893
NCIH1666,ACH-000448
NCIH1688,ACH-002170
NCIH1693,ACH-000021
NCIH1694,ACH-000431
NCIH1703,ACH-000747
NCIH1734,ACH-000675
NCIH1755,ACH-000282
NCIH1770,ACH-001362
NCIH1781,ACH-000379
NCIH1792,ACH-000496
NCIH1793,ACH-000888
NCIH1819,ACH-000033
NCIH1836,ACH-000559
NCIH1838,ACH-000733
NCIH1869,ACH-000894
NCIH187,ACH-001136
NCIH1876,ACH-000586
NCIH1882,ACH-002490
NCIH1915,ACH-000434
NCIH1930,ACH-000870
NCIH1944,ACH-000414
NCIH196,ACH-000752
NCIH1963,ACH-000729
NCIH1975,ACH-000587
NCIH1993,ACH-001137
NCIH2004RT,ACH-000533
NCIH2009,ACH-000886
NCIH2023,ACH-000781
NCIH2029,ACH-000298
NCIH2030,ACH-000521
NCIH2052,ACH-000153
NCIH2066,ACH-000727
NCIH2073,ACH-000590
NCIH2081,ACH-000394
NCIH2085,ACH-000451
NCIH2087,ACH-000841
NCIH209,ACH-000290
NCIH2106,ACH-000904
NCIH211,ACH-000639
NCIH2110,ACH-000929
NCIH2122,ACH-000311
NCIH2126,ACH-000785
NCIH2135,ACH-001363
NCIH2141,ACH-001138
NCIH2170,ACH-000481
NCIH2171,ACH-000525
NCIH2172,ACH-000924
NCIH2196,ACH-000399
NCIH2227,ACH-000610
NCIH2228,ACH-000447
NCIH226,ACH-000367
NCIH2286,ACH-000912
NCIH2291,ACH-000718
NCIH23,ACH-000900
NCIH2342,ACH-000951
NCIH2347,ACH-000875
NCIH2405,ACH-000121
NCIH2444,ACH-000186
NCIH2452,ACH-000092
NCIH250,ACH-002171
NCIH2679,ACH-003121
NCIH28,ACH-000648
NCIH2882,ACH-000700
NCIH2887,ACH-000251
NCIH292,ACH-001075
NCIH295R,ACH-001598
NCIH3122,ACH-000337
NCIH322,ACH-000837
NCIH322M,ACH-002172
NCIH3255,ACH-000109
NCIH345,ACH-001364
NCIH358,ACH-000860
NCIH378,ACH-002173
NCIH441,ACH-000638
NCIH446,ACH-000800
NCIH460,ACH-000463
NCIH508,ACH-000360
NCIH510,ACH-000871
NCIH520,ACH-000395
NCIH522,ACH-000343
NCIH524,ACH-000816
NCIH526,ACH-000767
NCIH596,ACH-000628
NCIH630,ACH-002287
NCIH64,ACH-001599
NCIH647,ACH-000378
NCIH650,ACH-000945
NCIH660,ACH-000177
NCIH661,ACH-000853
NCIH684,ACH-000089
NCIH69,ACH-000358
NCIH716,ACH-000491
NCIH720,ACH-002174
NCIH727,ACH-000775
NCIH740,ACH-002175
NCIH747,ACH-000403
NCIH748,ACH-003071
NCIH774,ACH-003061
NCIH810,ACH-000789
NCIH82,ACH-000355
NCIH835,ACH-002177
NCIH838,ACH-000416
NCIH841,ACH-000292
NCIH847,ACH-001365
NCIH854,ACH-000710
NCIH889,ACH-000297
NCIH920,ACH-002497
NCIH929,ACH-000050
NCIN87,ACH-000427
NCO2,ACH-000076
NEC8,ACH-002288
NGP,ACH-001366
NH12,ACH-001603
NH6,ACH-000203
NH84T,ACH-002951
NH93T,ACH-002950
NHAHTDD,ACH-001142
NIHOVCAR3,ACH-000001
NK92MI,ACH-002289
NKL,ACH-001143
NKM1,ACH-002290
NMB,ACH-001367
NMCG1,ACH-000200
NO10,ACH-001605
NO11,ACH-001606
NO36,ACH-001977
NOMO1,ACH-000168
NOS1,ACH-002067
NOZ,ACH-001607
NP2,ACH-001608
NP3,ACH-001609
NP5,ACH-001610
NP8,ACH-001611
NRHGCT1,ACH-003176
NRHGCT2,ACH-003191
NRHLMS1,ACH-003181
NRHLMS2,ACH-003184
NRHMFS3,ACH-003183
NRHUPS1,ACH-003177
NRHUPS2,ACH-003180
NRHUPS4,ACH-003187
NTERA2CLD1,ACH-002291
NUDHL1,ACH-000388
NUDUL1,ACH-000287
NUGC2,ACH-000761
NUGC3,ACH-000911
NUGC4,ACH-000674
NY,ACH-002178
NZM1,ACH-001978
NZM11,ACH-001979
NZM12,ACH-001980
NZM2,ACH-001981
NZM3,ACH-001982
NZM30,ACH-001983
NZM4,ACH-001984
NZM40,ACH-001985
NZM42,ACH-001986
NZM43,ACH-001987
NZM5,ACH-001988
NZM6,ACH-001989
NZM7,ACH-001990
NZOV9,ACH-001991
OACM51,ACH-001368
OACP4C,ACH-002292
OANC1,ACH-002703
OAW28,ACH-000116
OAW42,ACH-000704
OC314,ACH-000962
OC315,ACH-001144
OC316,ACH-001145
OCIAML2,ACH-000113
OCIAML3,ACH-000336
OCIAML4,ACH-001613
OCIAML5,ACH-000065
OCIC4P,ACH-001719
OCIC5X,ACH-001369
OCILY10,ACH-001146
OCILY12,ACH-001147
OCILY132,ACH-001148
OCILY18,ACH-001616
OCILY19,ACH-000124
OCILY3,ACH-000158
OCILY7,ACH-001617
OCIM1,ACH-000751
OCIM2,ACH-001618
OCIMY5,ACH-000854
OCIMY7,ACH-000436
OCIP5X,ACH-001370
OCUBM,ACH-002179
OCUG1,ACH-001619
OCUM1,ACH-000247
OE19,ACH-000679
OE21,ACH-000544
OE33,ACH-000383
OELE,ACH-000494
OMC1,ACH-002180
OMM1,ACH-002017
OMM25,ACH-002018
ONCODG1,ACH-000013
ONDA7,ACH-001622
ONDA8,ACH-001623
ONDA9,ACH-001624
ONE58,ACH-001992
ONS76,ACH-000776
OPM1,ACH-000057
OPM2,ACH-000024
OS052,ACH-002471
OS186,ACH-002470
OS252,ACH-001814
OS384,ACH-002834
OS457,ACH-002688
OS525,ACH-002689
OS526,ACH-002690
OSC19,ACH-001625
OSC20,ACH-001626
OSRC2,ACH-000159
OSUDES23,ACH-002722
OUMS23,ACH-000296
OUMS27,ACH-001150
OV17R,ACH-001373
OV56,ACH-000091
OV7,ACH-000688
OV90,ACH-000291
OVCA420,ACH-002181
OVCA433,ACH-002182
OVCAR4,ACH-000617
OVCAR5,ACH-001151
OVCAR8,ACH-000696
OVISE,ACH-000527
OVK18,ACH-000947
OVKATE,ACH-000443
OVMANA,ACH-000646
OVMIU,ACH-002183
OVSAHO,ACH-000409
OVTOKO,ACH-000663
OZ,ACH-001855
P12ICHIKAWA,ACH-000372
P2URK562,ACH-002061
P30OHK,ACH-002059
P31FUJ,ACH-000770
P32ISH,ACH-002293
P3HR1,ACH-000707
P4E6,ACH-001627
PA1,ACH-001374
PACADD119,ACH-001375
PACADD135,ACH-001376
PACADD137,ACH-001377
PACADD159,ACH-001378
PACADD161,ACH-001379
PACADD165,ACH-001380
PACADD188,ACH-001382
PANC0203,ACH-000042
PANC0213,ACH-000031
PANC0327,ACH-000139
PANC0403,ACH-000235
PANC0504,ACH-000093
PANC0813,ACH-000417
PANC1,ACH-000164
PANC1005,ACH-000060
PANFR0069,ACH-002745
PANFR0233,ACH-002742
PANFR0368,ACH-002743
PANFR0402,ACH-002744
PANFR0420,ACH-002738
PATU8902,ACH-000599
PATU8988S,ACH-000022
PATU8988T,ACH-000023
PC14,ACH-000030
PC3,ACH-000090
PC3JPC3,ACH-002184
PC9,ACH-000779
PCI15A,ACH-002294
PCI30,ACH-002295
PCI38,ACH-002296
PCI4B,ACH-002297
PCI6A,ACH-002298
PCM6,ACH-001162
PEA1,ACH-001628
PECAPJ15,ACH-000619
PECAPJ34CLONEC12,ACH-000606
PECAPJ41CLONED2,ACH-000732
PECAPJ49,ACH-000735
PEER,ACH-000519
PEO1,ACH-001630
PEO4,ACH-001632
PETA,ACH-001170
PF382,ACH-000937
PFEIFFER,ACH-000140
PFSK1,ACH-001711
PGA1,ACH-001634
PK1,ACH-000307
PK45H,ACH-000468
PK59,ACH-000205
PK8,ACH-002039
PL21,ACH-000218
PL4,ACH-002186
PL45,ACH-001171
PLB985,ACH-000034
PLCPRF5,ACH-001318
PRECLH,ACH-000170
PSN1,ACH-000320
PWR1E,ACH-001383
QGP1,ACH-000347
QIMRWIL,ACH-002299
RAJI,ACH-000654
RAMOS,ACH-001636
RAMOS2G64C10,ACH-002300
RBE,ACH-001856
RC,ACH-003106
RC2,ACH-001743
RCC10RGB,ACH-000189
RCC4,ACH-001175
RCCAB,ACH-002187
RCCER,ACH-002188
RCCFG2,ACH-002189
RCCJF,ACH-002190
RCCJW,ACH-002191
RCCMF,ACH-002192
RCHACV,ACH-000922
RCK8,ACH-001638
RCM1,ACH-000565
RD,ACH-000169
RDES,ACH-000041
RDP3F14,ACH-001760
RDP3F7,ACH-001758
RDP3F9,ACH-001759
RDPCDNA1,ACH-001756
REC1,ACH-000068
REH,ACH-000960
RERFGC1B,ACH-000144
RERFLCAD1,ACH-000791
RERFLCAD2,ACH-000774
RERFLCAI,ACH-000261
RERFLCFM,ACH-002193
RERFLCKJ,ACH-000482
RERFLCMS,ACH-000062
RERFLCSQ1,ACH-000442
RF48,ACH-002301
RH18,ACH-000689
RH28,ACH-001740
RH30,ACH-000833
RH36,ACH-001751
RH4,ACH-001765
RH41,ACH-000100
RHJT,ACH-001745
RI1,ACH-000398
RKN,ACH-000505
RKO,ACH-000943
RL,ACH-000371
RL952,ACH-000965
RMGI,ACH-000719
RMSYM,ACH-002048
RMUGS,ACH-000701
RMZ,ACH-002501
RO82W1,ACH-001384
ROS50,ACH-001639
RPE1SS111,ACH-002466
RPE1SS119,ACH-002465
RPE1SS48,ACH-002462
RPE1SS51,ACH-002467
RPE1SS6,ACH-002464
RPE1SS77,ACH-002463
RPMI2650,ACH-001385
RPMI6666,ACH-001182
RPMI7951,ACH-000348
RPMI8226,ACH-000817
RPMI8402,ACH-000636
RPMI8866,ACH-002302
RS411,ACH-000874
RS5,ACH-000531
RT112,ACH-000473
RT11284,ACH-001183
RT4,ACH-000242
RVH421,ACH-000614
RVH421SKINFV1,ACH-002461
RXF393,ACH-002195
S117,ACH-000037
S462,ACH-002693
SA3,ACH-002030
SALE,ACH-000064
SAOS2,ACH-000410
SAS,ACH-002029
SAT,ACH-001641
SBC1,ACH-002196
SBC3,ACH-002197
SBC5,ACH-000670
SC1,ACH-002392
SCABER,ACH-000839
SCC15,ACH-000254
SCC25,ACH-000188
SCC3,ACH-001642
SCC4,ACH-000238
SCC9,ACH-000181
SCCH196,ACH-001643
SCCOHT1,ACH-001279
SCH,ACH-002198
SCLC21H,ACH-000659
SCLC22H,ACH-001386
SCMCRM2,ACH-001184
SCS214,ACH-001280
SEKI,ACH-001645
SEM,ACH-000782
SEMK2,ACH-001735
SET2,ACH-000195
SF126,ACH-000609
SF172,ACH-000887
SF268,ACH-000655
SF295,ACH-000376
SF539,ACH-000273
SF767,ACH-000490
SG231,ACH-001857
SH10TC,ACH-000764
SH2,ACH-002675
SH4,ACH-000441
SHI1,ACH-001647
SHMAC4,ACH-001648
SHMAC5,ACH-001649
SHP77,ACH-000790
SHSY5Y,ACH-001188
SIGM5,ACH-000112
SIHA,ACH-000556
SIMA,ACH-000099
SISO,ACH-001650
SJRH30,ACH-001189
SJSA1,ACH-000748
SKBR3,ACH-000017
SKBR5,ACH-002329
SKBR7,ACH-002330
SKCO1,ACH-000400
SKES1,ACH-000087
SKGI,ACH-001651
SKGII,ACH-001652
SKGIIIA,ACH-002020
SKGT2,ACH-001653
SKGT4,ACH-001654
SKHEP1,ACH-000361
SKLMS1,ACH-000145
SKLU1,ACH-000309
SKM1,ACH-000373
SKMEL1,ACH-000465
SKMEL19,ACH-002005
SKMEL2,ACH-001190
SKMEL24,ACH-000822
SKMEL28,ACH-000615
SKMEL3,ACH-000423
SKMEL30,ACH-000810
SKMEL31,ACH-000640
SKMEL5,ACH-000730
SKMES1,ACH-000665
SKMG1,ACH-002304
SKMM2,ACH-000363
SKN,ACH-001655
SKN3,ACH-002305
SKNAS,ACH-000260
SKNBE2,ACH-000312
SKNDZ,ACH-000366
SKNEP1,ACH-001192
SKNFI,ACH-000341
SKNMC,ACH-000039
SKNMM,ACH-002922
SKNO1,ACH-001656
SKNSH,ACH-000149
SKOV3,ACH-000811
SKPNDW,ACH-001193
SKRC31,ACH-001194
SKRC52,ACH-000385
SKUT1,ACH-000939
SLR20,ACH-000127
SLR21,ACH-000016
SLR23,ACH-000246
SLR24,ACH-000272
SLR25,ACH-000300
SLR26,ACH-000600
SLVL,ACH-002062
SMSCTR,ACH-001196
SMZ1,ACH-001197
SN12C,ACH-002199
SNB19,ACH-001198
SNB75,ACH-000504
SNGM,ACH-000974
SNU1,ACH-000932
SNU1033,ACH-000286
SNU1040,ACH-000999
SNU1041,ACH-000618
SNU1066,ACH-000682
SNU1076,ACH-000549
SNU1077,ACH-000302
SNU1079,ACH-000209
SNU1105,ACH-000368
SNU119,ACH-000635
SNU1196,ACH-000461
SNU1197,ACH-000412
SNU1214,ACH-000715
SNU1235,ACH-002538
SNU1272,ACH-000513
SNU1327,ACH-002526
SNU1330,ACH-002529
SNU1406,ACH-002543
SNU1411,ACH-002532
SNU1460,ACH-002539
SNU1544,ACH-001786
SNU16,ACH-000581
SNU175,ACH-000989
SNU1750,ACH-002544
SNU182,ACH-000483
SNU201,ACH-000623
SNU213,ACH-000266
SNU216,ACH-000466
SNU2292,ACH-002522
SNU2372,ACH-001662
SNU245,ACH-000268
SNU251,ACH-002524
SNU2535,ACH-002531
SNU254,ACH-002535
SNU267,ACH-002528
SNU283,ACH-000708
SNU308,ACH-000141
SNU324,ACH-000933
SNU349,ACH-000907
SNU387,ACH-000478
SNU398,ACH-000221
SNU407,ACH-000955
SNU410,ACH-000517
SNU423,ACH-000493
SNU449,ACH-000420
SNU46,ACH-000500
SNU466,ACH-000289
SNU475,ACH-000422
SNU478,ACH-000377
SNU482,ACH-002533
SNU489,ACH-000543
SNU5,ACH-000303
SNU503,ACH-000683
SNU520,ACH-000908
SNU601,ACH-000736
SNU61,ACH-000532
SNU620,ACH-000325
SNU626,ACH-000370
SNU638,ACH-001664
SNU668,ACH-000344
SNU685,ACH-000407
SNU719,ACH-000898
SNU738,ACH-000807
SNU739,ACH-002523
SNU761,ACH-000537
SNU8,ACH-000460
SNU81,ACH-000991
SNU840,ACH-000280
SNU869,ACH-000182
SNU878,ACH-000686
SNU886,ACH-000316
SNU899,ACH-000692
SNU977,ACH-002530
SNUC1,ACH-000722
SNUC2A,ACH-000967
SNUC2B,ACH-001199
SNUC4,ACH-000959
SNUC5,ACH-000970
SQ1,ACH-000553
SR786,ACH-000338
SS1A,ACH-002334
SSP25,ACH-001858
ST486,ACH-000567
STM9101,ACH-001200
STS0421,ACH-002306
STS26T,ACH-002695
SU8686,ACH-000114
SUCCS1,ACH-001667
SUDHL1,ACH-000664
SUDHL10,ACH-000271
SUDHL16,ACH-002307
SUDHL2,ACH-002498
SUDHL4,ACH-000365
SUDHL5,ACH-000660
SUDHL6,ACH-000611
SUDHL8,ACH-000656
SUIT2,ACH-000652
SUM102PT,ACH-001388
SUM1315MO2,ACH-001389
SUM149PT,ACH-001390
SUM159PT,ACH-001391
SUM185PE,ACH-001392
SUM190PT,ACH-001393
SUM225CWN,ACH-001397
SUM229PE,ACH-001394
SUM44PE,ACH-001395
SUM52PE,ACH-001396
SUMB002,ACH-001201
SUPB15,ACH-000059
SUPB8,ACH-002308
SUPHD1,ACH-001203
SUPM2,ACH-000226
SUPT1,ACH-000953
SUPT11,ACH-000122
SUSA,ACH-001668
SW1088,ACH-000437
SW1116,ACH-000489
SW1271,ACH-000890
SW13,ACH-001401
SW1353,ACH-000418
SW1417,ACH-000236
SW1463,ACH-000470
SW156,ACH-001398
SW1573,ACH-000677
SW1710,ACH-000566
SW1783,ACH-000883
SW1990,ACH-000155
SW403,ACH-000820
SW48,ACH-000958
SW480,ACH-000842
SW527,ACH-001825
SW579,ACH-000163
SW620,ACH-000651
SW626,ACH-001399
SW684,ACH-002309
SW756,ACH-001402
SW780,ACH-000384
SW837,ACH-000421
SW872,ACH-002310
SW900,ACH-000669
SW948,ACH-000680
SW954,ACH-001400
SW962,ACH-002200
SW982,ACH-001274
SYO1,ACH-001275
T173,ACH-000529
T24,ACH-000018
T3M10,ACH-000813
T3M11,ACH-002034
T3M3,ACH-002021
T3M4,ACH-000085
T3M5,ACH-002042
T47D,ACH-000147
T84,ACH-000381
T98G,ACH-000571
TALL1,ACH-000197
TANOUE,ACH-001669
TASK1,ACH-001670
TB096,ACH-002806
TC106,ACH-001283
TC138,ACH-001430
TC205,ACH-001431
TC28a2,ACH-003296
TC32,ACH-001205
TC71,ACH-000424
TCCPAN2,ACH-000502
TCCSUP,ACH-000720
TCYIK,ACH-002201
TDOTT,ACH-000561
TE1,ACH-000647
TE10,ACH-000318
TE11,ACH-000488
TE12,ACH-002311
TE125T,ACH-000079
TE14,ACH-000726
TE15,ACH-000353
TE159T,ACH-000175
TE4,ACH-000917
TE441T,ACH-000772
TE5,ACH-000408
TE6,ACH-000605
TE617T,ACH-000051
TE8,ACH-000452
TE9,ACH-000694
TEN,ACH-000397
TERA1,ACH-001671
TERA2,ACH-001672
TF1,ACH-000387
TFK1,ACH-001673
TGBC11TKB,ACH-000949
TGBC18TKB,ACH-002023
TGBC1TKB,ACH-001861
TGBC24TKB,ACH-002312
TGBC52TKB,ACH-001862
TGW,ACH-001674
THLE3,ACH-003308
THP1,ACH-000146
TIG3TD,ACH-001207
TK,ACH-002313
TK10,ACH-001208
TK6,ACH-002676
TKKK,ACH-001863
TL1,ACH-002055
TM31,ACH-000592
TM87,ACH-000172
TMK1,ACH-002202
TN2,ACH-002080
TO14,ACH-001403
TO175T,ACH-000125
TOLEDO,ACH-000285
TOM1,ACH-001209
TOV112D,ACH-000048
TOV21G,ACH-000885
TR146,ACH-001675
TT,ACH-001321
TT1TKB,ACH-002025
TT2609C02,ACH-000716
TTC1240,ACH-001210
TTC442,ACH-001750
TTC466,ACH-001206
TTC549,ACH-001211
TTC642,ACH-001212
TTC709,ACH-000597
TUHR10TKB,ACH-000459
TUHR14TKB,ACH-000317
TUHR4TKB,ACH-000495
TUR,ACH-002314
TY82,ACH-001676
TYKNU,ACH-000430
U118MG,ACH-000040
U138MG,ACH-001214
U178,ACH-000208
U251MG,ACH-000232
U251MGDM,ACH-001172
U266B1,ACH-000626
U2904,ACH-001677
U2940,ACH-001678
U2946,ACH-002677
U2973,ACH-001679
U2OS,ACH-000364
U343,ACH-000036
U698M,ACH-001680
U87MG,ACH-000075
U937,ACH-000406
UACC257,ACH-000579
UACC3133,ACH-001683
UACC3199,ACH-002499
UACC62,ACH-000425
UACC62SKINCJ1,ACH-002004
UACC812,ACH-000568
UACC893,ACH-000554
UBLC1,ACH-000741
UCH11R,ACH-003226
UCH17M,ACH-003227
UCH2,ACH-002204
UCSDAML1,ACH-001684
UCSFOT1109,ACH-003099
UHO1,ACH-001685
UKE1,ACH-002946
ULA,ACH-001686
UMC11,ACH-001417
UMHACC2A,ACH-002711
UMRC2,ACH-001224
UMRC3,ACH-001687
UMRC6,ACH-001225
UMRC7,ACH-001688
UMUC1,ACH-000834
UMUC10,ACH-001412
UMUC11,ACH-001413
UMUC13,ACH-001407
UMUC14,ACH-001408
UMUC16,ACH-001409
UMUC3,ACH-000522
UMUC4,ACH-001410
UMUC5,ACH-001411
UMUC6,ACH-001414
UMUC7,ACH-001415
UMUC9,ACH-001416
UO31,ACH-000428
UOK101,ACH-000262
UPCISCC026,ACH-001690
UPCISCC029A,ACH-001691
UPCISCC040,ACH-001692
UPCISCC072,ACH-001693
UPCISCC074,ACH-001694
UPCISCC090,ACH-001227
UPCISCC099,ACH-001695
UPCISCC111,ACH-001696
UPCISCC114,ACH-001697
UPCISCC116,ACH-001698
UPCISCC131,ACH-001699
UPCISCC152,ACH-001228
UPCISCC154,ACH-001229
UPCISCC172,ACH-001700
UPCISCC200,ACH-001701
UPMD1,ACH-002926
UPMD2,ACH-002927
UPMM2,ACH-002924
UPMM3,ACH-002925
UT7,ACH-001230
UW228,ACH-001232
UWB1289,ACH-001418
VACO432,ACH-002886
VAESBJ,ACH-001702
VAL,ACH-001703
VCAP,ACH-000115
VMCUB1,ACH-000545
VMM917,ACH-003105
VMRCLCD,ACH-001233
VMRCLCP,ACH-001234
VMRCMELG,ACH-001704
VMRCRCW,ACH-000484
VMRCRCZ,ACH-000171
VP229,ACH-001419
VP267,ACH-001705
WAHT,ACH-002036
WAOSEL,ACH-001707
WERIRB1,ACH-001421
WI38,ACH-003284
WIL2NS,ACH-002316
WILL1,ACH-002678
WM115,ACH-000304
WM1552C,ACH-002205
WM1799,ACH-000661
WM2664,ACH-001239
WM278,ACH-002206
WM3211,ACH-002508
WM35,ACH-002207
WM3772F,ACH-002687
WM4235,ACH-002509
WM793,ACH-000827
WM88,ACH-000899
WM983B,ACH-000765
WPE1NA22,ACH-001422
WSUAML,ACH-002994
WSUDLCL2,ACH-000534
WSUFSCCL,ACH-001708
WSUNHL,ACH-001709
Y79,ACH-001295
YAMATO,ACH-001277
YAPC,ACH-000332
YD10B,ACH-000723
YD15,ACH-000836
YD38,ACH-000762
YD8,ACH-000630
YH13,ACH-000469
YKG1,ACH-000570
YMB1,ACH-001249
YMB1E,ACH-002208
YSCCC,ACH-001864
YT,ACH-002317
YUHOIN,ACH-002847
YUSEEPM163517,ACH-002846
Z119,ACH-003101
Z138,ACH-002500
Z181,ACH-003103
ZR751,ACH-000097
ZR7530,ACH-000828
ZR75B,ACH-002331
