ASO,Sequence,sense_start,normalized_start,Cell line organism,Canonical Gene Name,Inhibition(%),sense_length,sense_start_from_end,score
A06001H,GGCGCTGTGACTTG,4232,0.2840268456375839,human,IDO1,0.0,14,10668,-0.9719598
A06001H,GGCGCTGTGACTTG,4232,0.2840268456375839,human,IDO1,0.0,14,10668,-0.9719598
A06002H,AGGCGCTGTGACTT,4233,0.2840939597315436,human,IDO1,0.0,14,10667,-1.2143475
A06002H,AGGCGCTGTGACTT,4233,0.2840939597315436,human,IDO1,0.0,14,10667,-1.2143475
A06003H,ATGCGAAGAACACT,10856,0.7285906040268456,human,IDO1,0.0,14,4044,-1.8989643
A06003H,ATGCGAAGAACACT,10856,0.7285906040268456,human,IDO1,0.0,14,4044,-1.8989643
A06004H,TATATGCGAAGAAC,10859,0.7287919463087248,human,IDO1,0.0,14,4041,-1.7598337
A06004H,TATATGCGAAGAAC,10859,0.7287919463087248,human,IDO1,0.0,14,4041,-1.7598337
A06005H,ACTTAGTCACGATT,14126,0.9480536912751678,human,IDO1,0.0,14,774,-1.4536643
A06005H,ACTTAGTCACGATT,14126,0.9480536912751678,human,IDO1,0.0,14,774,-1.4536643
A06006H,GCCATTCTTGTAGTC,22,0.001476510067114,human,IDO1,0.0,15,14878,0.23450725
A06006H,GCCATTCTTGTAGTC,22,0.001476510067114,human,IDO1,0.0,15,14878,0.23450725
A06007H,GATTGTCCAGGAGTT,50,0.0033557046979865,human,IDO1,0.0,15,14850,-0.428847
A06007H,GATTGTCCAGGAGTT,50,0.0033557046979865,human,IDO1,0.0,15,14850,-0.428847
A06007H,GATTGTCCAGGAGTT,50,0.0033557046979865,human,IDO1,0.0,15,14850,-0.428847
A06007H,GATTGTCCAGGAGTT,50,0.0033557046979865,human,IDO1,0.0,15,14850,-0.428847
A06008H,CTCAACTCTTTCTCG,4062,0.2726174496644295,human,IDO1,0.0,15,10838,-0.43857548
A06008H,CTCAACTCTTTCTCG,4062,0.2726174496644295,human,IDO1,0.0,15,10838,-0.43857548
A06008H,CTCAACTCTTTCTCG,4062,0.2726174496644295,human,IDO1,0.0,15,10838,-0.43857548
A06009H,GGCGCTGTGACTTGT,4231,0.2839597315436241,human,IDO1,0.0,15,10669,-0.97493815
A06009H,GGCGCTGTGACTTGT,4231,0.2839597315436241,human,IDO1,0.0,15,10669,-0.97493815
A06011H,GTTGGCAGTAAGGAA,4946,0.3319463087248322,human,IDO1,0.0,15,9954,-1.8535515
A06011H,GTTGGCAGTAAGGAA,4946,0.3319463087248322,human,IDO1,0.0,15,9954,-1.8535515
A06012H,GACACAGTCTGCATA,4996,0.3353020134228188,human,IDO1,0.0,15,9904,-2.241256
A06012H,GACACAGTCTGCATA,4996,0.3353020134228188,human,IDO1,0.0,15,9904,-2.241256
A06014H,GAGAACAAAACGTCC,8667,0.5816778523489933,human,IDO1,0.0,15,6233,-1.8528808
A06014H,GAGAACAAAACGTCC,8667,0.5816778523489933,human,IDO1,0.0,15,6233,-1.8528808
A06015H,AGTGTCCCGTTCTTG,9611,0.6450335570469798,human,IDO1,0.0,15,5289,-0.9688764
A06015H,AGTGTCCCGTTCTTG,9611,0.6450335570469798,human,IDO1,0.0,15,5289,-0.9688764
A06016H,TATGCGAAGAACACT,10856,0.7285906040268456,human,IDO1,0.0,15,4044,-1.7905194
A06016H,TATGCGAAGAACACT,10856,0.7285906040268456,human,IDO1,0.0,15,4044,-1.7905194
A06017H,AGGACGTCAAAGCAC,11437,0.7675838926174496,human,IDO1,0.0,15,3463,-2.5189729
A06017H,AGGACGTCAAAGCAC,11437,0.7675838926174496,human,IDO1,0.0,15,3463,-2.5189729
A06018H,GAGCTGGTGGCATAT,13975,0.9379194630872484,human,IDO1,0.0,15,925,-1.9115878
A06018H,GAGCTGGTGGCATAT,13975,0.9379194630872484,human,IDO1,0.0,15,925,-1.9115878
A06019H,GAGCTGGTGGCATAT,13975,0.9379194630872484,human,IDO1,0.0,15,925,-1.9115878
A06019H,GAGCTGGTGGCATAT,13975,0.9379194630872484,human,IDO1,0.0,15,925,-1.9115878
A06020H,GACAAACTCACGGAC,14028,0.941476510067114,human,IDO1,0.0,15,872,-1.6861875
A06020H,GACAAACTCACGGAC,14028,0.941476510067114,human,IDO1,0.0,15,872,-1.6861875
A06021HM,GACAAACTCACGGAC,14028,0.941476510067114,human,IDO1,0.0,15,872,-1.6861875
A06021HM,GACAAACTCACGGAC,14028,0.941476510067114,human,IDO1,0.0,15,872,-1.6861875
A06022HM,GACAAACTCACGGAC,14028,0.941476510067114,human,IDO1,0.0,15,872,-1.6861875
A06022HM,GACAAACTCACGGAC,14028,0.941476510067114,human,IDO1,0.0,15,872,-1.6861875
A06023HM,TAAGCTTCCCGCAGG,14063,0.9438255033557048,human,IDO1,0.0,15,837,-2.1218333
A06023HM,TAAGCTTCCCGCAGG,14063,0.9438255033557048,human,IDO1,0.0,15,837,-2.1218333
A06024H,AGATGGTAGCTCCTC,14108,0.9468456375838926,human,IDO1,0.0,15,792,-1.5972984
A06024H,AGATGGTAGCTCCTC,14108,0.9468456375838926,human,IDO1,0.0,15,792,-1.5972984
A06025H,GTACTTAGTCACGAT,14127,0.9481208053691276,human,IDO1,0.0,15,773,-1.5917221
A06025H,GTACTTAGTCACGAT,14127,0.9481208053691276,human,IDO1,0.0,15,773,-1.5917221
A06026H,TGGCTTGCAGGAATC,14147,0.9494630872483222,human,IDO1,0.0,15,753,-0.76237905
A06026H,TGGCTTGCAGGAATC,14147,0.9494630872483222,human,IDO1,0.0,15,753,-0.76237905
A06027H,GTCTTCAGAGGTCTT,14178,0.951543624161074,human,IDO1,0.0,15,722,-0.078546464
A06027H,GTCTTCAGAGGTCTT,14178,0.951543624161074,human,IDO1,0.0,15,722,-0.078546464
A06028H,CTTGTAGTCTGCTCCT,15,0.0010067114093959,human,IDO1,0.0,16,14885,0.16593714
A06028H,CTTGTAGTCTGCTCCT,15,0.0010067114093959,human,IDO1,0.0,16,14885,0.16593714
A06029H,GGCGCTGTGACTTGTG,4230,0.2838926174496644,human,IDO1,0.0,16,10670,-1.3123134
A06029H,GGCGCTGTGACTTGTG,4230,0.2838926174496644,human,IDO1,0.0,16,10670,-1.3123134
A06030H,AGGCGCTGTGACTTGT,4231,0.2839597315436241,human,IDO1,0.0,16,10669,-0.97129726
A06030H,AGGCGCTGTGACTTGT,4231,0.2839597315436241,human,IDO1,0.0,16,10669,-0.97129726
A06030H,AGGCGCTGTGACTTGT,4231,0.2839597315436241,human,IDO1,0.0,16,10669,-0.97129726
A06030H,AGGCGCTGTGACTTGT,4231,0.2839597315436241,human,IDO1,0.0,16,10669,-0.97129726
A06032H,GTTGGCAGTAAGGAAC,4945,0.3318791946308725,human,IDO1,0.0,16,9955,-1.7898107
A06032H,GTTGGCAGTAAGGAAC,4945,0.3318791946308725,human,IDO1,0.0,16,9955,-1.7898107
A06033H,GAGAACAAAACGTCCA,8666,0.5816107382550335,human,IDO1,0.0,16,6234,-1.9423132
A06033H,GAGAACAAAACGTCCA,8666,0.5816107382550335,human,IDO1,0.0,16,6234,-1.9423132
A06034H,CAGTCTCCATCACGAA,8684,0.5828187919463087,human,IDO1,0.0,16,6216,-2.2633207
A06034H,CAGTCTCCATCACGAA,8684,0.5828187919463087,human,IDO1,0.0,16,6216,-2.2633207
A06035H,AGTGTCCCGTTCTTGC,9610,0.6449664429530201,human,IDO1,0.0,16,5290,-1.0956573
A06035H,AGTGTCCCGTTCTTGC,9610,0.6449664429530201,human,IDO1,0.0,16,5290,-1.0956573
A06035H,AGTGTCCCGTTCTTGC,9610,0.6449664429530201,human,IDO1,0.0,16,5290,-1.0956573
A06035H,AGTGTCCCGTTCTTGC,9610,0.6449664429530201,human,IDO1,0.0,16,5290,-1.0956573
A06036H,AATATATGCGAAGAAC,10859,0.7287919463087248,human,IDO1,0.0,16,4041,-1.8334851
A06036H,AATATATGCGAAGAAC,10859,0.7287919463087248,human,IDO1,0.0,16,4041,-1.8334851
A06037H,CAGGACGTCAAAGCAC,11437,0.7675838926174496,human,IDO1,0.0,16,3463,-2.5398571
A06037H,CAGGACGTCAAAGCAC,11437,0.7675838926174496,human,IDO1,0.0,16,3463,-2.5398571
A06038H,TGAGCTGGTGGCATAT,13975,0.9379194630872484,human,IDO1,0.0,16,925,-1.780617
A06038H,TGAGCTGGTGGCATAT,13975,0.9379194630872484,human,IDO1,0.0,16,925,-1.780617
A06039H,GACAAACTCACGGACT,14027,0.9414093959731544,human,IDO1,0.0,16,873,-1.651094
A06039H,GACAAACTCACGGACT,14027,0.9414093959731544,human,IDO1,0.0,16,873,-1.651094
A06040HM,TTGCAGATGGTAGCTC,14111,0.9470469798657718,human,IDO1,0.0,16,789,-1.6287107
A06040HM,TTGCAGATGGTAGCTC,14111,0.9470469798657718,human,IDO1,0.0,16,789,-1.6287107
A06041H,GAGGTCTTTTGTATTG,14408,0.966979865771812,human,IDO1,0.0,16,492,0.32632428
A06041H,GAGGTCTTTTGTATTG,14408,0.966979865771812,human,IDO1,0.0,16,492,0.32632428
A06042H,ATTCTTGTAGTCTGCTC,17,0.0011409395973154,human,IDO1,0.0,17,14883,0.33536753
A06042H,ATTCTTGTAGTCTGCTC,17,0.0011409395973154,human,IDO1,0.0,17,14883,0.33536753
A06043H,CCAGACTCTATGAGATC,4038,0.271006711409396,human,IDO1,0.0,17,10862,-1.4261479
A06043H,CCAGACTCTATGAGATC,4038,0.271006711409396,human,IDO1,0.0,17,10862,-1.4261479
A06044H,GAGATGATCAATGCTGA,4207,0.2823489932885906,human,IDO1,0.0,17,10693,-1.3042448
A06044H,GAGATGATCAATGCTGA,4207,0.2823489932885906,human,IDO1,0.0,17,10693,-1.3042448
A06045H,AGGCGCTGTGACTTGTG,4230,0.2838926174496644,human,IDO1,0.0,17,10670,-1.3361638
A06045H,AGGCGCTGTGACTTGTG,4230,0.2838926174496644,human,IDO1,0.0,17,10670,-1.3361638
A06046H,GGTGATGCATCCCAGAA,4258,0.2857718120805369,human,IDO1,0.0,17,10642,-2.6259782
A06046H,GGTGATGCATCCCAGAA,4258,0.2857718120805369,human,IDO1,0.0,17,10642,-2.6259782
A06048H,GTTGGCAGTAAGGAACA,4944,0.3318120805369127,human,IDO1,0.0,17,9956,-1.7426163
A06048H,GTTGGCAGTAAGGAACA,4944,0.3318120805369127,human,IDO1,0.0,17,9956,-1.7426163
A06049H,ACAAAACGTCCATGTTC,8661,0.5812751677852349,human,IDO1,0.0,17,6239,-1.5209651
A06049H,ACAAAACGTCCATGTTC,8661,0.5812751677852349,human,IDO1,0.0,17,6239,-1.5209651
A06050H,AGTGTCCCGTTCTTGCA,9609,0.6448993288590604,human,IDO1,0.0,17,5291,-1.0364555
A06050H,AGTGTCCCGTTCTTGCA,9609,0.6448993288590604,human,IDO1,0.0,17,5291,-1.0364555
A06051H,GAACTGAGCAGCATGTC,13939,0.935503355704698,human,IDO1,0.0,17,961,-1.3317049
A06051H,GAACTGAGCAGCATGTC,13939,0.935503355704698,human,IDO1,0.0,17,961,-1.3317049
A06052H,GAGCTGGTGGCATATAT,13973,0.9377852348993287,human,IDO1,0.0,17,927,-1.4810154
A06052H,GAGCTGGTGGCATATAT,13973,0.9377852348993287,human,IDO1,0.0,17,927,-1.4810154
A06053H,GTTCCTGTGAGCTGGTG,13981,0.9383221476510069,human,IDO1,0.0,17,919,-1.5261294
A06053H,GTTCCTGTGAGCTGGTG,13981,0.9383221476510069,human,IDO1,0.0,17,919,-1.5261294
A06054H,AGGACAAACTCACGGAC,14028,0.941476510067114,human,IDO1,0.0,17,872,-1.3678324
A06054H,AGGACAAACTCACGGAC,14028,0.941476510067114,human,IDO1,0.0,17,872,-1.3678324
A06055H,CCGCAGGCCAGCATCAC,14053,0.9431543624161074,human,IDO1,0.0,17,847,-2.4226427
A06055H,CCGCAGGCCAGCATCAC,14053,0.9431543624161074,human,IDO1,0.0,17,847,-2.4226427
A06056H,TTGCAGATGGTAGCTCC,14110,0.946979865771812,human,IDO1,0.0,17,790,-1.47115
A06056H,TTGCAGATGGTAGCTCC,14110,0.946979865771812,human,IDO1,0.0,17,790,-1.47115
A06057H,GCGCTGTGACTTGT,4231,0.2839597315436241,human,IDO1,0.0,14,10669,-0.93042326
A06057H,GCGCTGTGACTTGT,4231,0.2839597315436241,human,IDO1,0.0,14,10669,-0.93042326
A06058H,GCGCTGTGACTTGT,4231,0.2839597315436241,human,IDO1,0.0,14,10669,-0.93042326
A06058H,GCGCTGTGACTTGT,4231,0.2839597315436241,human,IDO1,0.0,14,10669,-0.93042326
A06059H,GATTGTCCAGGAGTT,50,0.0033557046979865,human,IDO1,0.0,15,14850,-0.428847
A06059H,GATTGTCCAGGAGTT,50,0.0033557046979865,human,IDO1,0.0,15,14850,-0.428847
A06060H,TGATTGTCCAGGAGT,51,0.0034228187919463,human,IDO1,0.0,15,14849,-0.56520176
A06060H,TGATTGTCCAGGAGT,51,0.0034228187919463,human,IDO1,0.0,15,14849,-0.56520176
A06061H,CTCAACTCTTTCTCG,4062,0.2726174496644295,human,IDO1,0.0,15,10838,-0.43857548
A06061H,CTCAACTCTTTCTCG,4062,0.2726174496644295,human,IDO1,0.0,15,10838,-0.43857548
A06062H,AGGCGCTGTGACTTG,4232,0.2840268456375839,human,IDO1,0.0,15,10668,-1.1776363
A06062H,AGGCGCTGTGACTTG,4232,0.2840268456375839,human,IDO1,0.0,15,10668,-1.1776363
A06063H,GTGTCCCGTTCTTGC,9610,0.6449664429530201,human,IDO1,0.0,15,5290,-0.91414434
A06063H,GTGTCCCGTTCTTGC,9610,0.6449664429530201,human,IDO1,0.0,15,5290,-0.91414434
A06064H,GATTGTCCAGGAGTTT,49,0.0032885906040268,human,IDO1,0.0,16,14851,-0.35035393
A06064H,GATTGTCCAGGAGTTT,49,0.0032885906040268,human,IDO1,0.0,16,14851,-0.35035393
A06065H,TGATTGTCCAGGAGTT,50,0.0033557046979865,human,IDO1,0.0,16,14850,-0.4479841
A06065H,TGATTGTCCAGGAGTT,50,0.0033557046979865,human,IDO1,0.0,16,14850,-0.4479841
A06066H,TCTCAACTCTTTCTCG,4062,0.2726174496644295,human,IDO1,0.0,16,10838,-0.48041108
A06066H,TCTCAACTCTTTCTCG,4062,0.2726174496644295,human,IDO1,0.0,16,10838,-0.48041108
A06067H,TTCTCAACTCTTTCTC,4063,0.2726845637583893,human,IDO1,0.0,16,10837,-0.25963673
A06067H,TTCTCAACTCTTTCTC,4063,0.2726845637583893,human,IDO1,0.0,16,10837,-0.25963673
A06068H,AGGCGCTGTGACTTGT,4231,0.2839597315436241,human,IDO1,0.0,16,10669,-0.97129726
A06068H,AGGCGCTGTGACTTGT,4231,0.2839597315436241,human,IDO1,0.0,16,10669,-0.97129726
A06069H,AGTGTCCCGTTCTTGC,9610,0.6449664429530201,human,IDO1,0.0,16,5290,-1.0956573
A06069H,AGTGTCCCGTTCTTGC,9610,0.6449664429530201,human,IDO1,0.0,16,5290,-1.0956573
A06070H,GATTGTCCAGGAGTTTT,48,0.0032214765100671,human,IDO1,0.0,17,14852,-0.18828356
A06070H,GATTGTCCAGGAGTTTT,48,0.0032214765100671,human,IDO1,0.0,17,14852,-0.18828356
A06071H,CTCAACTCTTTCTCGAA,4060,0.27248322147651,human,IDO1,0.0,17,10840,-0.61025333
A06071H,CTCAACTCTTTCTCGAA,4060,0.27248322147651,human,IDO1,0.0,17,10840,-0.61025333
A06072H,CTCAACTCTTTCTCGAA,4060,0.27248322147651,human,IDO1,0.0,17,10840,-0.61025333
A06072H,CTCAACTCTTTCTCGAA,4060,0.27248322147651,human,IDO1,0.0,17,10840,-0.61025333
