kind,state,label,n_steps,dG,dG_err
wc,D-PO : D-PO,AA,348,-0.8241291590185593,0.026823620701237054
wc,D-PO : D-PO,AC,294,-1.4847848155955385,0.03905450105595432
wc,D-PO : D-PO,AG,354,-1.3166107278078272,0.02096511374754752
wc,D-PO : D-PO,AT,132,-1.0523385585065328,0.04717761478907446
wc,D-PO : D-PO,CA,345,-1.4042069231066785,0.030784587325405392
wc,D-PO : D-PO,CC,327,-1.9633438095625793,0.05814214960491543
wc,D-PO : D-PO,CG,132,-2.073839906000221,0.021178213505211676
wc,D-PO : D-PO,GA,267,-1.4258680290788437,0.01563285811487952
wc,D-PO : D-PO,GC,165,-2.106141346660533,0.021955643977931198
wc,D-PO : D-PO,TA,153,-0.5287367246626964,0.007332805670959691
wc,D-PO : D-PS,AA,351,-0.788465640626153,0.022453051249776233
wc,D-PO : D-PS,AC,294,-1.4538234518237858,0.024081685560917592
wc,D-PO : D-PS,AG,360,-1.3258941213571327,0.015471969846133525
wc,D-PO : D-PS,AT,129,-1.0469120519657973,0.031020670597010223
wc,D-PO : D-PS,CA,336,-1.3957877901265197,0.02400053567542277
wc,D-PO : D-PS,CC,333,-2.0073098841674692,0.019410952554275357
wc,D-PO : D-PS,CG,135,-2.081320643699939,0.008773169628060573
wc,D-PO : D-PS,GA,270,-1.377873542080526,0.033005794483997535
wc,D-PO : D-PS,GC,165,-2.1516799060905827,0.009771349550723979
wc,D-PO : D-PS,TA,153,-0.48963420409937,0.03895485923500597
wc,D-PO : E-PO,AA,354,-0.9952448906291131,0.03147864338173594
wc,D-PO : E-PO,AC,306,-1.5274250191063108,0.02318367048317321
wc,D-PO : E-PO,AG,363,-1.6517860694938502,0.024145911037083134
wc,D-PO : E-PO,AT,135,-1.1991306800927721,0.02135458545631157
wc,D-PO : E-PO,CA,354,-1.4686343667126192,0.007358215968617224
wc,D-PO : E-PO,CC,345,-2.0838301760806726,0.024915437797062925
wc,D-PO : E-PO,CG,135,-2.0003639493317062,0.006722672188703453
wc,D-PO : E-PO,GA,279,-1.502798727355763,0.03794202186586115
wc,D-PO : E-PO,GC,168,-2.1190920916738114,0.0075957368617962
wc,D-PO : E-PO,TA,153,-1.114442581368099,0.02586570649582926
wc,D-PO : M-PO,AA,336,-1.0216282021066556,0.05589583178459663
wc,D-PO : M-PO,AC,297,-1.4655007644919147,0.0481354815199867
wc,D-PO : M-PO,AG,360,-1.6182895666294228,0.01636846343690737
wc,D-PO : M-PO,AT,132,-1.1841842055809026,0.016937122371557735
wc,D-PO : M-PO,CA,348,-1.4447836709168769,0.011000046209870853
wc,D-PO : M-PO,CC,339,-2.0251771924137794,0.026976760116328387
wc,D-PO : M-PO,CG,123,-1.9072044186007986,0.03579589611458393
wc,D-PO : M-PO,GA,276,-1.3830872521850734,0.014134657084923822
wc,D-PO : M-PO,GC,159,-2.0998372119497914,0.012719543624308619
wc,D-PO : M-PO,TA,147,-1.0388864287593833,0.041711904353649375
wc,D-PO : M-PS,AA,345,-1.0571277254164984,0.020987061853373654
wc,D-PO : M-PS,AC,288,-1.5447381515380045,0.013505673502319094
wc,D-PO : M-PS,AG,339,-1.618495804892274,0.025047573001385638
wc,D-PO : M-PS,AT,132,-1.0225240355389582,0.07774417835769265
wc,D-PO : M-PS,CA,336,-1.4741579739636652,0.01142860334584318
wc,D-PO : M-PS,CC,327,-2.12079789234886,0.009355327391236306
wc,D-PO : M-PS,CG,126,-1.9832979055614461,0.047736766773955705
wc,D-PO : M-PS,GA,270,-1.4858709916931545,0.05489874736531896
wc,D-PO : M-PS,GC,156,-2.1001296472538495,0.011114038742331219
wc,D-PO : M-PS,TA,144,-1.1279980862983816,0.05509404019243491
wc,D-PS : D-PS,AA,348,-0.7289323931605769,0.021424716746105566
wc,D-PS : D-PS,AC,291,-1.4226155665987275,0.016099394964066746
wc,D-PS : D-PS,AG,348,-1.2617391918416683,0.03138267538438447
wc,D-PS : D-PS,AT,129,-0.9798329724764923,0.028614701846887018
wc,D-PS : D-PS,CA,345,-1.3593416740403756,0.046543912316265576
wc,D-PS : D-PS,CC,333,-1.9857633647274202,0.044704442785159816
wc,D-PS : D-PS,CG,135,-2.058980242749577,0.0037392481194932358
wc,D-PS : D-PS,GA,276,-1.3680178181892564,0.007491411053618824
wc,D-PS : D-PS,GC,159,-2.098306570458828,0.01858657851296659
wc,D-PS : D-PS,TA,141,-0.383324861864752,0.04096163840545772
wc,D-PS : M-PO,AA,336,-1.0178727454564953,0.04100492364475732
wc,D-PS : M-PO,AC,306,-1.504334313000597,0.0031647347816016426
wc,D-PS : M-PO,AG,351,-1.5945479512913434,0.019397574327898407
wc,D-PS : M-PO,AT,135,-1.0672565436374915,0.04098798730397302
wc,D-PS : M-PO,CA,348,-1.3737068060453592,0.00768832610566918
wc,D-PS : M-PO,CC,333,-2.0802883867212234,0.01885347464444877
wc,D-PS : M-PO,CG,132,-2.0062926011527367,0.026119102473243488
wc,D-PS : M-PO,GA,273,-1.4902132024611001,0.010160134710383845
wc,D-PS : M-PO,GC,162,-2.0623815498265006,0.031132108676387302
wc,D-PS : M-PO,TA,150,-0.898850836801786,0.06902810952808736
wc,E-PO : E-PO,AA,354,-1.06009554409941,0.02925793873929211
wc,E-PO : E-PO,AC,306,-1.5647371326493538,0.08322635656392297
wc,E-PO : E-PO,AG,363,-1.7121144322121027,0.04299415851727094
wc,E-PO : E-PO,AT,135,-1.0516338525132878,0.1281127299994103
wc,E-PO : E-PO,CA,354,-1.599690777299978,0.018530271889137532
wc,E-PO : E-PO,CC,345,-2.2360331563457096,0.0322379155644777
wc,E-PO : E-PO,CG,135,-2.2585923040682103,0.062084286868691545
wc,E-PO : E-PO,GA,279,-1.4771437684080868,0.02870472439740798
wc,E-PO : E-PO,GC,168,-2.0128496985629614,0.07630833996294312
wc,E-PO : E-PO,TA,153,-1.1135723899430583,0.05593610964458245
wc,E-PS : E-PS,AA,354,-1.2090138475379972,0.028565833223220486
wc,E-PS : E-PS,AC,306,-1.7482072074968107,0.0339728102687674
wc,E-PS : E-PS,AG,363,-1.8844726981432123,0.024424485793602475
wc,E-PS : E-PS,AT,135,-1.1051116782087158,0.010179276021513048
wc,E-PS : E-PS,CA,354,-1.829264333118179,0.028057927906637605
wc,E-PS : E-PS,CC,345,-2.299504074756928,0.08461915435122352
wc,E-PS : E-PS,CG,135,-2.274295006328362,0.07392236144454492
wc,E-PS : E-PS,GA,279,-1.791763377968326,0.04109158713676513
wc,E-PS : E-PS,GC,168,-2.344111407679212,0.033363243762414584
wc,E-PS : E-PS,TA,153,-1.310127968301602,0.02307096236422239
wc,M-PO : M-PO,AA,354,-1.4439976139689414,0.015036119848630566
wc,M-PO : M-PO,AC,306,-1.7552616811003263,0.02875610019486999
wc,M-PO : M-PO,AG,363,-1.832937558718522,0.005323431775131386
wc,M-PO : M-PO,AT,135,-1.473222960741643,0.0183525201654564
wc,M-PO : M-PO,CA,354,-1.8344769380693475,0.003960239275319902
wc,M-PO : M-PO,CC,345,-2.272366719435005,0.014952839388239585
wc,M-PO : M-PO,CG,135,-2.177903051256296,0.008054586882737679
wc,M-PO : M-PO,GA,279,-1.8219867095634084,0.009073308019762283
wc,M-PO : M-PO,GC,168,-2.249402713002208,0.03454148687458048
wc,M-PO : M-PO,TA,153,-1.4513868084763666,0.008611937291152458
wc,M-PO : M-PS,AA,354,-1.4730049617989036,0.02315155715133081
wc,M-PO : M-PS,AC,288,-1.8085620171446775,0.02137337198534837
wc,M-PO : M-PS,AG,354,-1.848914694386186,0.03102697080845011
wc,M-PO : M-PS,AT,132,-1.4787350892801912,0.029363078972833755
wc,M-PO : M-PS,CA,336,-1.8443705667776604,0.017862284145472355
wc,M-PO : M-PS,CC,336,-2.3290544383229532,0.009368741127431204
wc,M-PO : M-PS,CG,135,-2.2301708679529915,0.026131927448713753
wc,M-PO : M-PS,GA,276,-1.8924148639833756,0.01984252331298467
wc,M-PO : M-PS,GC,165,-2.3206560439940613,0.012340953922584703
wc,M-PO : M-PS,TA,150,-1.5375341094012773,0.028733381907019708
wc,M-PS : M-PS,AA,354,-1.55153865932364,0.020480930984461986
wc,M-PS : M-PS,AC,306,-1.906613616847726,0.0284707022378491
wc,M-PS : M-PS,AG,363,-1.872634662191631,0.033382819486568974
wc,M-PS : M-PS,AT,135,-1.5257958784953356,0.03496888853308831
wc,M-PS : M-PS,CA,354,-1.9666852281154843,0.010579692227541465
wc,M-PS : M-PS,CC,345,-2.363375447705332,0.013163188602683167
wc,M-PS : M-PS,CG,135,-2.244179997500959,0.058739127073752374
wc,M-PS : M-PS,GA,279,-1.9379614775047331,0.017727544562928355
wc,M-PS : M-PS,GC,168,-2.3659994270384948,0.00957812126956678
wc,M-PS : M-PS,TA,153,-1.541871974058973,0.05990989229768504
mm,D-PO : D-PO,AT|AA|3,9,0.5355600552526515,0.04825184079306673
mm,D-PO : D-PO,AT|AA|5,6,0.4351121741578078,0.07237411744884856
mm,D-PO : D-PO,AT|AC|3,15,0.5653051707707596,0.05534130846727065
mm,D-PO : D-PO,AT|AG|3,6,0.09036377705399978,0.0558071987644967
mm,D-PO : D-PO,AT|AG|5,9,0.14486654976520652,0.022620328858247826
mm,D-PO : D-PO,AT|CA|3,3,0.6818377614200731,0.1359140996206306
mm,D-PO : D-PO,AT|CA|5,3,0.7681289050682581,0.1157001084193863
mm,D-PO : D-PO,AT|CC|3,9,0.9179726912128258,0.09538261114018244
mm,D-PO : D-PO,AT|CC|5,6,0.7710313403181827,0.04394026911585794
mm,D-PO : D-PO,AT|CT|3,3,0.445746629756962,0.2895280132150227
mm,D-PO : D-PO,AT|CT|5,6,0.7022046282711295,0.07797044749213917
mm,D-PO : D-PO,AT|GA|3,9,-0.0006362196585337765,0.020689104316805925
mm,D-PO : D-PO,AT|GA|5,6,0.07142163693511339,0.012322774319508598
mm,D-PO : D-PO,AT|GG|3,12,0.37571400549695333,0.062465831127404094
mm,D-PO : D-PO,AT|GG|5,9,0.5452591808638595,0.10326630778881385
mm,D-PO : D-PO,AT|GT|3,12,0.19632148251780668,0.05444239009168548
mm,D-PO : D-PO,AT|GT|5,9,0.0954814296232448,0.05263368120066461
mm,D-PO : D-PO,AT|TC|3,3,0.6442073565666558,0.1584608899114024
mm,D-PO : D-PO,AT|TG|3,3,0.10097004714955882,0.05541483526823002
mm,D-PO : D-PO,AT|TG|5,3,0.05968897266331963,0.10358356465675643
mm,D-PO : D-PO,AT|TT|3,6,0.8203029854764311,0.08203679954271603
mm,D-PO : D-PO,CG|AA|3,9,0.4997630472242921,0.21819550705727608
mm,D-PO : D-PO,CG|AA|5,9,0.6152977775247591,0.12788175644020078
mm,D-PO : D-PO,CG|AC|5,6,0.3501946373076691,0.018469881973727818
mm,D-PO : D-PO,CG|AG|3,6,-0.12873967540531817,0.010046936344577154
mm,D-PO : D-PO,CG|CA|3,6,0.817290857084961,0.3440732689961063
mm,D-PO : D-PO,CG|CA|5,9,0.5644856365390748,0.1183792851358308
mm,D-PO : D-PO,CG|CC|3,3,0.6557984432460636,0.39017876508025695
mm,D-PO : D-PO,CG|CC|5,9,0.5546839673299314,0.12824705726031482
mm,D-PO : D-PO,CG|CT|3,6,0.4551890233675945,0.1435171083719589
mm,D-PO : D-PO,CG|CT|5,12,0.4407086576993703,0.104068510646992
mm,D-PO : D-PO,CG|GA|3,3,-0.13654023060730158,0.013734893276198343
mm,D-PO : D-PO,CG|GA|5,6,-0.14126948497013692,0.010175137776927764
mm,D-PO : D-PO,CG|GG|5,3,0.09115486279813101,0.15543059444805793
mm,D-PO : D-PO,CG|GT|3,3,0.0378763999990005,0.15121816848253114
mm,D-PO : D-PO,CG|GT|5,3,0.10232160731168771,0.11044557225403843
mm,D-PO : D-PO,CG|TC|3,6,0.884313508766356,0.34035335989348886
mm,D-PO : D-PO,CG|TC|5,6,0.8461243942335487,0.16847725077943443
mm,D-PO : D-PO,CG|TG|3,12,-0.033080559232362194,0.03422609748503786
mm,D-PO : D-PO,CG|TG|5,3,-0.007763785831667591,0.08498419041282265
mm,D-PO : D-PO,CG|TT|3,3,0.2842165352103526,0.19318704640370757
mm,D-PO : D-PO,CG|TT|5,6,0.32707956526875825,0.09295506233923619
mm,D-PO : D-PO,GC|AA|3,6,0.3180331831292015,0.03588262805010665
mm,D-PO : D-PO,GC|AA|5,6,0.21491454441593405,0.03423457239688785
mm,D-PO : D-PO,GC|AC|3,3,0.35786093224433346,0.11362663209413167
mm,D-PO : D-PO,GC|AC|5,12,0.6829016021487299,0.21361950080507958
mm,D-PO : D-PO,GC|AG|3,6,-0.035125786486136956,0.05016311079275357
mm,D-PO : D-PO,GC|AG|5,12,-0.06754023934826936,0.015820784068218526
mm,D-PO : D-PO,GC|CA|3,6,0.46271810010729386,0.034565859335420446
mm,D-PO : D-PO,GC|CA|5,6,0.3580747963988834,0.13109324889023613
mm,D-PO : D-PO,GC|CC|3,3,0.9305152810619824,0.04892154116875168
mm,D-PO : D-PO,GC|CC|5,6,0.74275551478353,0.1038740351997442
mm,D-PO : D-PO,GC|CT|3,9,0.49028502065219437,0.10088293001914467
mm,D-PO : D-PO,GC|CT|5,6,0.5531585145310282,0.25942172235546646
mm,D-PO : D-PO,GC|GA|3,3,-0.006585555004500532,0.042397245706686425
mm,D-PO : D-PO,GC|GA|5,3,0.09899548519815748,0.15358601251443435
mm,D-PO : D-PO,GC|GG|3,9,0.4209336367609541,0.18509426807133314
mm,D-PO : D-PO,GC|GG|5,6,0.18179748932840778,0.12735322452821876
mm,D-PO : D-PO,GC|GT|3,3,-0.13959669078670034,0.02218281564221974
mm,D-PO : D-PO,GC|GT|5,12,0.016823268119744772,0.028946009855947873
mm,D-PO : D-PO,GC|TC|3,6,0.9242245164326274,0.28291275497313145
mm,D-PO : D-PO,GC|TG|3,3,-0.003781522401884785,0.0565774047008311
mm,D-PO : D-PO,GC|TG|5,9,0.06925961591777385,0.04728434061539809
mm,D-PO : D-PO,GC|TT|3,9,0.3126028111872,0.0932184962060854
mm,D-PO : D-PO,GC|TT|5,9,0.43598749361857625,0.016964777281001465
mm,D-PO : D-PO,TA|AA|5,3,0.6287103025824342,0.06711129616172691
mm,D-PO : D-PO,TA|AC|3,6,0.7924322420244515,0.2431100459941585
mm,D-PO : D-PO,TA|AC|5,6,0.6533438089061799,0.07842866421232435
mm,D-PO : D-PO,TA|AG|3,6,0.08164227482135855,0.011308765201668016
mm,D-PO : D-PO,TA|AG|5,3,0.03790639370573334,0.01054936327539952
mm,D-PO : D-PO,TA|CA|3,9,0.7330883238337661,0.06043901908837301
mm,D-PO : D-PO,TA|CA|5,6,0.720015162754505,0.16289830609493408
mm,D-PO : D-PO,TA|CC|3,9,0.7882915862798298,0.06857504890046154
mm,D-PO : D-PO,TA|CC|5,3,1.7780584824451982,0.17463565736059722
mm,D-PO : D-PO,TA|CT|3,6,0.6825467924760383,0.29036234305439323
mm,D-PO : D-PO,TA|GA|3,6,0.14339162106765369,0.05259523826223256
mm,D-PO : D-PO,TA|GA|5,6,0.043119269419793604,0.009071412519059076
mm,D-PO : D-PO,TA|GG|5,3,0.15652570750263317,0.050261566372575665
mm,D-PO : D-PO,TA|GT|3,6,0.24344056351323284,0.06911366812533758
mm,D-PO : D-PO,TA|TC|3,6,0.8902718350520656,0.17990331083172081
mm,D-PO : D-PO,TA|TC|5,15,1.0132088194283342,0.3011072805065645
mm,D-PO : D-PO,TA|TG|3,3,0.22557527620911821,0.1312906045067463
mm,D-PO : D-PO,TA|TG|5,6,0.09615776222567507,0.012731057031837047
mm,D-PO : D-PO,TA|TT|3,6,0.5384138980844558,0.020745583941868394
mm,D-PO : D-PO,TA|TT|5,9,0.5986821201114357,0.09446203958139321
mm,D-PO : D-PS,AT|AA|3,9,0.7851157791971167,0.16511207554804946
mm,D-PO : D-PS,AT|AA|5,6,0.8449054616863535,0.2930522441908652
mm,D-PO : D-PS,AT|AC|3,15,0.6217116559895411,0.07815116404849708
mm,D-PO : D-PS,AT|AG|3,6,0.4218806033449759,0.32616843595202494
mm,D-PO : D-PS,AT|AG|5,9,0.08797590621588347,0.018463866647487323
mm,D-PO : D-PS,AT|CA|3,3,0.9403240266718059,0.2888630277146734
mm,D-PO : D-PS,AT|CA|5,3,0.8464134740167414,0.12284566402630481
mm,D-PO : D-PS,AT|CC|3,9,0.8328118209579239,0.15182330336866331
mm,D-PO : D-PS,AT|CC|5,6,0.5908218845237182,0.09195802134019578
mm,D-PO : D-PS,AT|CT|3,3,0.6065118766666621,0.3807700776683211
mm,D-PO : D-PS,AT|CT|5,6,0.8103847321720435,0.195401542607648
mm,D-PO : D-PS,AT|GA|3,9,0.06731220465754095,0.03857968671832242
mm,D-PO : D-PS,AT|GA|5,6,0.16821338598635183,0.06142165531644471
mm,D-PO : D-PS,AT|GG|3,12,0.527967319276648,0.02263806667247866
mm,D-PO : D-PS,AT|GG|5,9,0.5170290527780749,0.1445553386776987
mm,D-PO : D-PS,AT|GT|3,12,0.12176997142992552,0.04781248244015935
mm,D-PO : D-PS,AT|GT|5,9,0.06974799496395767,0.022593754850543667
mm,D-PO : D-PS,AT|TC|3,3,0.782537898941226,0.3371290747155159
mm,D-PO : D-PS,AT|TG|3,6,0.277084769225698,0.07779927706277412
mm,D-PO : D-PS,AT|TG|5,3,0.05894387564393333,0.03722476283496403
mm,D-PO : D-PS,AT|TT|3,6,0.7499926830900489,0.26214684920567616
mm,D-PO : D-PS,CG|AA|3,9,0.5995622270816033,0.10673243693460349
mm,D-PO : D-PS,CG|AA|5,9,0.531442977460301,0.20374096118496957
mm,D-PO : D-PS,CG|AC|5,6,0.411356574313685,0.04794584460928093
mm,D-PO : D-PS,CG|AG|3,6,-0.1606502491132562,0.005007647194029507
mm,D-PO : D-PS,CG|CA|3,6,0.48629788014831765,0.08098746510522574
mm,D-PO : D-PS,CG|CA|5,9,0.5402005880239972,0.07250156954854936
mm,D-PO : D-PS,CG|CC|3,3,0.5298855200148601,0.3012690030745062
mm,D-PO : D-PS,CG|CC|5,9,0.6604483447762016,0.14655489239961736
mm,D-PO : D-PS,CG|CT|3,6,0.6934105882072658,0.3084413397520065
mm,D-PO : D-PS,CG|CT|5,12,0.7706241355043039,0.2502292882226154
mm,D-PO : D-PS,CG|GA|3,3,0.010084091455654032,0.0976146814190552
mm,D-PO : D-PS,CG|GA|5,6,-0.07490559630610616,0.03954643191296334
mm,D-PO : D-PS,CG|GG|3,3,1.1530380355966816,0.18226383832088724
mm,D-PO : D-PS,CG|GG|5,3,0.06182474387298598,0.04537738356375853
mm,D-PO : D-PS,CG|GT|3,3,-0.040497082348555646,0.10888579200145772
mm,D-PO : D-PS,CG|GT|5,3,0.021456967164715568,0.06963196962506221
mm,D-PO : D-PS,CG|TC|3,6,0.49677644994474235,0.27814883807293656
mm,D-PO : D-PS,CG|TC|5,9,0.44037049723728783,0.09486842515354722
mm,D-PO : D-PS,CG|TG|3,12,-0.0029992836806257417,0.07554722960776385
mm,D-PO : D-PS,CG|TG|5,3,0.021418818580599686,0.07252805562635231
mm,D-PO : D-PS,CG|TT|3,3,0.41211416021686265,0.11943396208705392
mm,D-PO : D-PS,CG|TT|5,6,0.5301075853564728,0.11911063090369103
mm,D-PO : D-PS,GC|AA|3,6,0.8466046073205894,0.02394676589621926
mm,D-PO : D-PS,GC|AA|5,6,0.6670587091910721,0.08848326252368961
mm,D-PO : D-PS,GC|AC|3,3,0.2814593745199121,0.08340611206071422
mm,D-PO : D-PS,GC|AC|5,12,0.44324440099364903,0.041727962966310816
mm,D-PO : D-PS,GC|AG|3,6,0.006279408324289082,0.11839236093478936
mm,D-PO : D-PS,GC|AG|5,12,-0.09039760151830922,0.018155919428479
mm,D-PO : D-PS,GC|CA|3,6,0.553800456303111,0.06876352361703833
mm,D-PO : D-PS,GC|CA|5,6,0.4762848223196946,0.10858851799155948
mm,D-PO : D-PS,GC|CC|3,3,0.6008201768848948,0.18959076829588306
mm,D-PO : D-PS,GC|CC|5,6,0.9236001987431856,0.15865340451085921
mm,D-PO : D-PS,GC|CT|3,9,0.5342473828161639,0.2191162592659727
mm,D-PO : D-PS,GC|CT|5,6,0.21358027095565213,0.1702980712173605
mm,D-PO : D-PS,GC|GA|3,3,-0.028560258189807897,0.0458660414636885
mm,D-PO : D-PS,GC|GA|5,6,-0.08996396770016446,0.02115739392676219
mm,D-PO : D-PS,GC|GG|3,9,0.4474845458033815,0.13596329953654182
mm,D-PO : D-PS,GC|GG|5,9,0.7898643970753999,0.12363658159655136
mm,D-PO : D-PS,GC|GT|3,3,0.03183360407849056,0.05504533967497811
mm,D-PO : D-PS,GC|GT|5,12,-0.05181399115890917,0.047147822446586864
mm,D-PO : D-PS,GC|TC|3,9,0.3209386861978992,0.04550782635613729
mm,D-PO : D-PS,GC|TG|3,3,0.048790320462930414,0.0844585140344308
mm,D-PO : D-PS,GC|TG|5,12,0.1053820302726638,0.06156185523817096
mm,D-PO : D-PS,GC|TT|3,9,0.4376586235740624,0.06827065327821338
mm,D-PO : D-PS,GC|TT|5,9,0.316032664471095,0.14431641514599255
mm,D-PO : D-PS,TA|AA|5,3,1.1573557931588114,0.6902743812505723
mm,D-PO : D-PS,TA|AC|3,6,0.6833820674110117,0.12710936818915436
mm,D-PO : D-PS,TA|AC|5,6,0.6977515512742462,0.14409689628744005
mm,D-PO : D-PS,TA|AG|3,6,0.08477808561175737,0.013146452517997505
mm,D-PO : D-PS,TA|AG|5,3,-0.015922934605346106,0.00815909640927029
mm,D-PO : D-PS,TA|CA|3,9,0.6996979456009139,0.09345842678973502
mm,D-PO : D-PS,TA|CA|5,6,0.7066073938357139,0.06914379366451487
mm,D-PO : D-PS,TA|CC|3,9,1.0405525045113748,0.1264467181606491
mm,D-PO : D-PS,TA|CC|5,3,1.1270630083533097,0.43632971002538323
mm,D-PO : D-PS,TA|CT|3,6,0.9590154296614283,0.10613351882344849
mm,D-PO : D-PS,TA|GA|3,9,0.25614699200446145,0.054962436517492795
mm,D-PO : D-PS,TA|GA|5,6,0.1528383083001077,0.06625483313398131
mm,D-PO : D-PS,TA|GG|5,3,0.3617042317681437,0.13623199732184008
mm,D-PO : D-PS,TA|GT|3,6,0.22520887933160605,0.06160132424573558
mm,D-PO : D-PS,TA|TC|3,6,0.6782488452873873,0.1634458398329716
mm,D-PO : D-PS,TA|TC|5,15,0.6988423219403589,0.1552184498290453
mm,D-PO : D-PS,TA|TG|3,3,0.5625713685243584,0.3048175033810371
mm,D-PO : D-PS,TA|TG|5,6,0.2088696223862233,0.06800160619306858
mm,D-PO : D-PS,TA|TT|3,6,0.43936358284075616,0.1439772537335074
mm,D-PO : D-PS,TA|TT|5,9,0.6744323685209567,0.04501625866628393
mm,D-PO : E-PO,AT|AA|3,9,0.5093309591734839,0.06667776707153057
mm,D-PO : E-PO,AT|AA|5,6,0.45397009885614936,0.15169371110641802
mm,D-PO : E-PO,AT|AC|3,15,0.5133442885053036,0.0673831575194242
mm,D-PO : E-PO,AT|AG|3,6,0.31469389306410733,0.025489610142750287
mm,D-PO : E-PO,AT|AG|5,9,0.046305789659489505,0.008715383884460528
mm,D-PO : E-PO,AT|CA|3,3,1.3343479023529423,0.3936571301986517
mm,D-PO : E-PO,AT|CA|5,3,0.5864404361135876,0.12170761358227979
mm,D-PO : E-PO,AT|CC|3,9,0.5282025527812791,0.09534504505785175
mm,D-PO : E-PO,AT|CC|5,6,0.42355462408433564,0.013519143240322856
mm,D-PO : E-PO,AT|CT|3,3,0.9552250086011486,0.3573417659478761
mm,D-PO : E-PO,AT|CT|5,6,1.0355731391362006,0.26468041389051505
mm,D-PO : E-PO,AT|GA|3,9,0.1494448045678738,0.03494883827700942
mm,D-PO : E-PO,AT|GA|5,6,0.07027961449529596,0.02270986072886261
mm,D-PO : E-PO,AT|GG|3,12,1.0115674690277836,0.3528582563415248
mm,D-PO : E-PO,AT|GG|5,9,0.8101472267102751,0.16448484621696927
mm,D-PO : E-PO,AT|GT|3,12,0.15967225675903263,0.01753341460645844
mm,D-PO : E-PO,AT|GT|5,9,0.20443455105203312,0.01669403505545618
mm,D-PO : E-PO,AT|TC|3,3,0.6866944853025078,0.10020612258737438
mm,D-PO : E-PO,AT|TG|3,6,0.0005416211625183243,0.015592115448913094
mm,D-PO : E-PO,AT|TG|5,3,0.02597048407765945,0.0185126458418368
mm,D-PO : E-PO,AT|TT|3,6,0.8012795761925667,0.06640175205321402
mm,D-PO : E-PO,CG|AA|3,9,0.13762706863873686,0.020849970634398057
mm,D-PO : E-PO,CG|AA|5,9,0.04600082910478709,0.058052824869325774
mm,D-PO : E-PO,CG|AC|5,6,0.3993492708337215,0.10983289758195672
mm,D-PO : E-PO,CG|AG|3,6,-0.09994448592920835,0.021107176236435602
mm,D-PO : E-PO,CG|CA|3,6,0.2889473831833993,0.06098204118211462
mm,D-PO : E-PO,CG|CA|5,9,0.13427175592279328,0.027312131668662986
mm,D-PO : E-PO,CG|CC|3,3,0.32329053114639417,0.07030638803770442
mm,D-PO : E-PO,CG|CC|5,9,0.4311184213708076,0.08425806711360354
mm,D-PO : E-PO,CG|CT|3,6,0.3613455177770405,0.16805405472221555
mm,D-PO : E-PO,CG|CT|5,12,0.41531899745438106,0.13974100824188304
mm,D-PO : E-PO,CG|GA|3,3,-0.11304331097844,0.021050142708453717
mm,D-PO : E-PO,CG|GA|5,6,-0.04530604851594122,0.04975798209563124
mm,D-PO : E-PO,CG|GG|3,3,0.6334450505292798,0.09344929700532892
mm,D-PO : E-PO,CG|GG|5,3,0.4101165159723815,0.16693936211581561
mm,D-PO : E-PO,CG|GT|3,3,-0.10604813975574168,0.011166713621571133
mm,D-PO : E-PO,CG|GT|5,3,-0.13881575494425924,0.019760382992057523
mm,D-PO : E-PO,CG|TC|3,6,0.485910526454275,0.13282164780851866
mm,D-PO : E-PO,CG|TC|5,9,0.456568199239234,0.09406110565897874
mm,D-PO : E-PO,CG|TG|3,12,-0.11230114439226746,0.027372736385608658
mm,D-PO : E-PO,CG|TG|5,3,-0.1583360599440663,0.03428151641839081
mm,D-PO : E-PO,CG|TT|3,3,0.853745520763158,0.13366603014005332
mm,D-PO : E-PO,CG|TT|5,6,0.42150781209284893,0.061809871158921184
mm,D-PO : E-PO,GC|AA|3,6,0.33040020153406224,0.1478011707741132
mm,D-PO : E-PO,GC|AA|5,6,0.262289191147854,0.05509745100288498
mm,D-PO : E-PO,GC|AC|3,3,0.19171035521993662,0.05607473893722469
mm,D-PO : E-PO,GC|AC|5,12,0.2515288994649797,0.02430084180293325
mm,D-PO : E-PO,GC|AG|3,6,0.17454543456741478,0.13812271140113613
mm,D-PO : E-PO,GC|AG|5,12,0.04869935930284597,0.02886958365699074
mm,D-PO : E-PO,GC|CA|3,6,0.3177317851207956,0.06317316427740924
mm,D-PO : E-PO,GC|CA|5,6,0.49821025956122555,0.15445819954345089
mm,D-PO : E-PO,GC|CC|3,3,0.7131874703431494,0.16826440962144606
mm,D-PO : E-PO,GC|CC|5,6,0.2401467281969204,0.03922803637520697
mm,D-PO : E-PO,GC|CT|3,9,0.42187109730199734,0.18208945573246813
mm,D-PO : E-PO,GC|CT|5,6,0.22452506519425552,0.13921215750922952
mm,D-PO : E-PO,GC|GA|3,3,-0.15306227193459532,0.02524971596956098
mm,D-PO : E-PO,GC|GA|5,6,0.053714840195641766,0.1391105968832053
mm,D-PO : E-PO,GC|GG|3,9,0.6695230046376003,0.19809879095750346
mm,D-PO : E-PO,GC|GG|5,9,0.3882106202194827,0.05260810304841572
mm,D-PO : E-PO,GC|GT|3,3,-0.08162447471818157,0.0719956988517454
mm,D-PO : E-PO,GC|GT|5,12,-0.12300288950196192,0.005076826054933914
mm,D-PO : E-PO,GC|TC|3,9,0.40764231231052916,0.10065858873894945
mm,D-PO : E-PO,GC|TG|3,3,-0.09020855163530994,0.03118951533144231
mm,D-PO : E-PO,GC|TG|5,12,-0.08793159297321029,0.006027227544580002
mm,D-PO : E-PO,GC|TT|3,9,0.42691566320075613,0.1005907094980995
mm,D-PO : E-PO,GC|TT|5,9,0.5080413684071324,0.02908808106873106
mm,D-PO : E-PO,TA|AA|5,3,1.0699024168522797,0.44691541184064154
mm,D-PO : E-PO,TA|AC|3,6,0.40636152863615826,0.04469699790648236
mm,D-PO : E-PO,TA|AC|5,6,0.42875859809759,0.03716776367916913
mm,D-PO : E-PO,TA|AG|3,6,0.1851572621544897,0.05046936463762575
mm,D-PO : E-PO,TA|AG|5,3,-0.0011475326282996967,0.046825970005379275
mm,D-PO : E-PO,TA|CA|3,9,0.35254259064933946,0.02341074252447507
mm,D-PO : E-PO,TA|CA|5,6,0.3983083525952299,0.09056906801806738
mm,D-PO : E-PO,TA|CC|3,9,0.46649811728703006,0.023988963518165596
mm,D-PO : E-PO,TA|CC|5,3,0.8778383176245018,0.1379699474861253
mm,D-PO : E-PO,TA|CT|3,6,0.6823881517689604,0.1247734796929573
mm,D-PO : E-PO,TA|GA|3,9,0.189587231795185,0.07472279469218768
mm,D-PO : E-PO,TA|GA|5,6,-0.0016874352261385672,0.03473341359263758
mm,D-PO : E-PO,TA|GG|5,3,1.1257307511409573,0.762964419975784
mm,D-PO : E-PO,TA|GT|3,6,-0.0070045992473820595,0.01255668891707419
mm,D-PO : E-PO,TA|TC|3,6,0.8586750913485511,0.09218484488532856
mm,D-PO : E-PO,TA|TC|5,15,0.8537676286278905,0.15423948587652542
mm,D-PO : E-PO,TA|TG|3,3,0.06681088816911884,0.026898888682986004
mm,D-PO : E-PO,TA|TG|5,6,0.021787646819490747,0.018508910099353296
mm,D-PO : E-PO,TA|TT|3,6,0.6433047946036164,0.06794815946166424
mm,D-PO : E-PO,TA|TT|5,9,0.7782408840675613,0.0917100159788749
mm,D-PO : M-PO,AT|AA|3,9,0.5041259842269751,0.0066493287148094
mm,D-PO : M-PO,AT|AA|5,6,0.43988995738891024,0.0429957365141427
mm,D-PO : M-PO,AT|AC|3,12,0.4182551531741089,0.02512679110471044
mm,D-PO : M-PO,AT|AG|3,3,0.32399879456313074,0.21794908131022886
mm,D-PO : M-PO,AT|AG|5,6,0.08322981006952657,0.03414809929404607
mm,D-PO : M-PO,AT|CA|3,3,0.7479732227940493,0.02606790748602769
mm,D-PO : M-PO,AT|CA|5,3,0.3613032716016543,0.1285945152176519
mm,D-PO : M-PO,AT|CC|3,9,0.6880181392310486,0.09713829345003003
mm,D-PO : M-PO,AT|CC|5,6,0.407137692161896,0.11415296485383215
mm,D-PO : M-PO,AT|CT|3,3,0.8441612437793374,0.44101110006345484
mm,D-PO : M-PO,AT|CT|5,6,0.9625273902410741,0.14654200127828912
mm,D-PO : M-PO,AT|GA|3,9,0.15559682394921526,0.0289289796336468
mm,D-PO : M-PO,AT|GA|5,6,0.33084656402734647,0.2145643593839849
mm,D-PO : M-PO,AT|GG|3,12,0.7306263034141415,0.08472673992380968
mm,D-PO : M-PO,AT|GG|5,9,0.5270964568953885,0.10448644847901248
mm,D-PO : M-PO,AT|GT|3,9,0.09853081899924887,0.06951194371696438
mm,D-PO : M-PO,AT|GT|5,6,0.005892918418169302,0.08254682780315765
mm,D-PO : M-PO,AT|TC|3,3,1.2535325828885355,0.44496367731816705
mm,D-PO : M-PO,AT|TG|3,6,0.015841628115592088,0.03657473722473372
mm,D-PO : M-PO,AT|TG|5,3,0.16800435160333904,0.10088474469752819
mm,D-PO : M-PO,AT|TT|3,6,1.1659697987477564,0.09877057503168286
mm,D-PO : M-PO,CG|AA|3,9,0.22722115232491602,0.011852490423324737
mm,D-PO : M-PO,CG|AA|5,9,0.1857656558920513,0.015185773165556873
mm,D-PO : M-PO,CG|AC|5,6,0.23209646905667047,0.08504306397369552
mm,D-PO : M-PO,CG|AG|3,6,-0.14931711867927389,0.021135873890595458
mm,D-PO : M-PO,CG|CA|3,6,0.30058311924928705,0.042627705700021425
mm,D-PO : M-PO,CG|CA|5,9,0.4584270071423523,0.026982421179173183
mm,D-PO : M-PO,CG|CC|3,3,0.5238852501402832,0.058282753346252374
mm,D-PO : M-PO,CG|CC|5,9,0.48922924046887284,0.06932839801627243
mm,D-PO : M-PO,CG|CT|3,6,0.3105887329006586,0.17496335805170923
mm,D-PO : M-PO,CG|CT|5,12,0.31278904499819127,0.1571353549309759
mm,D-PO : M-PO,CG|GA|3,3,-0.11006719286022693,0.016308217301678172
mm,D-PO : M-PO,CG|GA|5,6,-0.0677796976590922,0.015168537939822115
mm,D-PO : M-PO,CG|GG|3,3,1.2482208890933082,0.29881704587097524
mm,D-PO : M-PO,CG|GG|5,3,0.6219082071907683,0.3303292740747872
mm,D-PO : M-PO,CG|GT|3,3,-0.14068964984314458,0.023365681055383537
mm,D-PO : M-PO,CG|GT|5,3,0.04527893818101025,0.12352329205262824
mm,D-PO : M-PO,CG|TC|3,6,0.4608922906756455,0.12125726981304666
mm,D-PO : M-PO,CG|TC|5,9,0.47720799949931536,0.00448920946188451
mm,D-PO : M-PO,CG|TG|3,12,-0.11368478667188275,0.019187133907987743
mm,D-PO : M-PO,CG|TG|5,3,-0.20546552433412785,0.011643973543870218
mm,D-PO : M-PO,CG|TT|3,3,0.41476187612470594,0.05765435927265852
mm,D-PO : M-PO,CG|TT|5,6,0.42434846740885546,0.0786043961848648
mm,D-PO : M-PO,GC|AA|3,6,0.4274926187173683,0.08896072027572728
mm,D-PO : M-PO,GC|AA|5,6,0.428455145034235,0.18795747863883164
mm,D-PO : M-PO,GC|AC|3,3,0.4063469857412304,0.18502466167021042
mm,D-PO : M-PO,GC|AC|5,12,0.2229997410505129,0.030209166268718387
mm,D-PO : M-PO,GC|AG|3,3,-0.011739315108245885,0.0840431462005436
mm,D-PO : M-PO,GC|AG|5,9,-0.07142050799034405,0.023250930461888836
mm,D-PO : M-PO,GC|CA|3,6,0.3221610149926407,0.08900892004381762
mm,D-PO : M-PO,GC|CA|5,6,0.23338324416046274,0.08110124041611827
mm,D-PO : M-PO,GC|CC|3,3,0.9964267515242612,0.23807610497548756
mm,D-PO : M-PO,GC|CC|5,6,1.0393963545488063,0.25583146809089535
mm,D-PO : M-PO,GC|CT|3,9,0.3089479797956499,0.17061831122788312
mm,D-PO : M-PO,GC|CT|5,6,0.06476859741630048,0.05160587581705297
mm,D-PO : M-PO,GC|GA|3,3,-0.13614016620742475,0.024689438580678204
mm,D-PO : M-PO,GC|GA|5,6,-0.08066042569246501,0.03849024806397849
mm,D-PO : M-PO,GC|GG|3,9,0.3458219314710024,0.08546609611797747
mm,D-PO : M-PO,GC|GG|5,9,0.6347097346767793,0.3197575893891155
mm,D-PO : M-PO,GC|GT|3,3,0.0019447208207292732,0.10168287984244839
mm,D-PO : M-PO,GC|GT|5,12,-0.12341040259009128,0.03496967701568602
mm,D-PO : M-PO,GC|TC|3,9,0.399556107869362,0.054068810037607225
mm,D-PO : M-PO,GC|TG|3,3,-0.029391718965167457,0.1081894641920379
mm,D-PO : M-PO,GC|TG|5,12,-0.07197324045262254,0.02823228265669452
mm,D-PO : M-PO,GC|TT|3,9,0.4940768859606929,0.07629474347652414
mm,D-PO : M-PO,GC|TT|5,9,0.7242666875228655,0.03423398634795934
mm,D-PO : M-PO,TA|AA|5,3,0.6242910825439069,0.09501575100381643
mm,D-PO : M-PO,TA|AC|3,6,0.3311446680386364,0.04695036201192875
mm,D-PO : M-PO,TA|AC|5,3,0.6412582736268578,0.16769314324197457
mm,D-PO : M-PO,TA|AG|3,6,0.0056309984503142285,0.010180058334463641
mm,D-PO : M-PO,TA|AG|5,3,0.002705224924466232,0.02432868983210376
mm,D-PO : M-PO,TA|CA|3,9,0.5951799266311718,0.052316989620323905
mm,D-PO : M-PO,TA|CA|5,6,0.59052094087462,0.10320256932068252
mm,D-PO : M-PO,TA|CC|3,9,1.0052904197339063,0.09188735667832086
mm,D-PO : M-PO,TA|CC|5,3,0.864806263692962,0.0890528060139842
mm,D-PO : M-PO,TA|CT|3,6,0.7602566400064136,0.26076946842814175
mm,D-PO : M-PO,TA|GA|3,9,0.054243402070230706,0.04868768240485253
mm,D-PO : M-PO,TA|GA|5,6,0.023760780543862325,0.031500906127803006
mm,D-PO : M-PO,TA|GG|5,3,0.2175335572718473,0.04304860054561222
mm,D-PO : M-PO,TA|GT|3,6,0.15588102149815242,0.12356900493839737
mm,D-PO : M-PO,TA|TC|3,6,0.627441422087326,0.13201161635079806
mm,D-PO : M-PO,TA|TC|5,15,0.6138665829384194,0.10131412996363712
mm,D-PO : M-PO,TA|TG|3,3,-0.02681876926704163,0.015638930958718402
mm,D-PO : M-PO,TA|TG|5,6,-0.025622089521337266,0.027949330227055983
mm,D-PO : M-PO,TA|TT|3,6,0.709866026400546,0.0998388188219383
mm,D-PO : M-PO,TA|TT|5,9,0.7655298257990967,0.10823096038849428
mm,D-PO : M-PS,AT|AA|3,6,0.49211818612055513,0.09897802302573042
mm,D-PO : M-PS,AT|AA|5,6,0.3395843441829295,0.07926406098223765
mm,D-PO : M-PS,AT|AC|3,15,0.5074017154777942,0.05858309998320539
mm,D-PO : M-PS,AT|AG|3,6,0.2854733861456571,0.07042358442384018
mm,D-PO : M-PS,AT|AG|5,9,0.24727950069039328,0.2066173644406388
mm,D-PO : M-PS,AT|CA|3,3,0.6389406136410946,0.18205530567866687
mm,D-PO : M-PS,AT|CA|5,3,0.3850873344687523,0.06796177580154149
mm,D-PO : M-PS,AT|CC|3,9,0.3836036208528245,0.026970020840052
mm,D-PO : M-PS,AT|CC|5,6,0.3122133571471134,0.050633929753502775
mm,D-PO : M-PS,AT|CT|3,3,0.8490444647519112,0.3717819851162059
mm,D-PO : M-PS,AT|CT|5,6,0.9399867815170012,0.1250098461562377
mm,D-PO : M-PS,AT|GA|3,9,0.18825628713892184,0.012880633358259713
mm,D-PO : M-PS,AT|GA|5,3,0.14635712464220074,0.049836581780357346
mm,D-PO : M-PS,AT|GG|3,12,0.7145157907727907,0.1906078136499862
mm,D-PO : M-PS,AT|GG|5,6,0.7704021813509202,0.27067679798840144
mm,D-PO : M-PS,AT|GT|3,12,0.19139527342745943,0.0725645936959768
mm,D-PO : M-PS,AT|GT|5,9,0.4969873457196111,0.15342049053121526
mm,D-PO : M-PS,AT|TC|3,3,0.5734940198592876,0.09149953078449016
mm,D-PO : M-PS,AT|TG|3,6,0.042878908656552195,0.06950472153112804
mm,D-PO : M-PS,AT|TG|5,3,0.02368823540848719,0.022947595153323168
mm,D-PO : M-PS,AT|TT|3,6,0.7288046652932839,0.20692575138154834
mm,D-PO : M-PS,CG|AA|3,9,0.38937527353318824,0.10125865397198772
mm,D-PO : M-PS,CG|AA|5,9,0.40033091248902675,0.0937904780744841
mm,D-PO : M-PS,CG|AC|5,6,0.266500563917882,0.0668101065536386
mm,D-PO : M-PS,CG|AG|3,6,-0.1621892405214026,0.026847281465337557
mm,D-PO : M-PS,CG|CA|3,6,0.23412390341167,0.07991188674003623
mm,D-PO : M-PS,CG|CA|5,9,0.3282240056906366,0.026678236094080595
mm,D-PO : M-PS,CG|CC|3,3,0.39110613988864584,0.06346257298117014
mm,D-PO : M-PS,CG|CC|5,9,0.2758567528985898,0.041252307392763934
mm,D-PO : M-PS,CG|CT|3,6,0.24031482502874524,0.19586582603438918
mm,D-PO : M-PS,CG|CT|5,12,0.26616393849342923,0.16205205332920405
mm,D-PO : M-PS,CG|GA|3,3,-0.17848750596706175,0.005285235645752488
mm,D-PO : M-PS,CG|GA|5,6,-0.07055495858826322,0.029453189507113873
mm,D-PO : M-PS,CG|GG|3,3,0.5062937626184386,0.3218195924567
mm,D-PO : M-PS,CG|GG|5,3,0.46515105149529157,0.21113308971935346
mm,D-PO : M-PS,CG|GT|3,3,0.10493870567020624,0.11075953412549006
mm,D-PO : M-PS,CG|GT|5,3,-0.05923914812962605,0.17388422304059636
mm,D-PO : M-PS,CG|TC|3,3,0.31033385470186825,0.13449304884609142
mm,D-PO : M-PS,CG|TC|5,9,0.49577495434568963,0.03632227545389148
mm,D-PO : M-PS,CG|TG|3,12,-0.09973817649756278,0.018214411880889438
mm,D-PO : M-PS,CG|TG|5,3,-0.17054238909339903,0.05003032934716857
mm,D-PO : M-PS,CG|TT|3,3,0.4223623008956138,0.14750988210921545
mm,D-PO : M-PS,CG|TT|5,6,0.3955398685071433,0.17996118532515304
mm,D-PO : M-PS,GC|AA|3,6,0.2903309017823965,0.06663411959161512
mm,D-PO : M-PS,GC|AA|5,3,0.2742902918496314,0.09395709429192965
mm,D-PO : M-PS,GC|AC|3,3,0.34016912962039114,0.11864770682020351
mm,D-PO : M-PS,GC|AC|5,9,0.3554624495887394,0.042700030487572475
mm,D-PO : M-PS,GC|AG|3,6,-0.013659764934301655,0.10900356386170272
mm,D-PO : M-PS,GC|AG|5,12,-0.011816447136812513,0.024839315409633952
mm,D-PO : M-PS,GC|CA|3,6,0.309654554208454,0.14342553479636258
mm,D-PO : M-PS,GC|CA|5,6,0.22438511445963627,0.09168802196407379
mm,D-PO : M-PS,GC|CC|5,6,0.528566506261165,0.17083112044724888
mm,D-PO : M-PS,GC|CT|3,9,0.21690220788434023,0.08430724307477004
mm,D-PO : M-PS,GC|CT|5,6,0.035834518481954514,0.012894173928159813
mm,D-PO : M-PS,GC|GA|3,3,-0.032278899537034444,0.039440628288983766
mm,D-PO : M-PS,GC|GA|5,6,-0.12164768385213742,0.0019735412464538813
mm,D-PO : M-PS,GC|GG|3,6,0.4043985784314065,0.2057130740687211
mm,D-PO : M-PS,GC|GG|5,9,0.4447771651264464,0.04712654419528901
mm,D-PO : M-PS,GC|GT|3,3,0.6757226284684051,0.13587292057106803
mm,D-PO : M-PS,GC|GT|5,12,-0.07495586840555502,0.04196883497655307
mm,D-PO : M-PS,GC|TC|3,9,0.5966118315330872,0.038841494849783456
mm,D-PO : M-PS,GC|TG|3,3,-0.030537156558234524,0.0666103361333387
mm,D-PO : M-PS,GC|TG|5,12,-0.04638526879339533,0.040624970587853096
mm,D-PO : M-PS,GC|TT|3,9,0.5162990790035157,0.037340176583641436
mm,D-PO : M-PS,GC|TT|5,9,0.476227549544452,0.05327822815036244
mm,D-PO : M-PS,TA|AA|5,3,0.34290487438230943,0.0830144068518037
mm,D-PO : M-PS,TA|AC|3,3,0.3796438568610855,0.056641614688712504
mm,D-PO : M-PS,TA|AC|5,6,0.3508499275540179,0.05678147906767943
mm,D-PO : M-PS,TA|AG|3,6,0.1719790524842021,0.09725073592193333
mm,D-PO : M-PS,TA|AG|5,3,0.13889438437999502,0.17268448578414142
mm,D-PO : M-PS,TA|CA|3,9,0.5409063440373615,0.0370617169499619
mm,D-PO : M-PS,TA|CA|5,6,0.54089577281555,0.18777006155832582
mm,D-PO : M-PS,TA|CC|3,9,0.6135651096127303,0.1144708927684956
mm,D-PO : M-PS,TA|CT|3,6,0.6790223692901366,0.12149350768729722
mm,D-PO : M-PS,TA|GA|3,6,0.030468233348285634,0.03187713834301347
mm,D-PO : M-PS,TA|GA|5,6,0.019739846494580493,0.03414183974285213
mm,D-PO : M-PS,TA|GG|5,3,0.36628216051313556,0.19926793494342362
mm,D-PO : M-PS,TA|GT|3,6,0.11852205186036091,0.09024541734984176
mm,D-PO : M-PS,TA|TC|3,6,0.5164989008711179,0.06745911499670153
mm,D-PO : M-PS,TA|TC|5,12,0.5179776765623457,0.0358178327105589
mm,D-PO : M-PS,TA|TG|3,3,0.10926880685349871,0.08065651539790154
mm,D-PO : M-PS,TA|TG|5,6,-0.007336310039151361,0.038140959560782985
mm,D-PO : M-PS,TA|TT|3,6,0.654296108091896,0.0852965362492834
mm,D-PO : M-PS,TA|TT|5,9,0.6764170874641539,0.05192816248263783
mm,D-PS : D-PS,AT|AA|3,9,0.6940259614112053,0.1113307773360205
mm,D-PS : D-PS,AT|AA|5,6,0.6893075601956772,0.05949912738782129
mm,D-PS : D-PS,AT|AC|3,15,0.6130526146592393,0.08542367171922254
mm,D-PS : D-PS,AT|AG|3,6,0.19970563592637058,0.136144074282818
mm,D-PS : D-PS,AT|AG|5,9,0.31802835097749094,0.1353687450102997
mm,D-PS : D-PS,AT|CA|3,3,0.6361199741336049,0.14422586131674534
mm,D-PS : D-PS,AT|CA|5,3,0.5885459408480126,0.19048220448244085
mm,D-PS : D-PS,AT|CC|3,9,0.9132185009185102,0.0623289750731656
mm,D-PS : D-PS,AT|CC|5,6,0.7185403931675579,0.06020466409663676
mm,D-PS : D-PS,AT|CT|3,3,0.575865359883036,0.1462976525034522
mm,D-PS : D-PS,AT|CT|5,6,0.40279819973404785,0.11115627557682607
mm,D-PS : D-PS,AT|GA|3,9,0.1985952672387572,0.15687413537083972
mm,D-PS : D-PS,AT|GA|5,6,0.41103945934039954,0.34562122544868823
mm,D-PS : D-PS,AT|GG|3,12,0.6571645602636652,0.10480481166325156
mm,D-PS : D-PS,AT|GG|5,9,0.6028768878175624,0.11324368617231699
mm,D-PS : D-PS,AT|GT|3,9,0.10550051842071839,0.03378537099419326
mm,D-PS : D-PS,AT|GT|5,9,0.15930547964320374,0.026992304311165696
mm,D-PS : D-PS,AT|TC|3,3,0.7805464926888618,0.344453201837866
mm,D-PS : D-PS,AT|TG|3,6,0.3288887485736006,0.0949723009749152
mm,D-PS : D-PS,AT|TG|5,3,0.20638140721656406,0.11408654343948461
mm,D-PS : D-PS,AT|TT|3,6,0.4505993991734517,0.11232998341175417
mm,D-PS : D-PS,CG|AA|3,9,0.3364057052587023,0.04265131918833888
mm,D-PS : D-PS,CG|AA|5,9,0.3745813221292186,0.06391340421873781
mm,D-PS : D-PS,CG|AC|5,6,0.3668450668574744,0.02139850834289469
mm,D-PS : D-PS,CG|AG|3,6,-0.12654924967246528,0.025109187106009515
mm,D-PS : D-PS,CG|CA|3,6,0.7143303141338003,0.35619958419168213
mm,D-PS : D-PS,CG|CA|5,9,0.4060720373970411,0.0390306196753366
mm,D-PS : D-PS,CG|CC|3,3,0.434653954385786,0.1841907438365568
mm,D-PS : D-PS,CG|CC|5,9,0.6578701899048597,0.12158630915000597
mm,D-PS : D-PS,CG|CT|3,6,0.36072114936043376,0.0599005741694516
mm,D-PS : D-PS,CG|CT|5,12,0.5354333828250982,0.08540475891455614
mm,D-PS : D-PS,CG|GA|3,3,-0.15212792390448293,0.023580921963564525
mm,D-PS : D-PS,CG|GA|5,6,-0.06075782617201053,0.05612809715067821
mm,D-PS : D-PS,CG|GG|3,3,0.9280904840601464,0.4874204682658315
mm,D-PS : D-PS,CG|GG|5,3,0.23566371302832456,0.21210522967390347
mm,D-PS : D-PS,CG|GT|3,3,-0.040204441488226106,0.06704170820607491
mm,D-PS : D-PS,CG|GT|5,3,0.13425676850328117,0.01901070670020541
mm,D-PS : D-PS,CG|TC|3,6,0.5056608773642169,0.12449725764998827
mm,D-PS : D-PS,CG|TC|5,9,0.6207232807133075,0.13891316266594458
mm,D-PS : D-PS,CG|TG|3,12,0.07856769959681131,0.04347399318453734
mm,D-PS : D-PS,CG|TG|5,3,0.16780981974304954,0.03163445240778991
mm,D-PS : D-PS,CG|TT|3,3,0.1757323116455256,0.09348093733980664
mm,D-PS : D-PS,CG|TT|5,6,0.8800027194689289,0.287682486972044
mm,D-PS : D-PS,GC|AA|3,6,0.43822450744109676,0.037953707458927476
mm,D-PS : D-PS,GC|AA|5,6,0.6338414109408869,0.20144858576388047
mm,D-PS : D-PS,GC|AC|3,3,0.18493341611452574,0.05234112635427509
mm,D-PS : D-PS,GC|AC|5,12,0.5589530383433191,0.07825739270718471
mm,D-PS : D-PS,GC|AG|3,3,-0.10188584362982978,0.02578583573864841
mm,D-PS : D-PS,GC|AG|5,9,-0.025527787604886054,0.07953726636372663
mm,D-PS : D-PS,GC|CA|3,6,0.3513495474116163,0.09023666880196828
mm,D-PS : D-PS,GC|CA|5,6,0.40463184483079895,0.04288244895207975
mm,D-PS : D-PS,GC|CC|3,3,0.6342313636851934,0.2968347209904946
mm,D-PS : D-PS,GC|CC|5,6,0.9685017441153964,0.1572362728113213
mm,D-PS : D-PS,GC|CT|3,9,0.4864088725677621,0.19591436276552163
mm,D-PS : D-PS,GC|CT|5,6,0.45436929604974663,0.131764814658797
mm,D-PS : D-PS,GC|GA|3,3,0.1507015383762208,0.07248487415403002
mm,D-PS : D-PS,GC|GA|5,6,-0.09915039752664678,0.007209081106670745
mm,D-PS : D-PS,GC|GG|3,9,0.38957469538866485,0.15544145712513238
mm,D-PS : D-PS,GC|GG|5,9,0.6074214187540726,0.08014402854489776
mm,D-PS : D-PS,GC|GT|3,3,0.06457271950227661,0.0871300181755823
mm,D-PS : D-PS,GC|GT|5,9,-0.08049655312541193,0.04578306748051188
mm,D-PS : D-PS,GC|TC|3,9,0.5660923042641083,0.18158591203249974
mm,D-PS : D-PS,GC|TG|3,3,-0.011875945788894948,0.1289177164450434
mm,D-PS : D-PS,GC|TG|5,12,0.032427618481396636,0.027823574282101627
mm,D-PS : D-PS,GC|TT|3,9,0.4939151413200379,0.09270054591667265
mm,D-PS : D-PS,GC|TT|5,9,0.22295550709300016,0.13618107132628962
mm,D-PS : D-PS,TA|AA|5,3,0.6306720977833603,0.1813076351040522
mm,D-PS : D-PS,TA|AC|3,6,0.7542966154693261,0.10371526043921175
mm,D-PS : D-PS,TA|AC|5,6,0.5768326147406081,0.10168390251611903
mm,D-PS : D-PS,TA|AG|3,6,0.326197241278375,0.27375011085414036
mm,D-PS : D-PS,TA|AG|5,3,0.028729980916554765,0.0342436461456472
mm,D-PS : D-PS,TA|CA|3,9,0.5712108136199215,0.032173416781088884
mm,D-PS : D-PS,TA|CA|5,6,0.5082157444906888,0.04971136505897338
mm,D-PS : D-PS,TA|CC|3,9,1.0461596509757007,0.1121971918369202
mm,D-PS : D-PS,TA|CC|5,3,0.7729139032541633,0.35643129166355086
mm,D-PS : D-PS,TA|CT|3,6,0.6072883489697062,0.20542225195928418
mm,D-PS : D-PS,TA|GA|3,9,0.3102386262092275,0.26035231191233643
mm,D-PS : D-PS,TA|GA|5,6,0.13460046762098155,0.08188399641489144
mm,D-PS : D-PS,TA|GG|5,3,0.35889818914964977,0.08944662708130985
mm,D-PS : D-PS,TA|GT|3,6,0.23842751997246348,0.06263619232189012
mm,D-PS : D-PS,TA|TC|3,6,0.7877806999624223,0.06928175682955337
mm,D-PS : D-PS,TA|TC|5,15,0.7354708033339535,0.0213287590029656
mm,D-PS : D-PS,TA|TG|3,3,0.21348571935249994,0.10938795046262342
mm,D-PS : D-PS,TA|TG|5,6,0.22188555442086189,0.05538915614554858
mm,D-PS : D-PS,TA|TT|3,6,0.5548272168045149,0.02950358829649209
mm,D-PS : D-PS,TA|TT|5,9,0.48912392714006214,0.1315204521374329
mm,D-PS : M-PO,AT|AA|3,9,0.48873696935139554,0.04011615028133756
mm,D-PS : M-PO,AT|AA|5,6,0.5562265611614173,0.026675182752396893
mm,D-PS : M-PO,AT|AC|3,15,0.559821589137682,0.06233047195182703
mm,D-PS : M-PO,AT|AG|3,6,0.28098121173266566,0.15690914451058877
mm,D-PS : M-PO,AT|AG|5,9,0.25307735303472667,0.1823537884723025
mm,D-PS : M-PO,AT|CA|3,3,0.7919893165875606,0.08394355416688937
mm,D-PS : M-PO,AT|CA|5,3,0.4470256459112526,0.10626256979620427
mm,D-PS : M-PO,AT|CC|3,9,0.6810788616742575,0.007307469249132734
mm,D-PS : M-PO,AT|CC|5,6,0.5622848719440067,0.060076925959860375
mm,D-PS : M-PO,AT|CT|3,3,0.7238369647730122,0.4847782298123672
mm,D-PS : M-PO,AT|CT|5,6,0.32606729136364543,0.07909129808213246
mm,D-PS : M-PO,AT|GA|3,9,0.2965136121432671,0.11212641812804676
mm,D-PS : M-PO,AT|GA|5,6,0.1466573872425896,0.00601768261558699
mm,D-PS : M-PO,AT|GG|3,12,0.7780681057252209,0.10094974290919496
mm,D-PS : M-PO,AT|GG|5,9,0.8140019848571932,0.11954581961269016
mm,D-PS : M-PO,AT|GT|3,12,0.16361066501913046,0.03996264077845467
mm,D-PS : M-PO,AT|GT|5,9,0.25647442461998904,0.021755742900169735
mm,D-PS : M-PO,AT|TC|3,3,0.9448151949555973,0.5243735868944449
mm,D-PS : M-PO,AT|TG|3,6,0.058598385261047214,0.017155526154983468
mm,D-PS : M-PO,AT|TG|5,3,0.07777586382891122,0.12371833556302973
mm,D-PS : M-PO,AT|TT|3,6,1.3707114169582137,0.14493928111492974
mm,D-PS : M-PO,CG|AA|3,9,0.39128230588965496,0.093441751963339
mm,D-PS : M-PO,CG|AA|5,9,0.22012064096735706,0.02877903304864896
mm,D-PS : M-PO,CG|AC|5,6,0.21007136815400962,0.009058758263694547
mm,D-PS : M-PO,CG|AG|3,6,-0.16536156652539302,0.02192664504627692
mm,D-PS : M-PO,CG|CA|3,6,0.1342145031287556,0.0062907606097177445
mm,D-PS : M-PO,CG|CA|5,9,0.34820184286949474,0.07793546506365406
mm,D-PS : M-PO,CG|CC|3,3,0.5253142137710206,0.2882819503306448
mm,D-PS : M-PO,CG|CC|5,9,0.5150012497668991,0.0874501539634029
mm,D-PS : M-PO,CG|CT|3,6,0.26815138715351283,0.1731837722719478
mm,D-PS : M-PO,CG|CT|5,12,0.2333960478249234,0.1582291821004674
mm,D-PS : M-PO,CG|GA|3,3,-0.09395755438421205,0.05485902365030714
mm,D-PS : M-PO,CG|GA|5,6,0.03563834998170301,0.08554709048237409
mm,D-PS : M-PO,CG|GG|3,3,-0.12379331123125337,0.010815599562660382
mm,D-PS : M-PO,CG|GG|5,3,0.19519551503497556,0.13904748795370717
mm,D-PS : M-PO,CG|GT|3,3,0.21472736823688965,0.21179046324016584
mm,D-PS : M-PO,CG|GT|5,3,0.0267856773962436,0.13083140231119356
mm,D-PS : M-PO,CG|TC|3,6,0.37398892269214745,0.15001379667494827
mm,D-PS : M-PO,CG|TC|5,9,0.5248675219924975,0.08200264450698806
mm,D-PS : M-PO,CG|TG|3,12,-0.07255129929484538,0.013979959431482468
mm,D-PS : M-PO,CG|TG|5,3,-0.18589030265927597,0.023564727574341506
mm,D-PS : M-PO,CG|TT|3,3,0.6425092781255587,0.14365015903431608
mm,D-PS : M-PO,CG|TT|5,6,0.641961955873407,0.09222445577718225
mm,D-PS : M-PO,GC|AA|3,6,0.6329987437782937,0.221759079330598
mm,D-PS : M-PO,GC|AA|5,6,0.5058038165534903,0.14289490866147175
mm,D-PS : M-PO,GC|AC|3,3,0.3802617969659211,0.0785903888192166
mm,D-PS : M-PO,GC|AC|5,12,0.2413684937108479,0.08066667839370087
mm,D-PS : M-PO,GC|AG|3,6,0.005632684887514117,0.03440812660226526
mm,D-PS : M-PO,GC|AG|5,12,0.1087986185648655,0.08739987038534243
mm,D-PS : M-PO,GC|CA|3,6,0.2512666584111499,0.06912327765957438
mm,D-PS : M-PO,GC|CA|5,6,0.4737880570606837,0.18535146742654454
mm,D-PS : M-PO,GC|CC|3,3,0.7643992298467249,0.10603024875456052
mm,D-PS : M-PO,GC|CC|5,6,0.776111529345019,0.08154156755690957
mm,D-PS : M-PO,GC|CT|3,9,0.08331764617964244,0.03697688813196907
mm,D-PS : M-PO,GC|CT|5,6,0.06250959909694453,0.0264488041596306
mm,D-PS : M-PO,GC|GA|3,3,-0.12335834531973044,0.023430527311524115
mm,D-PS : M-PO,GC|GA|5,6,0.1232696610130789,0.20439499721951498
mm,D-PS : M-PO,GC|GG|3,9,0.38875094334664684,0.12463221608085678
mm,D-PS : M-PO,GC|GG|5,9,0.324484798703892,0.13304273723785356
mm,D-PS : M-PO,GC|GT|3,3,0.1673919755398695,0.14226820633795412
mm,D-PS : M-PO,GC|GT|5,12,-0.1093003676716443,0.02212966842370714
mm,D-PS : M-PO,GC|TC|3,9,0.6861456531043039,0.1346548535774673
mm,D-PS : M-PO,GC|TG|3,3,-0.15231457152700356,0.013017112487620318
mm,D-PS : M-PO,GC|TG|5,12,-0.07564773487838161,0.009655255180825512
mm,D-PS : M-PO,GC|TT|3,9,0.5959991046876228,0.0336856076434401
mm,D-PS : M-PO,GC|TT|5,9,0.6187896809334971,0.042717676077361745
mm,D-PS : M-PO,TA|AA|5,3,0.7826043723970625,0.44078246771014856
mm,D-PS : M-PO,TA|AC|3,6,0.22539589972921248,0.028759239456708566
mm,D-PS : M-PO,TA|AC|5,6,0.5931060665833713,0.04586427102204986
mm,D-PS : M-PO,TA|AG|3,6,0.05344241728718335,0.025186507482235256
mm,D-PS : M-PO,TA|AG|5,3,0.2529280759800385,0.15114365280499795
mm,D-PS : M-PO,TA|CA|3,9,0.556399013593703,0.06934477436491021
mm,D-PS : M-PO,TA|CA|5,6,0.3972643996526505,0.024660311756223897
mm,D-PS : M-PO,TA|CC|3,9,0.8177231912631996,0.1036267332225543
mm,D-PS : M-PO,TA|CC|5,3,0.806736108640122,0.14551947018277162
mm,D-PS : M-PO,TA|CT|3,6,0.26627350530289917,0.04492407593957606
mm,D-PS : M-PO,TA|GA|3,9,0.07510568785334637,0.01562588642012853
mm,D-PS : M-PO,TA|GA|5,6,0.03835547619064705,0.028899073040257395
mm,D-PS : M-PO,TA|GG|5,3,0.35357198258696176,0.3105491867507461
mm,D-PS : M-PO,TA|GT|3,6,0.1481717994029883,0.09478109101836671
mm,D-PS : M-PO,TA|TC|3,6,1.0769552947848147,0.24107678668636326
mm,D-PS : M-PO,TA|TC|5,15,0.7597413930279021,0.04233584125954758
mm,D-PS : M-PO,TA|TG|3,3,-0.03618131810112635,0.032039160403921345
mm,D-PS : M-PO,TA|TG|5,6,0.0471600391825272,0.03804565485335209
mm,D-PS : M-PO,TA|TT|3,6,0.685324437832784,0.08768041769994335
mm,D-PS : M-PO,TA|TT|5,9,1.1085976146915595,0.22266245457183403
mm,E-PO : E-PO,AT|AA|3,9,0.8529612630470939,0.05700404176960505
mm,E-PO : E-PO,AT|AA|5,6,0.7153485529775151,0.10331052960689673
mm,E-PO : E-PO,AT|AC|3,15,0.5277704917180094,0.16183135789149652
mm,E-PO : E-PO,AT|AG|3,6,0.5570010400493858,0.2580328047655357
mm,E-PO : E-PO,AT|AG|5,9,0.3546325565696854,0.07195326051544079
mm,E-PO : E-PO,AT|CA|3,3,0.6203799934234254,0.07384789596125535
mm,E-PO : E-PO,AT|CA|5,3,0.4203179850371309,0.03262931060297567
mm,E-PO : E-PO,AT|CC|3,9,0.5930891042944152,0.271207191018518
mm,E-PO : E-PO,AT|CC|5,6,0.6348886285425125,0.27306882295383467
mm,E-PO : E-PO,AT|CT|3,3,0.7314486078667949,0.19879754452558757
mm,E-PO : E-PO,AT|CT|5,6,0.31516198515861527,0.13105830613133057
mm,E-PO : E-PO,AT|GA|3,9,0.3239330341408212,0.08569010494167069
mm,E-PO : E-PO,AT|GA|5,6,0.6522226525373166,0.2197777816198418
mm,E-PO : E-PO,AT|GG|3,12,0.8743147697201491,0.20984350864848583
mm,E-PO : E-PO,AT|GG|5,9,0.8167529474042913,0.36943991451338215
mm,E-PO : E-PO,AT|GT|3,12,-0.007353838558516457,0.025456366629317224
mm,E-PO : E-PO,AT|GT|5,9,0.24778364334409408,0.13317423625948197
mm,E-PO : E-PO,AT|TC|3,3,0.2221825853961359,0.18143914029320968
mm,E-PO : E-PO,AT|TG|3,6,0.2668734206071006,0.2618786592772082
mm,E-PO : E-PO,AT|TG|5,3,-0.05116175219234931,0.04739432547795337
mm,E-PO : E-PO,AT|TT|3,6,0.3584940263120685,0.03286398436674434
mm,E-PO : E-PO,CG|AA|3,9,0.8797072757945451,0.25283419981916855
mm,E-PO : E-PO,CG|AA|5,9,0.4932571170434844,0.17741706983450575
mm,E-PO : E-PO,CG|AC|5,6,0.3943758926071511,0.2057586443234496
mm,E-PO : E-PO,CG|AG|3,6,0.1168947587693232,0.30720570253994484
mm,E-PO : E-PO,CG|CA|3,6,0.3135600184755337,0.10569231970062876
mm,E-PO : E-PO,CG|CA|5,9,0.3207702845595396,0.22655298324580375
mm,E-PO : E-PO,CG|CC|3,3,-0.07807622760711308,0.028573887531753748
mm,E-PO : E-PO,CG|CC|5,9,-0.016418668750613485,0.0358539416746269
mm,E-PO : E-PO,CG|CT|3,6,0.1403305229056927,0.13786573901058166
mm,E-PO : E-PO,CG|CT|5,12,0.19066315800517153,0.11125456488260387
mm,E-PO : E-PO,CG|GA|3,3,0.5482962834056083,0.44670012495459305
mm,E-PO : E-PO,CG|GA|5,6,-0.03813127622762247,0.0678164556371568
mm,E-PO : E-PO,CG|GG|3,3,0.926899915262481,0.45512725037963186
mm,E-PO : E-PO,CG|GG|5,3,0.9331967028368732,0.47434439746192597
mm,E-PO : E-PO,CG|GT|3,3,-0.032474517520334256,0.1202963249889131
mm,E-PO : E-PO,CG|GT|5,3,-0.16614481973470818,0.016844513540975353
mm,E-PO : E-PO,CG|TC|3,6,0.3360062692371911,0.18916229952549338
mm,E-PO : E-PO,CG|TC|5,9,0.11808403482959817,0.10026645402955454
mm,E-PO : E-PO,CG|TG|3,12,-0.07244143694810157,0.10759546233040493
mm,E-PO : E-PO,CG|TG|5,3,-0.21196903413861806,0.01684925308775062
mm,E-PO : E-PO,CG|TT|3,3,0.06314879706515775,0.09179025221709491
mm,E-PO : E-PO,CG|TT|5,6,0.2784539910102871,0.15818271513378432
mm,E-PO : E-PO,GC|AA|3,6,0.4151193590419927,0.11331418963229883
mm,E-PO : E-PO,GC|AA|5,6,1.0197023976688921,0.15756033868734015
mm,E-PO : E-PO,GC|AC|3,3,0.07227560561970037,0.08594952776528215
mm,E-PO : E-PO,GC|AC|5,12,0.1085435411664476,0.04479585456176669
mm,E-PO : E-PO,GC|AG|3,6,0.3456822089838568,0.26817141768527514
mm,E-PO : E-PO,GC|AG|5,12,0.40691432597381716,0.16537424363349149
mm,E-PO : E-PO,GC|CA|3,6,0.26229382401837775,0.05789515474052176
mm,E-PO : E-PO,GC|CA|5,6,0.4531699543021709,0.03200616744620683
mm,E-PO : E-PO,GC|CC|3,3,0.28368053102048096,0.2979536364877763
mm,E-PO : E-PO,GC|CC|5,6,0.507103462347198,0.45201791926020496
mm,E-PO : E-PO,GC|CT|3,9,0.0397531105052934,0.009103920288407487
mm,E-PO : E-PO,GC|CT|5,6,0.05496292704993033,0.013729591717837037
mm,E-PO : E-PO,GC|GA|3,3,-0.11418697246176701,0.029205190249530805
mm,E-PO : E-PO,GC|GA|5,6,0.4608709215496166,0.17961640004153814
mm,E-PO : E-PO,GC|GG|3,9,0.4826583205424949,0.25149992198599636
mm,E-PO : E-PO,GC|GG|5,9,0.6421066401040673,0.13840636970692893
mm,E-PO : E-PO,GC|GT|3,3,-0.07982569356082792,0.10049492770648684
mm,E-PO : E-PO,GC|GT|5,12,-0.1799610874688774,0.011641543834928976
mm,E-PO : E-PO,GC|TC|3,9,0.4854361238755204,0.286855471604218
mm,E-PO : E-PO,GC|TG|3,3,0.05248547458241448,0.14782626355051365
mm,E-PO : E-PO,GC|TG|5,12,-0.08695204350579966,0.09702742597077213
mm,E-PO : E-PO,GC|TT|3,9,0.34350571514392503,0.07119987340147257
mm,E-PO : E-PO,GC|TT|5,9,0.2792683325642975,0.12944141193215994
mm,E-PO : E-PO,TA|AA|5,3,0.37846563124836285,0.15760733827644488
mm,E-PO : E-PO,TA|AC|3,6,0.44821484649391496,0.09798446576536969
mm,E-PO : E-PO,TA|AC|5,6,0.4023957037049791,0.04119642366309374
mm,E-PO : E-PO,TA|AG|3,6,0.40696196770492954,0.1878122262977789
mm,E-PO : E-PO,TA|AG|5,3,0.23437331050539612,0.2461174122484691
mm,E-PO : E-PO,TA|CA|3,9,0.3726680429764958,0.10226881081491868
mm,E-PO : E-PO,TA|CA|5,6,0.5108615112287612,0.1402066364996117
mm,E-PO : E-PO,TA|CC|3,9,0.42753308343563357,0.2065219687766766
mm,E-PO : E-PO,TA|CC|5,3,0.4393109228780604,0.2923415637637733
mm,E-PO : E-PO,TA|CT|3,6,0.34128010337438963,0.18995143650828256
mm,E-PO : E-PO,TA|GA|3,9,0.852319644297154,0.15361171574036608
mm,E-PO : E-PO,TA|GA|5,6,0.4523148217727423,0.2202973543341257
mm,E-PO : E-PO,TA|GG|5,3,1.152932676513264,0.8517758610987353
mm,E-PO : E-PO,TA|GT|3,6,-0.038013969515394486,0.003447357112612579
mm,E-PO : E-PO,TA|TC|3,6,0.23723568480218815,0.12044270360816119
mm,E-PO : E-PO,TA|TC|5,15,0.5035737871253344,0.03115653507750732
mm,E-PO : E-PO,TA|TG|3,3,-0.054216121587971955,0.0030925247613855784
mm,E-PO : E-PO,TA|TG|5,6,0.3300860715266679,0.33701931619101927
mm,E-PO : E-PO,TA|TT|3,6,0.3253312963014302,0.06987860744698772
mm,E-PO : E-PO,TA|TT|5,9,0.3648901743899512,0.04425392317731833
mm,E-PS : E-PS,AT|AA|3,9,0.3435415963017149,0.05026096043833674
mm,E-PS : E-PS,AT|AA|5,6,0.353142484523148,0.05799291385982476
mm,E-PS : E-PS,AT|AC|3,15,0.4637639706480653,0.04368258947976761
mm,E-PS : E-PS,AT|AG|3,6,0.5312917076286706,0.06772626952127749
mm,E-PS : E-PS,AT|AG|5,9,0.7668904181028949,0.14086735333276862
mm,E-PS : E-PS,AT|CA|3,3,0.4708740129260077,0.06130108220140849
mm,E-PS : E-PS,AT|CA|5,3,0.9781831879386805,0.5964554090581634
mm,E-PS : E-PS,AT|CC|3,9,0.12155936219535068,0.014692525359492224
mm,E-PS : E-PS,AT|CC|5,6,0.12947377370053026,0.01475959706373835
mm,E-PS : E-PS,AT|CT|3,3,0.9421269384520109,0.1060128800790409
mm,E-PS : E-PS,AT|CT|5,6,0.45587751369020946,0.2575878017351672
mm,E-PS : E-PS,AT|GA|3,9,0.46441676478460325,0.15912958807754746
mm,E-PS : E-PS,AT|GA|5,6,0.5605054877418228,0.24072913190033884
mm,E-PS : E-PS,AT|GG|3,12,0.8469396776696702,0.1357645404585681
mm,E-PS : E-PS,AT|GG|5,9,0.9047073670903368,0.09784925345807828
mm,E-PS : E-PS,AT|GT|3,12,-0.0318147313910222,0.024048386522529115
mm,E-PS : E-PS,AT|GT|5,9,-0.00753094891183792,0.037153779566741776
mm,E-PS : E-PS,AT|TC|3,3,0.6714987094859609,0.34371421752389725
mm,E-PS : E-PS,AT|TG|3,6,0.020728663692735405,0.04486497416893674
mm,E-PS : E-PS,AT|TG|5,3,-0.09164341571490708,0.00885529952876796
mm,E-PS : E-PS,AT|TT|3,6,0.38461737796054585,0.18369294160782088
mm,E-PS : E-PS,CG|AA|3,9,0.6540340799880376,0.15970136322627818
mm,E-PS : E-PS,CG|AA|5,9,0.3501729838175124,0.058115927477599354
mm,E-PS : E-PS,CG|AC|5,6,0.21005077417505713,0.09530454094164874
mm,E-PS : E-PS,CG|AG|3,6,0.27446490318489014,0.11104502083693914
mm,E-PS : E-PS,CG|CA|3,6,0.04572345040521819,0.015752064655991476
mm,E-PS : E-PS,CG|CA|5,9,0.09958557841763183,0.015006121858995265
mm,E-PS : E-PS,CG|CC|3,3,-0.09213742527939028,0.0014090890756720143
mm,E-PS : E-PS,CG|CC|5,9,-0.05325853404524683,0.009766329021445953
mm,E-PS : E-PS,CG|CT|3,6,0.6357309396292105,0.3319217106993342
mm,E-PS : E-PS,CG|CT|5,12,0.5126785642538608,0.10110095594346497
mm,E-PS : E-PS,CG|GA|3,3,0.007967017590838177,0.09504171514740271
mm,E-PS : E-PS,CG|GA|5,6,0.4109523275641548,0.3038297331133693
mm,E-PS : E-PS,CG|GG|3,3,0.22320097355297697,0.1436897998887507
mm,E-PS : E-PS,CG|GG|5,3,0.9800129829445879,0.3331590048944601
mm,E-PS : E-PS,CG|GT|3,3,-0.19573743577930702,0.019687945685940244
mm,E-PS : E-PS,CG|GT|5,3,-0.06995902352825056,0.10540605470731206
mm,E-PS : E-PS,CG|TC|3,6,0.2550566775832803,0.132257497234635
mm,E-PS : E-PS,CG|TC|5,9,0.1927028425452021,0.16032902598822543
mm,E-PS : E-PS,CG|TG|3,12,-0.19970268198735108,0.001475233917439877
mm,E-PS : E-PS,CG|TG|5,3,-0.2319878495529848,0.006808123081148385
mm,E-PS : E-PS,CG|TT|3,3,0.2920062854612173,0.20775545720777736
mm,E-PS : E-PS,CG|TT|5,6,0.37380803675165486,0.028797483808945645
mm,E-PS : E-PS,GC|AA|3,6,0.19261674804948792,0.027549327084392627
mm,E-PS : E-PS,GC|AA|5,6,0.2669945104321839,0.051315179731135356
mm,E-PS : E-PS,GC|AC|3,3,-0.099794117670017,0.02316472152598063
mm,E-PS : E-PS,GC|AC|5,12,0.26006809226991867,0.019412568315644294
mm,E-PS : E-PS,GC|AG|3,6,0.24688231196821353,0.0842622753020201
mm,E-PS : E-PS,GC|AG|5,12,0.18393198158557644,0.030417605923712336
mm,E-PS : E-PS,GC|CA|3,6,0.5606910370297392,0.22316405814064444
mm,E-PS : E-PS,GC|CA|5,6,0.2501707616631397,0.022849165782392454
mm,E-PS : E-PS,GC|CC|3,3,-0.07055984372817947,0.03327133106362213
mm,E-PS : E-PS,GC|CC|5,6,-0.04270840192163716,0.032356500746865045
mm,E-PS : E-PS,GC|CT|3,9,0.18204073241653884,0.1020411253475915
mm,E-PS : E-PS,GC|CT|5,6,0.13948129453177627,0.15074790979471367
mm,E-PS : E-PS,GC|GA|3,3,0.46499230396783175,0.31338453201350613
mm,E-PS : E-PS,GC|GA|5,6,0.15403802830690227,0.1254881052596784
mm,E-PS : E-PS,GC|GG|3,9,0.4246897254972476,0.24447457561252126
mm,E-PS : E-PS,GC|GG|5,9,0.5531122114745192,0.21428829688686316
mm,E-PS : E-PS,GC|GT|3,3,-0.10424001069501199,0.11263637972695101
mm,E-PS : E-PS,GC|GT|5,12,-0.1743686529486589,0.011330591700644654
mm,E-PS : E-PS,GC|TC|3,9,0.20752828588569394,0.044107087898150994
mm,E-PS : E-PS,GC|TG|3,3,-0.1817207412592453,0.008464195094696267
mm,E-PS : E-PS,GC|TG|5,12,-0.19366774430516154,0.004508712164478516
mm,E-PS : E-PS,GC|TT|3,9,0.24633895877940015,0.07292372276755665
mm,E-PS : E-PS,GC|TT|5,9,0.12181936268776883,0.019511276330926024
mm,E-PS : E-PS,TA|AA|5,3,0.20413120495222892,0.04255845764465209
mm,E-PS : E-PS,TA|AC|3,6,0.5108917114244632,0.042657668861248665
mm,E-PS : E-PS,TA|AC|5,6,0.2695942323486441,0.06579071404131975
mm,E-PS : E-PS,TA|AG|3,6,0.7829150535965864,0.13171607032731242
mm,E-PS : E-PS,TA|AG|5,3,0.004915117175884998,0.019200446038025565
mm,E-PS : E-PS,TA|CA|3,9,0.3978802742520172,0.022539089978665713
mm,E-PS : E-PS,TA|CA|5,6,0.6047321089902916,0.15166240373710993
mm,E-PS : E-PS,TA|CC|3,9,0.10968067522899827,0.021687443341741594
mm,E-PS : E-PS,TA|CC|5,3,0.100756263911569,0.038266986221592185
mm,E-PS : E-PS,TA|CT|3,6,1.00340487635548,0.15798210895324435
mm,E-PS : E-PS,TA|GA|3,9,0.49101743889403193,0.04908192932183773
mm,E-PS : E-PS,TA|GA|5,6,0.14953953018200505,0.04954107265221859
mm,E-PS : E-PS,TA|GG|5,3,0.6192702908540769,0.26945525610257204
mm,E-PS : E-PS,TA|GT|3,6,0.04507900596524039,0.10724946318121789
mm,E-PS : E-PS,TA|TC|3,6,0.8217151226356733,0.16952763069973892
mm,E-PS : E-PS,TA|TC|5,15,0.6911849308803043,0.1898253532123018
mm,E-PS : E-PS,TA|TG|3,3,-0.009913537913165738,0.014723151211807697
mm,E-PS : E-PS,TA|TG|5,6,0.11628813360343793,0.16531594373561231
mm,E-PS : E-PS,TA|TT|3,6,0.596885512836845,0.08320966751407094
mm,E-PS : E-PS,TA|TT|5,9,0.5263518530411567,0.22958414441019181
mm,M-PO : M-PO,AT|AA|3,9,0.19788940413052913,0.05275851887700284
mm,M-PO : M-PO,AT|AA|5,6,0.4198347370745191,0.15418796376850524
mm,M-PO : M-PO,AT|AC|3,15,0.3423494035102629,0.09960376969489348
mm,M-PO : M-PO,AT|AG|3,6,0.30447090372786,0.309164650711315
mm,M-PO : M-PO,AT|AG|5,9,0.16192896757131436,0.12003015134809919
mm,M-PO : M-PO,AT|CA|3,3,0.4027109002473438,0.08812977712413869
mm,M-PO : M-PO,AT|CA|5,3,0.2750641433504265,0.06139335356462772
mm,M-PO : M-PO,AT|CC|3,9,0.19464544895766944,0.047791048358647566
mm,M-PO : M-PO,AT|CC|5,6,0.10100622527581993,0.005872935695092041
mm,M-PO : M-PO,AT|CT|3,3,1.0346912821453058,0.12490717154479464
mm,M-PO : M-PO,AT|CT|5,6,0.17491161067673944,0.042098261653728104
mm,M-PO : M-PO,AT|GA|3,9,-0.0237870517528469,0.020931928342569454
mm,M-PO : M-PO,AT|GA|5,6,-0.02790668501919935,0.025706725735966968
mm,M-PO : M-PO,AT|GG|3,12,0.7983472407456119,0.16833968176780745
mm,M-PO : M-PO,AT|GG|5,9,0.6066468101896106,0.07040826167700003
mm,M-PO : M-PO,AT|GT|3,12,-0.07786674879594668,0.024007730198725093
mm,M-PO : M-PO,AT|GT|5,9,-0.05949400184504228,0.03907681421941528
mm,M-PO : M-PO,AT|TC|3,3,0.2506052036541694,0.11191581995637165
mm,M-PO : M-PO,AT|TG|3,6,0.019299035274225718,0.06329154115368225
mm,M-PO : M-PO,AT|TG|5,3,-0.0123547370534558,0.026748870639392346
mm,M-PO : M-PO,AT|TT|3,6,0.5699659602652319,0.022569855326537006
mm,M-PO : M-PO,CG|AA|3,9,0.11505790392581983,0.0595614470737847
mm,M-PO : M-PO,CG|AA|5,9,0.09392442544665491,0.04551496963100164
mm,M-PO : M-PO,CG|AC|5,6,0.1409477702374171,0.12183556891621679
mm,M-PO : M-PO,CG|AG|3,6,-0.1412163313961704,0.023590038822131315
mm,M-PO : M-PO,CG|CA|3,6,0.11024272969246296,0.02115474285766089
mm,M-PO : M-PO,CG|CA|5,9,0.1765409767238536,0.06617281275491016
mm,M-PO : M-PO,CG|CC|3,3,0.35571087116388267,0.2906342561656747
mm,M-PO : M-PO,CG|CC|5,9,0.24479684358618137,0.13778793115036797
mm,M-PO : M-PO,CG|CT|3,6,0.49992300215312857,0.2701546471817755
mm,M-PO : M-PO,CG|CT|5,12,0.4568678094205444,0.10001377047781658
mm,M-PO : M-PO,CG|GA|3,3,-0.1540723684122859,0.014070101670266262
mm,M-PO : M-PO,CG|GA|5,6,-0.17303291727758163,0.01280175463458998
mm,M-PO : M-PO,CG|GG|3,3,0.8364637000791421,0.0483147442145489
mm,M-PO : M-PO,CG|GG|5,3,0.5263675158440168,0.3292767660842277
mm,M-PO : M-PO,CG|GT|3,3,-0.003997251325581153,0.12763789840970133
mm,M-PO : M-PO,CG|GT|5,3,0.13486707920336083,0.1468280034178084
mm,M-PO : M-PO,CG|TC|3,6,0.06439528445416065,0.016087603217420886
mm,M-PO : M-PO,CG|TC|5,9,0.10620112745231625,0.03808203851285943
mm,M-PO : M-PO,CG|TG|3,12,-0.04972941102727846,0.08782538014222478
mm,M-PO : M-PO,CG|TG|5,3,-0.10266857517553352,0.15094881465025164
mm,M-PO : M-PO,CG|TT|3,3,0.4010166929752109,0.19037780514781824
mm,M-PO : M-PO,CG|TT|5,6,0.23138194100820697,0.051045051743359444
mm,M-PO : M-PO,GC|AA|3,6,0.13115032347523303,0.19065141878542857
mm,M-PO : M-PO,GC|AA|5,6,0.06157482669116843,0.06217003112051251
mm,M-PO : M-PO,GC|AC|3,3,0.0724972825251674,0.06940264443185615
mm,M-PO : M-PO,GC|AC|5,12,0.10153136901584014,0.019563847458749565
mm,M-PO : M-PO,GC|AG|3,6,-0.1526215253377361,0.007503720972571714
mm,M-PO : M-PO,GC|AG|5,12,0.07885411318812952,0.2281696224234006
mm,M-PO : M-PO,GC|CA|3,6,0.11963630460720243,0.043575423669909845
mm,M-PO : M-PO,GC|CA|5,6,0.21631631259588968,0.04522202288065058
mm,M-PO : M-PO,GC|CC|3,3,0.05457014058379395,0.025594624717326944
mm,M-PO : M-PO,GC|CC|5,6,0.2941882216270796,0.11267523332863914
mm,M-PO : M-PO,GC|CT|3,9,0.07034697525865286,0.09577769032929014
mm,M-PO : M-PO,GC|CT|5,6,0.15198440569547778,0.1497929727295227
mm,M-PO : M-PO,GC|GA|3,3,-0.09313797009832259,0.02804303859143485
mm,M-PO : M-PO,GC|GA|5,6,-0.1272370633542086,0.014691003653023749
mm,M-PO : M-PO,GC|GG|3,9,0.05878389327375044,0.04475274649987266
mm,M-PO : M-PO,GC|GG|5,9,0.5488443488929741,0.13968297162745158
mm,M-PO : M-PO,GC|GT|3,3,-0.23068283671107925,0.005234227433080522
mm,M-PO : M-PO,GC|GT|5,12,-0.1855980186830506,0.003591220990622422
mm,M-PO : M-PO,GC|TC|3,9,0.3132038494183286,0.11560079716939281
mm,M-PO : M-PO,GC|TG|3,3,-0.17367072256798188,0.01594818174324073
mm,M-PO : M-PO,GC|TG|5,12,0.024998466220752857,0.07865683626963255
mm,M-PO : M-PO,GC|TT|3,9,0.27720899972230106,0.11153979941068799
mm,M-PO : M-PO,GC|TT|5,9,0.18197520800504685,0.14931051032353404
mm,M-PO : M-PO,TA|AA|5,3,0.37770899001394287,0.22114175831492539
mm,M-PO : M-PO,TA|AC|3,6,0.23992987765725937,0.08035563994819908
mm,M-PO : M-PO,TA|AC|5,6,0.3106671265114279,0.02481370101957593
mm,M-PO : M-PO,TA|AG|3,6,0.027106997473435035,0.04304257945828729
mm,M-PO : M-PO,TA|AG|5,3,0.021396115951420103,0.051407317735868964
mm,M-PO : M-PO,TA|CA|3,9,0.292532123305031,0.07153537975348313
mm,M-PO : M-PO,TA|CA|5,6,0.32848256516098406,0.05723907761915644
mm,M-PO : M-PO,TA|CC|3,9,0.4220022997947187,0.07359512698765555
mm,M-PO : M-PO,TA|CC|5,3,0.32216314359835285,0.1152407273691352
mm,M-PO : M-PO,TA|CT|3,6,0.1844823379446754,0.033069363434029275
mm,M-PO : M-PO,TA|GA|3,9,0.1482496292508012,0.062152517106471905
mm,M-PO : M-PO,TA|GA|5,6,0.02754948029327131,0.01513616456245547
mm,M-PO : M-PO,TA|GG|5,3,1.0087165397635407,0.5379990900884922
mm,M-PO : M-PO,TA|GT|3,6,0.06704633465487952,0.08618581313430562
mm,M-PO : M-PO,TA|TC|3,6,0.3000442838373797,0.07419236531477957
mm,M-PO : M-PO,TA|TC|5,15,0.4664182938336804,0.018395845783601244
mm,M-PO : M-PO,TA|TG|3,3,-0.1056209859765147,0.022492034227887075
mm,M-PO : M-PO,TA|TG|5,6,0.034241783310138496,0.06244763588317048
mm,M-PO : M-PO,TA|TT|3,6,0.18652813705399596,0.04790780674535079
mm,M-PO : M-PO,TA|TT|5,9,0.5697352856053403,0.057234253241500166
mm,M-PO : M-PS,AT|AA|3,9,0.16658032702519432,0.04553602738737921
mm,M-PO : M-PS,AT|AA|5,6,0.37181281817590583,0.14786971149134603
mm,M-PO : M-PS,AT|AC|3,15,0.3883153229009243,0.025520408233444432
mm,M-PO : M-PS,AT|AG|3,6,-0.028678426030370407,0.016873571496883247
mm,M-PO : M-PS,AT|AG|5,9,0.14351239262503757,0.11577782150424942
mm,M-PO : M-PS,AT|CA|3,3,0.33515434087644846,0.03700271012425167
mm,M-PO : M-PS,AT|CA|5,3,0.3912293323673096,0.03100352945587665
mm,M-PO : M-PS,AT|CC|3,9,0.22310918165878524,0.06950738735874941
mm,M-PO : M-PS,AT|CC|5,6,0.20752865714843372,0.08343347735059534
mm,M-PO : M-PS,AT|CT|3,3,0.8357405059502642,0.24758702751656128
mm,M-PO : M-PS,AT|CT|5,6,0.42030580363020575,0.191926664602258
mm,M-PO : M-PS,AT|GA|3,9,-0.009582429502586587,0.03432178751494865
mm,M-PO : M-PS,AT|GA|5,6,0.12400198545034247,0.11993996164422066
mm,M-PO : M-PS,AT|GG|3,12,0.774039287946278,0.13434459491133116
mm,M-PO : M-PS,AT|GG|5,9,0.9913243293574944,0.41040539817247645
mm,M-PO : M-PS,AT|GT|3,12,0.040598167538512975,0.10183635702617957
mm,M-PO : M-PS,AT|GT|5,9,-0.03542480664294234,0.03440740289303507
mm,M-PO : M-PS,AT|TC|3,3,0.33949766675786164,0.3364147524055257
mm,M-PO : M-PS,AT|TG|3,6,0.027894220847084927,0.10412492522225822
mm,M-PO : M-PS,AT|TG|5,3,0.42350088152482945,0.5451753348115504
mm,M-PO : M-PS,AT|TT|3,6,0.46205737382344714,0.12483906794019796
mm,M-PO : M-PS,CG|AA|3,9,0.2759838215639917,0.13983217060960068
mm,M-PO : M-PS,CG|AA|5,9,0.10925169927732292,0.0440397063677532
mm,M-PO : M-PS,CG|AC|5,6,0.21665660751823013,0.07983401059131504
mm,M-PO : M-PS,CG|AG|3,6,-0.1583960344220442,0.0186928706627536
mm,M-PO : M-PS,CG|CA|3,6,0.14196153171157244,0.16675043690528032
mm,M-PO : M-PS,CG|CA|5,9,0.0921854223662949,0.05015383904800061
mm,M-PO : M-PS,CG|CC|3,3,0.08623002385403566,0.04262379803750412
mm,M-PO : M-PS,CG|CC|5,9,0.15728730980128303,0.04979337965946079
mm,M-PO : M-PS,CG|CT|3,6,0.2884039564369154,0.12991536078900282
mm,M-PO : M-PS,CG|CT|5,12,0.38760272491252523,0.10666054303593718
mm,M-PO : M-PS,CG|GA|3,3,-0.141546774806953,0.0038740180480671296
mm,M-PO : M-PS,CG|GA|5,6,-0.15873777273726275,0.012740752738093811
mm,M-PO : M-PS,CG|GG|3,3,-0.08916034091049574,0.05082608529615606
mm,M-PO : M-PS,CG|GG|5,3,0.7972117131523878,0.4219662637715217
mm,M-PO : M-PS,CG|GT|3,3,-0.12526911456508716,0.05302706238613855
mm,M-PO : M-PS,CG|GT|5,3,0.1325657812130444,0.08091327439129813
mm,M-PO : M-PS,CG|TC|3,6,0.04124187740795249,0.04140684485141415
mm,M-PO : M-PS,CG|TC|5,9,0.09981426972652607,0.14568803201038732
mm,M-PO : M-PS,CG|TG|3,12,-0.0823368565237168,0.08425148076827076
mm,M-PO : M-PS,CG|TG|5,3,-0.21047676821236144,0.0219069252583144
mm,M-PO : M-PS,CG|TT|3,3,0.25325252490670114,0.23200005284199532
mm,M-PO : M-PS,CG|TT|5,6,0.23987170713798478,0.16542193406819153
mm,M-PO : M-PS,GC|AA|3,6,0.3881981311739816,0.3219743777959073
mm,M-PO : M-PS,GC|AA|5,6,0.06160954676319319,0.0598854881959793
mm,M-PO : M-PS,GC|AC|3,3,0.12050173775941353,0.06982922995348728
mm,M-PO : M-PS,GC|AC|5,12,0.09517322603834533,0.04776678789721864
mm,M-PO : M-PS,GC|AG|3,6,-0.13045626914828168,0.008139786847402271
mm,M-PO : M-PS,GC|AG|5,12,-0.1538433312179993,0.008579154605130599
mm,M-PO : M-PS,GC|CA|3,6,0.11548232963646332,0.010122939608609079
mm,M-PO : M-PS,GC|CA|5,6,0.11166179284377753,0.03334545524501389
mm,M-PO : M-PS,GC|CC|3,3,0.006159280000624712,0.08797532784275584
mm,M-PO : M-PS,GC|CC|5,6,0.04981075635682175,0.10048382858323306
mm,M-PO : M-PS,GC|CT|3,9,0.24271373684306252,0.18687551107516265
mm,M-PO : M-PS,GC|CT|5,6,0.22759011099800652,0.12827611556096877
mm,M-PO : M-PS,GC|GA|3,3,0.10805844275247034,0.22914209543369762
mm,M-PO : M-PS,GC|GA|5,6,-0.1583715979045146,0.011332876383031517
mm,M-PO : M-PS,GC|GG|3,9,0.256493050866373,0.11580459072561192
mm,M-PO : M-PS,GC|GG|5,9,0.07340220622690585,0.10554386421191164
mm,M-PO : M-PS,GC|GT|3,3,-0.14009752993534197,0.000280209462640379
mm,M-PO : M-PS,GC|GT|5,12,-0.14009162931036678,0.014200728750239686
mm,M-PO : M-PS,GC|TC|3,9,0.2371256820195522,0.053443304156106694
mm,M-PO : M-PS,GC|TG|3,3,-0.09450624234891325,0.07736889725549913
mm,M-PO : M-PS,GC|TG|5,12,-0.03696113109545318,0.06627471411706892
mm,M-PO : M-PS,GC|TT|3,9,0.1783992873645608,0.10971199327474473
mm,M-PO : M-PS,GC|TT|5,9,0.2533124528553935,0.07479801726498246
mm,M-PO : M-PS,TA|AA|5,3,0.09649541696949404,0.052154416973816065
mm,M-PO : M-PS,TA|AC|3,6,0.34633121204207395,0.050074186302241024
mm,M-PO : M-PS,TA|AC|5,6,0.43715915194845867,0.09241271517649667
mm,M-PO : M-PS,TA|AG|3,6,0.02203217862862572,0.033392027595602586
mm,M-PO : M-PS,TA|AG|5,3,-0.07119958434204132,0.031814029757769084
mm,M-PO : M-PS,TA|CA|3,9,0.1887289929334378,0.07999403303471392
mm,M-PO : M-PS,TA|CA|5,6,0.2282051084678568,0.09148196500389952
mm,M-PO : M-PS,TA|CC|3,9,0.24708967098614354,0.10921731457693569
mm,M-PO : M-PS,TA|CC|5,3,0.1173710281826632,0.08937872070875018
mm,M-PO : M-PS,TA|CT|3,6,0.6592781958540869,0.31575074045801077
mm,M-PO : M-PS,TA|GA|3,9,0.2601491832627437,0.08156336483739503
mm,M-PO : M-PS,TA|GA|5,6,0.018995641585184075,0.012662067020779865
mm,M-PO : M-PS,TA|GG|5,3,0.3858491467007704,0.27335535381904025
mm,M-PO : M-PS,TA|GT|3,6,0.14064951560956795,0.07599387997353266
mm,M-PO : M-PS,TA|TC|3,6,0.6842401484610275,0.09319705493748832
mm,M-PO : M-PS,TA|TC|5,15,0.5451966356431296,0.06576551154312912
mm,M-PO : M-PS,TA|TG|3,3,0.29378902394579276,0.3999110823299548
mm,M-PO : M-PS,TA|TG|5,6,0.002418363886049879,0.04394935401112886
mm,M-PO : M-PS,TA|TT|3,6,0.35319778424738335,0.08374639927219253
mm,M-PO : M-PS,TA|TT|5,9,0.33337308068345883,0.1360012784744583
mm,M-PS : M-PS,AT|AA|3,9,0.30574693385902385,0.08812107092544767
mm,M-PS : M-PS,AT|AA|5,6,0.21147959550181616,0.08286064544206899
mm,M-PS : M-PS,AT|AC|3,15,0.3475145322255454,0.060568052914643476
mm,M-PS : M-PS,AT|AG|3,6,-0.014729148708796935,0.009440480880378207
mm,M-PS : M-PS,AT|AG|5,9,0.3233953452166497,0.1624113921688984
mm,M-PS : M-PS,AT|CA|3,3,0.24458188208859377,0.12167207546387405
mm,M-PS : M-PS,AT|CA|5,3,0.37776535740367334,0.17477557977078506
mm,M-PS : M-PS,AT|CC|3,9,0.23634040866749706,0.04076166532278745
mm,M-PS : M-PS,AT|CC|5,6,0.17050441917782655,0.12213878230056752
mm,M-PS : M-PS,AT|CT|3,3,0.6456251412374089,0.19524978733540627
mm,M-PS : M-PS,AT|CT|5,6,0.31091676365984966,0.12365196249880081
mm,M-PS : M-PS,AT|GA|3,9,-0.002741128235290269,0.009773123112191433
mm,M-PS : M-PS,AT|GA|5,6,0.09391914183957994,0.09902928995481942
mm,M-PS : M-PS,AT|GG|3,12,0.3971964850437154,0.07213934512319814
mm,M-PS : M-PS,AT|GG|5,9,0.6530411916142346,0.18962037781033242
mm,M-PS : M-PS,AT|GT|3,12,-0.012447056644091958,0.04175843923948186
mm,M-PS : M-PS,AT|GT|5,9,0.044223650134088355,0.0184724834050525
mm,M-PS : M-PS,AT|TC|3,3,0.10000849683002888,0.05905817888484035
mm,M-PS : M-PS,AT|TG|3,6,-0.06922361443791647,0.04947914410488684
mm,M-PS : M-PS,AT|TG|5,3,-0.11445468988234353,0.014760094126722497
mm,M-PS : M-PS,AT|TT|3,6,0.14623609672923643,0.042681428824238025
mm,M-PS : M-PS,CG|AA|3,9,0.1104175799942837,0.032948777266444323
mm,M-PS : M-PS,CG|AA|5,9,0.12985352284029683,0.06222245872232795
mm,M-PS : M-PS,CG|AC|5,6,0.1057536102586425,0.04144388961490593
mm,M-PS : M-PS,CG|AG|3,6,-0.10664563932626092,0.014642221025849646
mm,M-PS : M-PS,CG|CA|3,6,0.09736348232475767,0.12116195053570224
mm,M-PS : M-PS,CG|CA|5,9,0.17254475626811272,0.13838316926124777
mm,M-PS : M-PS,CG|CC|3,3,-0.08218328164336863,0.009586994281046127
mm,M-PS : M-PS,CG|CC|5,9,0.063283929567159,0.07239560350456768
mm,M-PS : M-PS,CG|CT|3,6,0.4846711425715099,0.041452567400327385
mm,M-PS : M-PS,CG|CT|5,12,0.4322883895929329,0.042194064454007155
mm,M-PS : M-PS,CG|GA|3,3,-0.19210764602202568,0.017548589086674907
mm,M-PS : M-PS,CG|GA|5,6,-0.15975975693662292,0.013873539842689499
mm,M-PS : M-PS,CG|GG|3,3,0.17217619405164697,0.1602062151482566
mm,M-PS : M-PS,CG|GG|5,3,0.16967264058316844,0.11926241087206203
mm,M-PS : M-PS,CG|GT|3,3,-0.10560596192598548,0.08152653333392144
mm,M-PS : M-PS,CG|GT|5,3,0.25323877395810435,0.24515112058629368
mm,M-PS : M-PS,CG|TC|3,6,0.07928947188314428,0.11459123982016907
mm,M-PS : M-PS,CG|TC|5,9,0.19297740044309397,0.15926142261941542
mm,M-PS : M-PS,CG|TG|3,12,-0.16964871207016952,0.014395809220052628
mm,M-PS : M-PS,CG|TG|5,3,-0.031514634210228265,0.10178341452241946
mm,M-PS : M-PS,CG|TT|3,3,0.1564480549090922,0.044822360663700975
mm,M-PS : M-PS,CG|TT|5,6,0.32470815168032796,0.06774703480949805
mm,M-PS : M-PS,GC|AA|3,6,0.1011514177949302,0.014786012336562678
mm,M-PS : M-PS,GC|AA|5,6,0.34123907973616074,0.19850654047470687
mm,M-PS : M-PS,GC|AC|3,3,0.11768870666354547,0.10542227656984797
mm,M-PS : M-PS,GC|AC|5,12,0.14216901996351328,0.07365859784895128
mm,M-PS : M-PS,GC|AG|3,6,-0.1009869407757028,0.023732654080943397
mm,M-PS : M-PS,GC|AG|5,12,-0.16526539938760465,0.007064191578803066
mm,M-PS : M-PS,GC|CA|3,6,0.16512231715818726,0.07462716650154842
mm,M-PS : M-PS,GC|CA|5,6,0.19271273268233036,0.074708777284237
mm,M-PS : M-PS,GC|CC|3,3,0.05420184677452189,0.025714802531084904
mm,M-PS : M-PS,GC|CC|5,6,-0.003253310375743279,0.05048097404251333
mm,M-PS : M-PS,GC|CT|3,9,0.0885225990137456,0.0827216681322402
mm,M-PS : M-PS,GC|CT|5,6,0.12511151008552168,0.12092239140272264
mm,M-PS : M-PS,GC|GA|3,3,0.2636520047058537,0.4058216782478517
mm,M-PS : M-PS,GC|GA|5,6,-0.15512800847570252,0.016297610694928164
mm,M-PS : M-PS,GC|GG|3,9,0.5327865268754882,0.05218696302425473
mm,M-PS : M-PS,GC|GG|5,9,0.03702785648985352,0.037205066697363676
mm,M-PS : M-PS,GC|GT|3,3,-0.20593117549785778,0.014176967354739963
mm,M-PS : M-PS,GC|GT|5,12,-0.17495237448675882,0.015212495775235998
mm,M-PS : M-PS,GC|TC|3,9,0.3995029584869042,0.2123500152982438
mm,M-PS : M-PS,GC|TG|3,3,-0.054284603937478804,0.0847190700841798
mm,M-PS : M-PS,GC|TG|5,12,-0.06749805401071152,0.032400551838365446
mm,M-PS : M-PS,GC|TT|3,9,0.5891608181862201,0.28315540665420663
mm,M-PS : M-PS,GC|TT|5,9,0.12803448551663865,0.07898406991934322
mm,M-PS : M-PS,TA|AA|5,3,0.23005560054400986,0.08444835427785073
mm,M-PS : M-PS,TA|AC|3,6,0.3222832431711783,0.1211811255255772
mm,M-PS : M-PS,TA|AC|5,6,0.2891125419812265,0.05496600107943989
mm,M-PS : M-PS,TA|AG|3,6,0.09650946974782193,0.1368666423411217
mm,M-PS : M-PS,TA|AG|5,3,-0.012433249760046783,0.006708438767126456
mm,M-PS : M-PS,TA|CA|3,9,0.21245197440333585,0.08091902855734803
mm,M-PS : M-PS,TA|CA|5,6,0.1955473856924994,0.03278099869250547
mm,M-PS : M-PS,TA|CC|3,9,0.21816208312898333,0.17746322215989374
mm,M-PS : M-PS,TA|CC|5,3,0.1759336194437694,0.02241957731948178
mm,M-PS : M-PS,TA|CT|3,6,0.4395833963757426,0.04308062327518566
mm,M-PS : M-PS,TA|GA|3,9,0.11985031287651249,0.09751116852377434
mm,M-PS : M-PS,TA|GA|5,6,0.20994387506989098,0.22112748350957412
mm,M-PS : M-PS,TA|GG|5,3,0.15657885693471219,0.10577059312440859
mm,M-PS : M-PS,TA|GT|3,6,0.1690564283068512,0.11892532468858569
mm,M-PS : M-PS,TA|TC|3,6,0.5392407369169875,0.08532444989399318
mm,M-PS : M-PS,TA|TC|5,15,0.4546240467549615,0.053531587468394204
mm,M-PS : M-PS,TA|TG|3,3,0.2471298366681809,0.07196232235846223
mm,M-PS : M-PS,TA|TG|5,6,-0.1306002678627205,0.00927500783018826
mm,M-PS : M-PS,TA|TT|3,6,0.18112665658791638,0.053066178225049235
mm,M-PS : M-PS,TA|TT|5,9,0.3524813337366518,0.060841101294075994
