step,n,colsample,wall_min,fit_min,cv_rmse,cv_rmse_sd,cv_mae,cv_mae_sd,cv_exp_mean,cv_exp_mean_sd,cv_exp_med,cv_exp_med_sd,cv_gxc_mean,cv_gxc_mean_sd,cv_gxc_med,cv_gxc_med_sd,used_mean
0,679,0.17189541305001252,0.0,14.78,19.0921,0.8257,15.0835,0.7481,0.5363,0.0418,0.5839,0.0479,0.4255,0.0205,0.439,0.0325,675.3
1,674,0.17189541305001252,0.0,14.43,19.1016,0.8247,15.0907,0.7475,0.536,0.042,0.583,0.0473,0.425,0.0205,0.4413,0.0295,673.3
2,669,0.17189541305001252,0.0,15.09,19.0958,0.827,15.0893,0.7503,0.5358,0.0412,0.5849,0.0471,0.4244,0.0223,0.4363,0.0261,668.9
3,664,0.17189541305001252,0.0,14.71,19.0934,0.8312,15.0826,0.7543,0.5364,0.0415,0.5861,0.0457,0.4248,0.022,0.4353,0.0325,664.0
4,659,0.17189541305001252,0.0,13.97,19.0958,0.8252,15.0858,0.7488,0.5361,0.0418,0.5851,0.0473,0.4236,0.0229,0.4378,0.0323,659.0
5,654,0.17189541305001252,0.0,14.21,19.1003,0.8189,15.092,0.7441,0.5359,0.0414,0.5838,0.0493,0.4244,0.0227,0.4362,0.0308,654.0
6,649,0.17189541305001252,0.0,14.0,19.0999,0.8194,15.0909,0.7408,0.5358,0.0417,0.5849,0.0475,0.4234,0.0217,0.4396,0.0285,649.0
7,644,0.17189541305001252,0.0,13.78,19.0886,0.8263,15.0815,0.7496,0.5372,0.0419,0.5849,0.0483,0.426,0.0228,0.4392,0.03,644.0
8,639,0.17189541305001252,0.0,13.79,19.0929,0.8255,15.0881,0.7512,0.5363,0.0413,0.584,0.0459,0.4246,0.0211,0.4377,0.0297,639.0
9,634,0.17189541305001252,0.0,13.58,19.0936,0.8286,15.0879,0.7497,0.5368,0.0416,0.5836,0.0479,0.424,0.0222,0.436,0.0316,634.0
10,629,0.17189541305001252,0.0,14.39,19.0965,0.828,15.0858,0.752,0.5361,0.042,0.5853,0.0477,0.4234,0.0212,0.4367,0.0326,629.0
11,624,0.17189541305001252,0.0,14.12,19.0903,0.8216,15.0837,0.7449,0.5369,0.0414,0.5848,0.047,0.424,0.0206,0.4364,0.0301,624.0
12,619,0.17189541305001252,0.0,13.35,19.0997,0.8309,15.0889,0.7511,0.5351,0.0417,0.5863,0.0474,0.424,0.0215,0.4333,0.0307,619.0
13,614,0.17189541305001252,0.0,12.85,19.0988,0.8219,15.0897,0.7479,0.5356,0.0415,0.5844,0.0475,0.4248,0.0213,0.4369,0.0278,614.0
14,609,0.17189541305001252,0.0,13.04,19.0962,0.8257,15.0889,0.7507,0.5353,0.0418,0.584,0.0472,0.4238,0.0223,0.4331,0.0286,609.0
15,604,0.17189541305001252,0.0,12.91,19.107,0.8221,15.097,0.7455,0.5354,0.0409,0.5838,0.0455,0.4251,0.0215,0.4369,0.0283,604.0
16,599,0.17189541305001252,0.0,13.79,19.1026,0.8274,15.0929,0.751,0.5357,0.0417,0.5835,0.0491,0.4237,0.0208,0.4349,0.0318,599.0
17,594,0.17189541305001252,0.0,12.89,19.1061,0.8227,15.0971,0.7496,0.5351,0.0418,0.5838,0.0483,0.4238,0.0217,0.4344,0.0309,594.0
18,589,0.17189541305001252,0.0,13.16,19.1086,0.8296,15.0977,0.7541,0.5345,0.0418,0.5836,0.0461,0.4224,0.022,0.4373,0.0329,589.0
19,584,0.17189541305001252,0.0,13.85,19.1158,0.8184,15.1073,0.7421,0.5347,0.0416,0.5831,0.0471,0.4224,0.0218,0.4337,0.0305,584.0
20,579,0.17189541305001252,0.0,13.55,19.1096,0.8198,15.0969,0.7436,0.5349,0.0418,0.5841,0.0471,0.4217,0.0214,0.4346,0.0323,579.0
21,574,0.17189541305001252,0.0,13.44,19.117,0.8312,15.1057,0.7561,0.5346,0.0416,0.584,0.047,0.4236,0.0214,0.4353,0.0292,574.0
22,569,0.17189541305001252,0.0,13.42,19.1217,0.8241,15.1086,0.7467,0.5338,0.0426,0.5844,0.048,0.4232,0.0212,0.4374,0.029,569.0
23,564,0.17189541305001252,0.0,14.15,19.1205,0.8192,15.1066,0.7448,0.534,0.0422,0.583,0.0489,0.423,0.0212,0.4349,0.0289,564.0
24,559,0.17189541305001252,0.0,13.71,19.1158,0.8275,15.1028,0.7532,0.5342,0.0411,0.5834,0.0468,0.4239,0.0223,0.4314,0.0298,559.0
25,554,0.17189541305001252,0.0,13.81,19.12,0.8181,15.1077,0.7429,0.534,0.0422,0.5846,0.0481,0.4234,0.0219,0.4348,0.033,554.0
26,549,0.17189541305001252,0.0,12.73,19.1245,0.8171,15.1127,0.7459,0.5335,0.0412,0.5835,0.049,0.4229,0.0225,0.4369,0.0308,549.0
27,544,0.17189541305001252,21.0,13.18,19.1336,0.8227,15.1152,0.7491,0.5337,0.0417,0.5826,0.0474,0.4232,0.0218,0.4313,0.0281,544.0
28,539,0.17189541305001252,25.5,13.73,19.1308,0.8153,15.1162,0.743,0.5334,0.0415,0.584,0.0476,0.4235,0.0223,0.4373,0.03,539.0
29,534,0.17189541305001252,21.2,13.18,19.142,0.822,15.1237,0.7505,0.533,0.0407,0.5807,0.0457,0.4232,0.0202,0.4371,0.0302,534.0
30,529,0.17189541305001252,20.5,12.53,19.1404,0.8188,15.1235,0.7463,0.5327,0.0407,0.5801,0.0464,0.4228,0.0212,0.4337,0.0307,529.0
31,524,0.17189541305001252,24.5,12.74,19.1314,0.8229,15.1141,0.7502,0.5327,0.0416,0.5814,0.0451,0.4225,0.0232,0.4389,0.0299,524.0
32,519,0.17189541305001252,22.2,12.62,19.1394,0.8229,15.1232,0.7498,0.5324,0.0415,0.5818,0.0467,0.4222,0.023,0.4318,0.0291,519.0
33,514,0.17189541305001252,21.3,13.52,19.1437,0.8235,15.1265,0.7479,0.532,0.0419,0.579,0.0491,0.4211,0.0223,0.4361,0.03,514.0
34,509,0.17189541305001252,23.8,12.92,19.1422,0.8176,15.1248,0.7485,0.5325,0.0413,0.581,0.0475,0.4214,0.0218,0.4333,0.0248,509.0
35,504,0.17189541305001252,22.0,12.8,19.1424,0.8286,15.1263,0.7567,0.5324,0.0413,0.5808,0.0465,0.4203,0.023,0.4331,0.0346,504.0
36,499,0.17189541305001252,24.5,13.0,19.1516,0.8161,15.1326,0.7424,0.5319,0.041,0.5801,0.0477,0.4215,0.0236,0.435,0.0283,499.0
37,494,0.17189541305001252,19.5,12.9,19.149,0.8173,15.1344,0.7483,0.5315,0.0411,0.5801,0.048,0.4213,0.024,0.4326,0.0325,494.0
38,489,0.17189541305001252,23.8,13.47,19.1518,0.8293,15.1334,0.7539,0.5308,0.0409,0.5794,0.0476,0.4205,0.0226,0.4319,0.031,489.0
39,484,0.17189541305001252,20.5,12.67,19.1479,0.8253,15.1316,0.7539,0.531,0.0415,0.5788,0.0479,0.4207,0.023,0.4343,0.0336,484.0
40,479,0.17189541305001252,19.7,12.26,19.1535,0.8258,15.1375,0.7525,0.5312,0.0407,0.5791,0.0468,0.4205,0.022,0.4385,0.0308,479.0
41,474,0.17189541305001252,22.8,12.9,19.1504,0.8242,15.1335,0.7524,0.5315,0.0415,0.5808,0.0471,0.4208,0.0213,0.437,0.0313,474.0
42,469,0.17189541305001252,22.5,12.81,19.1538,0.8203,15.1383,0.75,0.5312,0.0412,0.5796,0.0489,0.4192,0.0231,0.4326,0.0298,469.0
43,464,0.17189541305001252,31.7,13.81,19.1446,0.8194,15.1278,0.7495,0.5315,0.0409,0.5804,0.0475,0.4207,0.022,0.4319,0.0322,464.0
44,459,0.17189541305001252,28.2,14.14,19.152,0.8262,15.1369,0.7541,0.5313,0.0409,0.5796,0.044,0.4211,0.0217,0.4329,0.0296,459.0
45,454,0.17189541305001252,22.8,13.08,19.1616,0.8224,15.1454,0.7501,0.5308,0.0413,0.5804,0.0463,0.4187,0.0228,0.4335,0.0307,454.0
46,449,0.17189541305001252,29.0,13.31,19.1644,0.8175,15.1477,0.7471,0.5309,0.0415,0.5786,0.0449,0.421,0.0217,0.436,0.0326,449.0
47,444,0.17189541305001252,27.8,12.87,19.1683,0.8247,15.1516,0.7531,0.5302,0.0414,0.5786,0.0465,0.4194,0.0242,0.4336,0.037,444.0
48,439,0.17189541305001252,21.5,11.8,19.1783,0.816,15.1566,0.7447,0.5294,0.0403,0.5774,0.0483,0.4192,0.0231,0.434,0.0347,439.0
49,434,0.17189541305001252,28.9,13.19,19.168,0.8194,15.151,0.7471,0.5299,0.0417,0.578,0.0478,0.4195,0.0237,0.4325,0.0328,434.0
50,429,0.17189541305001252,23.3,13.15,19.1725,0.8173,15.1569,0.7438,0.5296,0.0408,0.5769,0.0479,0.4183,0.0225,0.4309,0.0333,429.0
51,424,0.17189541305001252,23.9,12.47,19.1769,0.8236,15.1549,0.7521,0.5293,0.0413,0.5784,0.0472,0.4187,0.0229,0.4334,0.0338,424.0
52,419,0.17189541305001252,23.7,12.31,19.1744,0.8247,15.1544,0.7505,0.5301,0.041,0.579,0.045,0.4184,0.0248,0.4326,0.034,419.0
53,414,0.17189541305001252,24.2,13.8,19.1759,0.8252,15.1575,0.7524,0.5294,0.0404,0.5781,0.0461,0.4183,0.0245,0.4286,0.0371,414.0
54,409,0.17189541305001252,20.0,11.8,19.1685,0.8215,15.1514,0.7511,0.5298,0.0406,0.5792,0.0449,0.4184,0.0219,0.4336,0.0352,409.0
55,404,0.17189541305001252,25.0,13.52,19.1729,0.8186,15.1545,0.7478,0.5301,0.0406,0.5783,0.0466,0.4191,0.0234,0.4346,0.0371,404.0
56,399,0.17189541305001252,21.3,13.22,19.1717,0.826,15.1518,0.754,0.5298,0.0416,0.5788,0.0466,0.4181,0.0238,0.4333,0.0342,399.0
57,394,0.17189541305001252,20.6,12.61,19.1756,0.821,15.1546,0.7491,0.5292,0.0413,0.5783,0.0476,0.4188,0.0246,0.4364,0.0329,394.0
58,389,0.17189541305001252,19.2,12.11,19.181,0.8206,15.1609,0.7474,0.5284,0.0401,0.5784,0.0455,0.4169,0.0249,0.4332,0.0338,389.0
59,384,0.17189541305001252,20.7,11.33,19.1899,0.8256,15.1681,0.7538,0.5283,0.0409,0.5763,0.0461,0.4171,0.0239,0.4308,0.0371,384.0
60,379,0.17189541305001252,20.7,11.64,19.1847,0.8287,15.1635,0.756,0.5291,0.0402,0.5781,0.0455,0.4192,0.0237,0.4319,0.0335,379.0
61,374,0.17189541305001252,21.3,11.37,19.1799,0.8235,15.1595,0.7525,0.5289,0.0405,0.5767,0.046,0.4177,0.0256,0.4284,0.0361,374.0
62,369,0.17189541305001252,16.8,10.32,19.1792,0.8269,15.1603,0.7544,0.5286,0.0414,0.5766,0.0469,0.4178,0.024,0.4339,0.0354,369.0
63,364,0.17189541305001252,23.7,11.15,19.1923,0.8243,15.1719,0.7537,0.5278,0.0414,0.5771,0.0467,0.4173,0.0249,0.4305,0.0356,364.0
64,359,0.17189541305001252,21.2,10.43,19.1977,0.8257,15.1781,0.7527,0.5286,0.0403,0.575,0.049,0.4164,0.0251,0.4292,0.0367,359.0
65,354,0.17189541305001252,16.3,9.81,19.1852,0.8307,15.1652,0.7566,0.5295,0.0407,0.5793,0.0475,0.4181,0.0244,0.4294,0.03,354.0
66,349,0.17189541305001252,22.8,10.61,19.1938,0.8236,15.1724,0.7542,0.5293,0.0405,0.5774,0.0482,0.4189,0.025,0.429,0.0324,349.0
67,344,0.17189541305001252,17.2,9.83,19.1942,0.8221,15.1712,0.7492,0.5288,0.0403,0.5768,0.0471,0.4189,0.025,0.4301,0.0332,344.0
68,339,0.17189541305001252,15.8,9.97,19.202,0.8225,15.1771,0.7493,0.5284,0.0409,0.5769,0.048,0.4188,0.0251,0.43,0.0341,339.0
69,334,0.17189541305001252,18.7,10.11,19.2233,0.8227,15.1902,0.7516,0.5265,0.0409,0.5744,0.0459,0.4173,0.0244,0.4259,0.0321,334.0
70,329,0.17189541305001252,21.0,11.16,19.2233,0.8345,15.1914,0.7605,0.5269,0.0411,0.5738,0.0466,0.4174,0.0248,0.4278,0.0314,329.0
71,324,0.17189541305001252,19.5,9.42,19.2139,0.8187,15.1839,0.7496,0.5273,0.0414,0.5748,0.0465,0.4176,0.0251,0.4295,0.0356,324.0
72,319,0.17189541305001252,14.7,8.86,19.214,0.8237,15.183,0.7529,0.5268,0.0412,0.5751,0.0465,0.4175,0.0255,0.4303,0.0354,319.0
73,314,0.17189541305001252,18.8,9.19,19.2219,0.822,15.192,0.7529,0.5265,0.0409,0.576,0.0467,0.4173,0.0247,0.4292,0.0343,314.0
74,309,0.17189541305001252,19.0,9.52,19.2154,0.8192,15.186,0.7524,0.5268,0.0411,0.5749,0.0461,0.4167,0.0251,0.4279,0.0371,309.0
75,304,0.17189541305001252,19.3,9.13,19.2214,0.8246,15.1914,0.7547,0.5264,0.0408,0.5723,0.0462,0.4162,0.0235,0.4296,0.0327,304.0
76,299,0.17189541305001252,17.8,8.9,19.2216,0.8226,15.1884,0.7528,0.5261,0.0407,0.5746,0.0454,0.4175,0.0253,0.4304,0.0336,299.0
77,294,0.17189541305001252,13.3,8.06,19.2162,0.8262,15.1882,0.7554,0.5263,0.0408,0.5737,0.0465,0.4168,0.0254,0.4265,0.0359,294.0
78,289,0.17189541305001252,13.3,8.05,19.2152,0.8191,15.1824,0.7516,0.527,0.0403,0.5752,0.0456,0.4171,0.0239,0.4322,0.0336,289.0
79,284,0.17189541305001252,14.3,8.09,19.2265,0.8166,15.1935,0.7496,0.5257,0.0412,0.5726,0.0468,0.4155,0.0256,0.4305,0.0345,284.0
80,279,0.17189541305001252,13.0,7.54,19.2269,0.8264,15.1951,0.755,0.5249,0.0417,0.5729,0.0488,0.4141,0.0242,0.4277,0.0382,279.0
81,274,0.17189541305001252,12.8,7.81,19.2285,0.8224,15.194,0.7548,0.5254,0.0417,0.5728,0.0478,0.4162,0.0241,0.4281,0.0318,274.0
82,269,0.17189541305001252,17.2,7.58,19.2291,0.8257,15.1955,0.7557,0.5254,0.0409,0.5729,0.0467,0.416,0.024,0.4271,0.0334,269.0
83,264,0.17189541305001252,16.8,7.59,19.2263,0.8215,15.1906,0.754,0.5255,0.0409,0.5746,0.047,0.4165,0.0221,0.4304,0.0288,264.0
84,259,0.17189541305001252,13.8,7.04,19.2258,0.825,15.1895,0.7585,0.5256,0.0407,0.5753,0.0465,0.4148,0.0233,0.4283,0.0316,259.0
85,254,0.17189541305001252,11.3,6.46,19.2142,0.8243,15.1783,0.7563,0.5257,0.0416,0.5724,0.0473,0.4152,0.0249,0.4307,0.0317,254.0
86,249,0.17189541305001252,16.0,6.97,19.2256,0.8287,15.1913,0.7627,0.5239,0.0407,0.5739,0.0474,0.4133,0.0237,0.4278,0.0317,249.0
87,244,0.17189541305001252,15.3,7.34,19.2253,0.825,15.191,0.7531,0.5245,0.0403,0.5721,0.0482,0.4135,0.0237,0.4264,0.0298,244.0
88,239,0.17189541305001252,13.3,6.62,19.2371,0.8268,15.1975,0.7575,0.524,0.0408,0.5715,0.0486,0.4146,0.0234,0.4346,0.0287,239.0
89,234,0.17189541305001252,14.8,6.77,19.2443,0.826,15.2055,0.7586,0.5237,0.0412,0.5713,0.0493,0.4146,0.0232,0.4316,0.0322,234.0
90,229,0.17467248908296942,14.3,6.8,19.2391,0.8167,15.1989,0.7522,0.5236,0.0421,0.5702,0.0491,0.4137,0.0238,0.4306,0.0343,229.0
91,224,0.17857142857142858,10.3,5.92,19.2386,0.8224,15.2017,0.7547,0.5243,0.0414,0.5713,0.0485,0.415,0.0242,0.4332,0.0314,224.0
92,219,0.182648401826484,10.0,5.77,19.2558,0.8154,15.2125,0.7501,0.5234,0.0411,0.5707,0.0491,0.4146,0.0242,0.4312,0.0371,219.0
93,214,0.18691588785046728,12.2,6.22,19.2505,0.8207,15.2076,0.7506,0.5236,0.0405,0.572,0.0474,0.4154,0.0248,0.4327,0.0319,214.0
94,209,0.19138755980861244,12.3,5.87,19.2605,0.8251,15.2162,0.7559,0.5229,0.0411,0.5713,0.046,0.4148,0.025,0.4299,0.03,209.0
95,204,0.19607843137254902,12.2,5.97,19.2656,0.8168,15.2235,0.7519,0.5228,0.0416,0.5709,0.0479,0.4148,0.0239,0.4286,0.033,204.0
96,199,0.20100502512562815,9.2,5.23,19.2721,0.819,15.2274,0.755,0.522,0.0414,0.5708,0.0469,0.4153,0.0247,0.4325,0.0338,199.0
97,194,0.20618556701030927,12.8,5.61,19.2683,0.82,15.2279,0.7534,0.523,0.041,0.5713,0.0488,0.4152,0.0239,0.433,0.0312,194.0
98,189,0.21164021164021163,11.7,5.67,19.2741,0.8176,15.2277,0.7528,0.5224,0.0407,0.5687,0.0491,0.4148,0.0231,0.4306,0.0327,189.0
99,184,0.21739130434782608,12.7,5.51,19.264,0.8194,15.2202,0.7522,0.5223,0.0415,0.568,0.0466,0.415,0.024,0.4292,0.0351,184.0
100,179,0.22346368715083798,10.2,5.24,19.2706,0.8277,15.2258,0.7589,0.5226,0.0405,0.568,0.047,0.4156,0.0237,0.4366,0.0339,179.0
101,174,0.22988505747126436,12.7,5.18,19.2766,0.8175,15.2327,0.7503,0.521,0.0411,0.5679,0.0491,0.4146,0.0235,0.4315,0.0334,174.0
102,169,0.23668639053254437,12.3,4.91,19.2657,0.8154,15.2214,0.7498,0.5217,0.0408,0.5683,0.0478,0.414,0.0241,0.4305,0.0351,169.0
103,164,0.24390243902439024,8.8,4.5,19.2929,0.8165,15.2461,0.751,0.5202,0.0405,0.5676,0.0474,0.4136,0.0225,0.4279,0.0336,164.0
104,159,0.25157232704402516,10.3,4.58,19.3014,0.8175,15.2525,0.7552,0.5209,0.0395,0.5704,0.0455,0.4141,0.0243,0.4286,0.036,159.0
105,154,0.2597402597402597,9.3,4.55,19.3106,0.8134,15.261,0.7535,0.5188,0.0402,0.5661,0.0461,0.4134,0.0255,0.4293,0.0377,154.0
106,149,0.2684563758389262,10.2,4.34,19.3093,0.8257,15.2624,0.765,0.5186,0.0408,0.5664,0.0461,0.4123,0.0242,0.4334,0.0333,149.0
107,144,0.2777777777777778,10.8,4.31,19.3425,0.8258,15.2863,0.7616,0.5173,0.0407,0.5648,0.0466,0.4123,0.0234,0.4274,0.0376,144.0
108,139,0.28776978417266186,9.2,4.13,19.3506,0.824,15.2952,0.764,0.5152,0.041,0.5631,0.0478,0.4108,0.0238,0.4331,0.0332,139.0
109,134,0.29850746268656714,9.8,4.06,19.3641,0.8256,15.3053,0.7681,0.5149,0.0416,0.5617,0.0475,0.4104,0.0251,0.4287,0.0381,134.0
110,129,0.31007751937984496,10.7,4.03,19.4103,0.8131,15.3416,0.7559,0.5119,0.042,0.5583,0.0485,0.409,0.0238,0.4237,0.0331,129.0
111,124,0.3225806451612903,8.3,3.7,19.4333,0.8049,15.3639,0.7491,0.5101,0.0416,0.5565,0.0497,0.4074,0.0233,0.432,0.0323,124.0
112,119,0.33613445378151263,9.0,3.75,19.4359,0.8175,15.3643,0.756,0.5115,0.0405,0.5565,0.048,0.4075,0.0225,0.4253,0.0331,119.0
113,114,0.3508771929824561,9.0,3.71,19.439,0.8097,15.3686,0.7524,0.5099,0.0405,0.5555,0.0489,0.406,0.0232,0.4273,0.0361,114.0
114,109,0.3669724770642202,7.0,3.3,19.4456,0.8136,15.3722,0.7556,0.51,0.0418,0.5558,0.0489,0.4065,0.0243,0.4242,0.0333,109.0
115,104,0.38461538461538464,7.8,3.57,19.4786,0.7999,15.4056,0.747,0.5076,0.04,0.5509,0.0504,0.4052,0.0231,0.4225,0.0332,104.0
116,100,0.4,8.0,3.37,19.4733,0.7968,15.4043,0.7396,0.5063,0.0401,0.5518,0.0487,0.4024,0.0229,0.4211,0.0308,100.0
117,99,0.40404040404040403,8.0,3.64,19.4735,0.8004,15.4047,0.7445,0.5072,0.041,0.5512,0.0506,0.4041,0.0231,0.425,0.0293,99.0
118,98,0.40816326530612246,8.2,3.26,19.4758,0.7992,15.4052,0.7429,0.5066,0.0403,0.5542,0.0468,0.4025,0.0229,0.4203,0.0276,98.0
119,97,0.41237113402061853,5.5,3.12,19.4773,0.8059,15.4108,0.7468,0.5069,0.0406,0.5519,0.0477,0.4028,0.0218,0.4197,0.0301,97.0
120,96,0.4166666666666667,7.5,3.29,19.4757,0.8045,15.4088,0.7449,0.5063,0.0398,0.5527,0.0484,0.4023,0.0239,0.4222,0.0309,96.0
121,95,0.42105263157894735,7.0,3.16,19.4762,0.7975,15.4092,0.7407,0.5066,0.0404,0.5514,0.0492,0.4019,0.0243,0.4191,0.032,95.0
122,94,0.425531914893617,7.2,3.14,19.48,0.7938,15.4148,0.7395,0.5059,0.0408,0.5497,0.0505,0.4027,0.0233,0.4231,0.0278,94.0
123,93,0.43010752688172044,7.5,2.94,19.4887,0.8014,15.421,0.7464,0.5063,0.0399,0.5523,0.048,0.4027,0.0237,0.4189,0.0342,93.0
124,92,0.43478260869565216,6.5,3.16,19.4845,0.7983,15.4179,0.7423,0.5066,0.0397,0.5523,0.0475,0.4026,0.0226,0.4182,0.0277,92.0
125,91,0.43956043956043955,6.8,3.08,19.4719,0.8083,15.4113,0.7523,0.5056,0.041,0.5504,0.048,0.4024,0.0233,0.4193,0.0252,91.0
126,90,0.4444444444444444,7.3,3.01,19.4765,0.8133,15.4143,0.757,0.5063,0.0404,0.5522,0.0491,0.401,0.0244,0.4147,0.0321,90.0
127,89,0.449438202247191,4.2,2.53,19.4885,0.8071,15.4222,0.7513,0.5057,0.0395,0.5518,0.0465,0.4021,0.0238,0.4188,0.0299,89.0
128,88,0.45454545454545453,6.5,2.85,19.5035,0.8077,15.434,0.7519,0.504,0.0404,0.5495,0.048,0.4005,0.0243,0.42,0.03,88.0
129,87,0.45977011494252873,6.7,2.87,19.4848,0.8179,15.4144,0.7612,0.5045,0.04,0.5507,0.0469,0.4029,0.0239,0.4191,0.0279,87.0
130,86,0.46511627906976744,6.0,2.77,19.5136,0.8123,15.4341,0.7544,0.5037,0.0404,0.5485,0.0474,0.4014,0.024,0.4162,0.0345,86.0
131,85,0.47058823529411764,6.2,2.76,19.5229,0.8089,15.4445,0.756,0.5026,0.0401,0.5475,0.0474,0.4001,0.0234,0.4117,0.0309,85.0
132,84,0.47619047619047616,6.3,2.81,19.5279,0.8066,15.4493,0.7543,0.5026,0.0401,0.5477,0.0462,0.4011,0.0229,0.4153,0.0276,84.0
133,83,0.4819277108433735,6.0,2.75,19.5257,0.8055,15.4497,0.7515,0.5025,0.0401,0.5478,0.0467,0.4004,0.0229,0.4159,0.0314,83.0
134,82,0.4878048780487805,11.7,3.13,19.5395,0.81,15.4601,0.7533,0.5016,0.0393,0.5472,0.0459,0.3992,0.0233,0.4173,0.0257,82.0
135,81,0.49382716049382713,4.5,2.63,19.5551,0.8205,15.4661,0.7595,0.5002,0.0398,0.5428,0.0461,0.399,0.0235,0.4137,0.03,81.0
136,80,0.5,6.3,2.72,19.561,0.8232,15.4705,0.7675,0.4991,0.0396,0.5444,0.0449,0.399,0.0227,0.4148,0.0287,80.0
137,79,0.5063291139240507,5.2,2.58,19.556,0.8452,15.462,0.7854,0.4999,0.0403,0.5427,0.0462,0.3992,0.0239,0.4176,0.0312,79.0
138,78,0.5128205128205128,7.7,2.95,19.5675,0.846,15.4692,0.7893,0.4991,0.0395,0.5422,0.0461,0.3985,0.0244,0.416,0.0283,78.0
139,77,0.5194805194805194,8.8,2.91,19.5617,0.8453,15.4672,0.7853,0.4998,0.0387,0.5417,0.0443,0.3999,0.024,0.4201,0.0282,77.0
140,76,0.5263157894736842,5.8,2.51,19.5646,0.8485,15.4672,0.7908,0.4997,0.0393,0.5439,0.0456,0.4002,0.0246,0.4148,0.029,76.0
141,75,0.5333333333333333,5.5,2.61,19.5632,0.8459,15.4694,0.7875,0.4991,0.0389,0.5431,0.0434,0.3994,0.0248,0.4208,0.0254,75.0
142,74,0.5405405405405406,6.0,2.63,19.5622,0.848,15.4699,0.7917,0.4996,0.0392,0.543,0.0451,0.3996,0.0242,0.4201,0.0336,74.0
143,73,0.547945205479452,9.0,2.8,19.5763,0.8455,15.4785,0.7863,0.4984,0.0392,0.5443,0.0425,0.3987,0.0237,0.4181,0.0304,73.0
144,72,0.5555555555555556,5.0,2.47,19.5855,0.8558,15.4882,0.7959,0.4987,0.039,0.5437,0.0433,0.3997,0.0238,0.4197,0.0293,72.0
145,71,0.5633802816901409,5.2,2.25,19.5653,0.8507,15.4712,0.7936,0.499,0.0393,0.5423,0.045,0.3985,0.024,0.4165,0.0291,71.0
146,70,0.5714285714285714,7.0,2.54,19.5724,0.85,15.4791,0.7923,0.499,0.0391,0.5443,0.0433,0.3996,0.0223,0.4195,0.0256,70.0
147,69,0.5797101449275363,5.5,2.55,19.5842,0.8401,15.4886,0.7865,0.4988,0.0377,0.543,0.0418,0.3995,0.0218,0.4191,0.0304,69.0
148,68,0.5882352941176471,4.5,2.25,19.5836,0.8451,15.4874,0.7892,0.4979,0.0391,0.5406,0.0457,0.3975,0.0222,0.4183,0.0245,68.0
149,67,0.5970149253731343,5.7,2.36,19.6186,0.8357,15.5072,0.7711,0.4966,0.0393,0.5375,0.0434,0.3971,0.0219,0.4168,0.0324,67.0
150,66,0.6060606060606061,3.5,2.11,19.6277,0.8359,15.5172,0.7673,0.4951,0.0392,0.5405,0.044,0.398,0.0225,0.414,0.0281,66.0
151,65,0.6153846153846154,4.0,2.11,19.6358,0.8374,15.5246,0.7713,0.495,0.0389,0.5389,0.0434,0.398,0.0211,0.4182,0.0298,65.0
152,64,0.625,4.7,2.13,19.6335,0.8368,15.5233,0.7723,0.4946,0.0396,0.5375,0.0435,0.3988,0.0216,0.4188,0.0272,64.0
153,63,0.6349206349206349,3.3,2.04,19.6447,0.8395,15.5318,0.7704,0.4939,0.0392,0.5376,0.0449,0.398,0.022,0.42,0.034,63.0
154,62,0.6451612903225806,3.5,1.99,19.6439,0.8327,15.5332,0.7648,0.4926,0.0394,0.5369,0.0445,0.395,0.022,0.4165,0.0336,62.0
155,61,0.6557377049180327,3.5,1.98,19.6527,0.8369,15.5382,0.7709,0.4933,0.039,0.5373,0.0439,0.3962,0.022,0.4117,0.0337,61.0
156,60,0.6666666666666666,4.2,2.0,19.6791,0.8391,15.5562,0.7719,0.4917,0.0388,0.5346,0.0444,0.3953,0.0222,0.4105,0.0306,60.0
157,59,0.6779661016949152,7.8,2.35,19.6933,0.8406,15.5691,0.7679,0.4911,0.0382,0.5346,0.0437,0.3951,0.0238,0.4126,0.0372,59.0
158,58,0.6896551724137931,3.8,2.04,19.6949,0.8464,15.5695,0.7733,0.4899,0.0384,0.5324,0.0452,0.395,0.023,0.4125,0.0357,58.0
159,57,0.7017543859649122,4.2,2.01,19.7036,0.8426,15.5749,0.7689,0.491,0.038,0.5335,0.0425,0.3955,0.0215,0.4163,0.0306,57.0
160,56,0.7142857142857143,4.7,2.14,19.7211,0.8697,15.5923,0.7926,0.4883,0.0385,0.5308,0.0452,0.3941,0.0228,0.4167,0.031,56.0
161,55,0.7272727272727273,4.5,2.13,19.7301,0.8619,15.6008,0.7875,0.4863,0.0398,0.5267,0.0478,0.3924,0.0217,0.41,0.0306,55.0
162,54,0.7407407407407407,5.5,2.21,19.7604,0.8589,15.6232,0.7874,0.4857,0.0389,0.5276,0.0457,0.388,0.0208,0.4048,0.0309,54.0
163,53,0.7547169811320755,6.7,2.28,19.7498,0.8522,15.6097,0.7802,0.484,0.0387,0.5266,0.0435,0.3847,0.0202,0.4086,0.0281,53.0
164,52,0.7692307692307693,6.0,2.17,19.7882,0.858,15.6455,0.7825,0.4814,0.0385,0.5239,0.0446,0.3834,0.0216,0.4054,0.0338,52.0
165,51,0.7843137254901961,5.0,2.12,19.7876,0.8529,15.6425,0.7762,0.4819,0.0385,0.5239,0.0445,0.3835,0.0218,0.4014,0.0296,51.0
166,50,0.8,5.0,2.0,19.7954,0.8661,15.6539,0.7857,0.4797,0.039,0.5221,0.0445,0.3818,0.0222,0.4007,0.0311,50.0
167,49,0.8163265306122449,8.0,2.16,19.7963,0.8693,15.6565,0.7854,0.4786,0.0385,0.5206,0.0475,0.3807,0.023,0.4022,0.0294,49.0
168,48,0.8333333333333334,15.0,2.57,19.8202,0.8606,15.6763,0.7804,0.4774,0.0389,0.5194,0.047,0.3812,0.023,0.4045,0.0323,48.0
169,47,0.851063829787234,2.7,1.75,19.7989,0.8413,15.6596,0.7666,0.475,0.0377,0.5161,0.0461,0.3785,0.0223,0.3999,0.0282,47.0
170,46,0.8695652173913043,3.7,1.74,19.8418,0.8457,15.6947,0.7733,0.4719,0.0384,0.5098,0.0483,0.3769,0.0227,0.4062,0.0305,46.0
171,45,0.8888888888888888,4.0,1.78,19.876,0.8573,15.7218,0.7835,0.468,0.0377,0.5069,0.0462,0.3709,0.0231,0.3962,0.0362,45.0
172,44,0.9090909090909091,3.5,1.76,19.8938,0.8616,15.7395,0.7848,0.4678,0.0385,0.5065,0.0467,0.3708,0.0243,0.3984,0.0322,44.0
173,43,0.9302325581395349,8.5,1.64,19.8942,0.8454,15.7376,0.7726,0.4662,0.0365,0.5061,0.0446,0.37,0.0222,0.394,0.0301,43.0
174,42,0.9523809523809523,6.3,1.62,19.9098,0.8518,15.7488,0.7791,0.4652,0.0373,0.5025,0.0458,0.371,0.0226,0.3908,0.0316,42.0
175,41,0.975609756097561,4.3,1.74,19.9345,0.8549,15.7721,0.7832,0.4637,0.0368,0.5018,0.0463,0.3708,0.0232,0.3855,0.0294,41.0
176,40,1.0,3.2,1.59,19.9316,0.8592,15.7643,0.7843,0.4644,0.0368,0.5038,0.0449,0.3705,0.0236,0.3849,0.0313,40.0
177,39,1.0,3.2,1.56,19.9592,0.8652,15.7888,0.7914,0.4622,0.0374,0.5006,0.0461,0.3697,0.0236,0.3874,0.031,39.0
178,38,1.0,4.0,1.69,20.0364,0.8814,15.8544,0.8032,0.4571,0.0375,0.4956,0.0447,0.3663,0.0233,0.3877,0.0252,38.0
179,37,1.0,4.0,1.67,20.1114,0.8643,15.9258,0.7969,0.4543,0.0374,0.4924,0.0444,0.366,0.0234,0.3876,0.0287,37.0
180,36,1.0,6.3,1.77,20.1424,0.8575,15.9515,0.7928,0.4525,0.0371,0.4912,0.0431,0.3629,0.0221,0.3821,0.0271,36.0
181,35,1.0,3.5,1.69,20.1476,0.8664,15.9721,0.8017,0.4504,0.0363,0.4898,0.0435,0.3576,0.0237,0.377,0.0211,35.0
182,34,1.0,3.7,1.68,20.1508,0.8701,15.9733,0.8064,0.4513,0.0363,0.4889,0.0425,0.3575,0.0235,0.3811,0.0231,34.0
183,33,1.0,2.5,1.43,20.1866,0.8733,16.0049,0.8075,0.4487,0.0363,0.4869,0.0439,0.3555,0.0231,0.3782,0.0289,33.0
184,32,1.0,2.5,1.3,20.2019,0.875,16.0163,0.8069,0.4481,0.0371,0.4844,0.0467,0.3538,0.0252,0.374,0.0259,32.0
185,31,1.0,2.8,1.28,20.2004,0.8719,16.0126,0.8042,0.4487,0.0368,0.4833,0.0458,0.3521,0.0252,0.376,0.0289,31.0
186,30,1.0,3.0,1.26,20.2424,0.8711,16.0463,0.7992,0.4456,0.0373,0.4819,0.0451,0.3499,0.0258,0.3736,0.0286,30.0
187,29,1.0,2.7,1.21,20.2387,0.8678,16.0455,0.8041,0.4469,0.0378,0.4815,0.0473,0.3512,0.0257,0.3733,0.0274,29.0
188,28,1.0,6.8,1.18,20.2595,0.874,16.0628,0.8084,0.445,0.0374,0.4785,0.0473,0.3475,0.0268,0.3697,0.0327,28.0
189,27,1.0,8.3,1.84,20.2919,0.8711,16.0925,0.8073,0.4428,0.0366,0.4776,0.0442,0.3481,0.0276,0.3696,0.034,27.0
190,26,1.0,2.2,1.13,20.3723,0.8723,16.1591,0.8051,0.437,0.0367,0.4731,0.0427,0.3431,0.0266,0.3655,0.0368,26.0
191,25,1.0,2.2,1.12,20.44,0.8646,16.2172,0.7976,0.4305,0.0375,0.4651,0.0446,0.3387,0.0278,0.3594,0.0361,25.0
192,24,1.0,2.3,1.13,20.4093,0.8515,16.1913,0.776,0.4309,0.0382,0.465,0.0451,0.3385,0.028,0.3623,0.0376,24.0
193,23,1.0,11.8,1.84,20.4284,0.8621,16.2046,0.7823,0.4299,0.0379,0.4668,0.0434,0.3366,0.0281,0.3615,0.0382,23.0
194,22,1.0,2.2,1.01,20.5167,0.8512,16.2781,0.7786,0.4214,0.0377,0.4569,0.0449,0.3298,0.0269,0.3543,0.0341,22.0
195,21,1.0,1.8,0.99,20.5101,0.8691,16.2786,0.7953,0.4195,0.039,0.4531,0.0457,0.3292,0.0291,0.352,0.0367,21.0
196,20,1.0,2.0,0.89,20.5885,0.8636,16.3504,0.7902,0.4119,0.0378,0.4448,0.0453,0.3259,0.0274,0.3524,0.0366,20.0
197,19,1.0,2.0,0.86,20.6517,0.8673,16.3986,0.7912,0.4072,0.0386,0.4373,0.0475,0.3236,0.0274,0.3463,0.037,19.0
198,18,1.0,12.3,0.82,20.7375,0.8583,16.4745,0.7887,0.3983,0.039,0.4284,0.0483,0.3156,0.0272,0.3391,0.0332,18.0
199,17,1.0,2.0,0.91,21.2282,0.9169,16.8898,0.8462,0.3764,0.0372,0.4079,0.0452,0.3017,0.0321,0.3285,0.0399,17.0
200,16,1.0,1.7,0.85,21.289,0.9219,16.9435,0.8489,0.3698,0.0373,0.3991,0.0456,0.2922,0.0309,0.3181,0.0443,16.0
201,15,1.0,2.0,0.83,21.357,0.9577,16.9971,0.8747,0.3674,0.0372,0.3969,0.0453,0.2892,0.0316,0.312,0.0439,15.0
202,14,1.0,2.0,0.78,21.5088,0.9765,17.1251,0.8828,0.3504,0.0389,0.3773,0.0472,0.281,0.0322,0.2958,0.0461,14.0
203,13,1.0,1.8,0.74,21.5684,1.0046,17.1707,0.9108,0.3436,0.039,0.3673,0.0461,0.2767,0.0342,0.2991,0.0449,13.0
204,12,1.0,1.7,0.71,21.6339,0.998,17.2267,0.9107,0.3381,0.0406,0.3584,0.0477,0.2733,0.0339,0.2941,0.0392,12.0
205,11,1.0,1.7,0.67,21.7502,0.996,17.322,0.9123,0.3261,0.0393,0.3471,0.05,0.2647,0.0347,0.2852,0.0387,11.0
206,10,1.0,1.7,0.62,21.8366,0.9444,17.4194,0.8663,0.3128,0.0412,0.3384,0.0471,0.2541,0.0317,0.2703,0.0372,10.0
