feature,last_n_present,first_n_absent,dropped_together_with
chem_1st_gen,679,674,4
chem_2nd_gen,679,674,4
off_target_single_rRNA_5S_c1200,679,674,4
off_target_single_rRNA_5_8S_c1200,679,674,4
tox_tlr9_gtcgtt,679,674,4
chem_3rd_gen,674,669,4
mod_ps_frac_dna,674,669,4
mod_sugar_block_count,674,669,4
struct_sense_in_cds,674,669,4
tox_gggg_motif_count,674,669,4
off_target_single_rRNA_18S_c1200,669,664,4
off_target_single_rRNA_5S_c1000,669,664,4
off_target_single_rRNA_5_8S_c1000,669,664,4
struct_sense_in_5utr,669,664,4
struct_sense_in_exon,669,664,4
mod_sugar_max_block_length,664,659,4
ohe_3p1_T,664,659,4
ohe_3p3_A,664,659,4
ohe_3p4_T,664,659,4
ohe_3p5_A,664,659,4
ohe_3p4_A,659,654,4
ohe_3p5_G,659,654,4
ohe_pos1_C,659,654,4
ohe_pos6_A,659,654,4
struct_sense_in_intron,659,654,4
ohe_3p2_T,654,649,4
ohe_pos0_A,654,649,4
ohe_pos2_A,654,649,4
ohe_pos6_C,654,649,4
structure_sense_length,654,649,4
off_target_single_rRNA_28S_c1200,649,644,4
ohe_3p3_G,649,644,4
ohe_pos0_C,649,644,4
ohe_pos1_T,649,644,4
ohe_pos2_T,649,644,4
ohe_3p1_G,644,639,4
ohe_pos3_T,644,639,4
ohe_pos4_G,644,639,4
seq_6_palindromic,644,639,4
tox_cpg_ps_count,644,639,4
off_target_single_RNASEH1_c1200,639,634,4
ohe_3p0_C,639,634,4
ohe_3p8_A,639,634,4
ohe_3p9_G,639,634,4
ohe_pos4_C,639,634,4
off_target_single_rRNA_total_c1200,634,629,4
ohe_3p1_A,634,629,4
ohe_3p3_T,634,629,4
ohe_pos2_C,634,629,4
ohe_pos7_C,634,629,4
ohe_3p1_C,629,624,4
ohe_3p2_G,629,624,4
ohe_3p4_G,629,624,4
ohe_pos5_A,629,624,4
ohe_pos7_G,629,624,4
ohe_3p0_T,624,619,4
ohe_pos5_G,624,619,4
ohe_pos6_G,624,619,4
ohe_pos7_T,624,619,4
ohe_pos8_C,624,619,4
ohe_3p5_C,619,614,4
ohe_3p8_T,619,614,4
ohe_pos8_A,619,614,4
ohe_pos9_T,619,614,4
tox_cpg_count,619,614,4
mod_ps_gap_count,614,609,4
ohe_3p6_C,614,609,4
ohe_3p9_T,614,609,4
ohe_pos8_G,614,609,4
ohe_pos9_C,614,609,4
ohe_3p0_G,609,604,4
ohe_3p7_T,609,604,4
ohe_pos3_G,609,604,4
ohe_pos5_C,609,604,4
ohe_pos7_A,609,604,4
off_target_single_rRNA_18S_c1000,604,599,4
ohe_3p7_C,604,599,4
ohe_pos0_T,604,599,4
rbp_srsf1_aff_5,604,599,4
seq_poly_pyrimidine_run_count,604,599,4
ohe_3p8_G,599,594,4
ohe_pos2_G,599,594,4
ohe_pos3_A,599,594,4
ohe_pos9_A,599,594,4
tox_3prime_g_fraction,599,594,4
off_target_single_rRNA_5_8S_c800,594,589,4
ohe_pos4_T,594,589,4
ohe_pos9_G,594,589,4
rbp_hnrnpa1_aff_5,594,589,4
seq_3_prime_clamp,594,589,4
off_target_single_rRNA_28S_c1000,589,584,4
ohe_3p2_C,589,584,4
ohe_3p6_A,589,584,4
ohe_3p7_A,589,584,4
seq_5_prime_clamp,589,584,4
dinuc_CG_j3,584,579,4
dinuc_CG_wing3,584,579,4
ohe_3p3_C,584,579,4
ohe_pos8_T,584,579,4
struct_sense_in_exon_non_exclusive,584,579,4
dinuc_CG_wing5,579,574,4
off_target_single_rRNA_total_c1000,579,574,4
ohe_3p2_A,579,574,4
ohe_pos1_G,579,574,4
ohe_pos3_C,579,574,4
off_target_single_rRNA_5S_c800,574,569,4
ohe_3p4_C,574,569,4
ohe_pos6_T,574,569,4
seq_cg_dinucleotide_fraction,574,569,4
struct_sense_in_utr,574,569,4
ohe_3p0_A,569,564,4
rbp_hnrnph1_aff_5,569,564,4
selfaso_homodimer_mismatched_full_nmm,569,564,4
seq_at_rich_run_count,569,564,4
seq_ta_dinucleotide_fraction,569,564,4
dinuc_AC_j3,564,559,4
off_target_score_general_BOLTZ_n100_c1200,564,559,4
off_target_score_general_BOLTZ_n50_c1200,564,559,4
ohe_3p9_A,564,559,4
ohe_pos5_T,564,559,4
dinuc_AG_j3,559,554,4
dinuc_CG_j5,559,554,4
ohe_3p8_C,559,554,4
seq_4_palindromic,559,554,4
seq_t_count,559,554,4
dinuc_CG_gap,554,549,4
dinuc_TA_j3,554,549,4
dinuc_TC_j5,554,549,4
off_target_single_RNASEH1_c1000,554,549,4
ohe_3p6_G,554,549,4
dinuc_AT_j3,549,544,4
dinuc_TT_j3,549,544,4
rbp_hnrnph2_aff_5,549,544,4
rbp_srsf2_aff_5,549,544,4
struct_sense_in_cds_non_exclusive,549,544,4
dinuc_AC_j5,544,539,4
dinuc_GA_wing3,544,539,4
dinuc_TA_wing3,544,539,4
ohe_pos4_A,544,539,4
rbp_ptbp1_aff_5,544,539,4
dinuc_AT_j5,539,534,4
dinuc_GA_gap,539,534,4
dinuc_GA_j3,539,534,4
ohe_3p5_T,539,534,4
ohe_pos1_A,539,534,4
dinuc_AG_j5,534,529,4
dinuc_GA_j5,534,529,4
mod_sugar_gap_gc_content,534,529,4
off_target_score_general_BOLTZ_n200_c1200,534,529,4
seq_poly_pyrimidine_longest,534,529,4
dinuc_AG_wing3,529,524,4
dinuc_TA_j5,529,524,4
dinuc_TC_j3,529,524,4
dinuc_TT_wing3,529,524,4
selfaso_homodimer_perfect_helix,529,524,4
dinuc_TG_j3,524,519,4
dinuc_TG_j5,524,519,4
mod_ps_max_consecutive_po,524,519,4
seq_flexible_dinucleotide_fraction,524,519,4
seq_tandem_repeats_score,524,519,4
dinuc_AG_wing5,519,514,4
dinuc_GG_j3,519,514,4
off_target_score_specific_BOLTZ_n50_c1200,519,514,4
off_target_single_rRNA_18S_c800,519,514,4
seq_dinucleotide_diversity,519,514,4
dinuc_AC_wing5,514,509,4
dinuc_CC_wing5,514,509,4
dinuc_TC_wing5,514,509,4
dinuc_TG_wing5,514,509,4
ohe_3p9_C,514,509,4
dinuc_AC_wing3,509,504,4
dinuc_TC_wing3,509,504,4
off_target_score_specific_BOLTZ_n100_c1200,509,504,4
rbp_srsf9_aff_5,509,504,4
seq_purine_content,509,504,4
dinuc_AA_gap,504,499,4
dinuc_TT_j5,504,499,4
ohe_3p6_T,504,499,4
rbp_hnrnpf_aff_5,504,499,4
transfection_electroporation,504,499,4
dinuc_AA_wing3,499,494,4
dinuc_CT_gap,499,494,4
dinuc_CT_j5,499,494,4
rbp_ybx1_aff_5,499,494,4
transfection_lipofection,499,494,4
dinuc_AT_wing5,494,489,4
dinuc_GG_j5,494,489,4
dinuc_GT_gap,494,489,4
seq_terminal_gc_fraction,494,489,4
tai_score_30,494,489,4
dinuc_AA_wing5,489,484,4
dinuc_GA_wing5,489,484,4
dinuc_TA_gap,489,484,4
dinuc_TT_wing5,489,484,4
struct_sense_in_3utr,489,484,4
dinuc_AG_gap,484,479,4
dinuc_CC_j5,484,479,4
enc_score_40,484,479,4
mod_ps_po_percentage,484,479,4
tai_score_40,484,479,4
dinuc_CT_wing5,479,474,4
off_target_score_general_BOLTZ_n100_c1000,479,474,4
off_target_score_general_BOLTZ_n50_c1000,479,474,4
off_target_single_rRNA_28S_c800,479,474,4
off_target_single_rRNA_total_c800,479,474,4
dinuc_GC_wing3,474,469,4
enc_score_20,474,469,4
rbp_celf2_aff_5,474,469,4
rbp_hnrnph3_aff_5,474,469,4
structure_sense_branch_point_strong_count,474,469,4
dinuc_TC_gap,469,464,4
rbp_elavl1_aff_5,469,464,4
rbp_syncrip_aff_5,469,464,4
tai_score_20,469,464,4
tai_score_50,469,464,4
dinuc_CT_wing3,464,459,4
enc_score_50,464,459,4
enc_score_70,464,459,4
ohe_3p7_G,464,459,4
rbp_srsf10_aff_5,464,459,4
cai_score_20,459,454,4
dinuc_GG_gap,459,454,4
off_target_single_RNASEH1_c800,459,454,4
rbp_ppie_aff_5,459,454,4
rbp_tra2b_aff_5,459,454,4
dinuc_CA_j3,454,449,4
dinuc_TA_wing5,454,449,4
rbp_khsrp_aff_5,454,449,4
seq_c_count,454,449,4
seq_gc_skew_ends,454,449,4
dinuc_AC_gap,449,444,4
dinuc_CC_gap,449,444,4
dinuc_GG_wing3,449,444,4
enc_score_30,449,444,4
off_target_score_specific_BOLTZ_n200_c1200,449,444,4
dinuc_GC_j3,444,439,4
on_target_total_hybridization_1200,444,439,4
rbp_celf1_aff_5,444,439,4
rbp_eif4a3_aff_5,444,439,4
rbp_sfpq_aff_5,444,439,4
dinuc_TG_wing3,439,434,4
mod_ps_frac_mod,439,434,4
off_target_score_general_BOLTZ_n200_c1000,439,434,4
rbp_interaction_total_5_generic,439,434,4
seq_at_rich_longest,439,434,4
cai_score_40,434,429,4
rbp_ighmbp2_aff_5,434,429,4
rbp_rbmx_aff_5,434,429,4
selfaso_homodimer_mismatched_nmm,434,429,4
shape_hincl_gap,434,429,4
dinuc_GG_wing5,429,424,4
on_target_duplication_exact,429,424,4
on_target_log_number_of_sites_1200,429,424,4
rbp_khdrbs1_aff_5,429,424,4
rbp_raly_aff_5,429,424,4
rbp_hnrnpcl1_aff_5,424,419,4
rbp_hnrnpl_aff_5,424,419,4
rbp_srsf11_aff_5,424,419,4
shape_hx_j3_spread,424,419,4
shape_slide_wing3,424,419,4
cai_score_30,419,414,4
expr_stx5,419,414,4
rbp_diversity_global_5_generic,419,414,4
rbp_elavl2_aff_5,419,414,4
shape_hrise_gap,419,414,4
dinuc_AT_wing3,414,409,4
enc_score_60,414,409,4
shape_htip_wing3_spread,414,409,4
shape_hx_j3,414,409,4
shape_zp_gap_spread,414,409,4
dinuc_CC_wing3,409,404,4
rbp_khdrbs3_aff_5,409,404,4
shape_hx_wing3,409,404,4
shape_hx_wing3_spread,409,404,4
tai_score_70,409,404,4
access_f60_sinf_u4_a3,404,399,4
dinuc_CA_wing5,404,399,4
expr_nono,404,399,4
rbp_elavl4_aff_5,404,399,4
selfaso_hp_stem,404,399,4
dinuc_CT_j3,399,394,4
rbp_pabpc4_aff_5,399,394,4
rbp_ssb_aff_5,399,394,4
rbp_tra2a_aff_5,399,394,4
shape_hincl_gap_spread,399,394,4
access_f60_sinf_u16_a3,394,389,4
dinuc_CC_j3,394,389,4
rbp_g3bp1_aff_5,394,389,4
tox_3prime_g_free_len,394,389,4
transfection_gymnosis,394,389,4
dinuc_GT_j5,389,384,4
mod_ps_wing3_count,389,384,4
rbp_celf4_aff_5,389,384,4
shape_hincl_wing5,389,384,4
shape_hy_wing3,389,384,4
expr_rab7a,384,379,4
rbp_hnrnpm_aff_5,384,379,4
rbp_pabpc5_aff_5,384,379,4
rbp_tia1_aff_5,384,379,4
shape_htip_j3_spread,384,379,4
dinuc_CA_j5,379,374,4
rbp_akap1_aff_5,379,374,4
rbp_nova1_aff_5,379,374,4
rbp_pabpn1_aff_5,379,374,4
shape_htip_j5_spread,379,374,4
access_f60_sinf_u4_a5,374,369,4
access_f60_sinf_u8_a3,374,369,4
selfaso_homodimer_perfect_modpairs,374,369,4
shape_htwist_wing3_spread,374,369,4
tai_score_60,374,369,4
access_f60_sinf_u13_a3,369,364,4
seq_gc_longest,369,364,4
shape_hrise_wing5,369,364,4
shape_htwist_gap_spread,369,364,4
shape_hy_gap_spread,369,364,4
rbp_f2_aff_5,364,359,4
selfaso_homodimer_mismatched_full_dg,364,359,4
seq_homooligo_count,364,359,4
shape_hrise_wing3_spread,364,359,4
structure_sense_branch_point_score,364,359,4
expr_rab5c,359,354,4
rbp_celf5_aff_5,359,354,4
rbp_dhx9_aff_5,359,354,4
rbp_u2af2_aff_5,359,354,4
shape_hy_j3_spread,359,354,4
dinuc_TG_gap,354,349,4
rbp_ago2_aff_5,354,349,4
rbp_fus_aff_5,354,349,4
shape_hincl_wing3,354,349,4
shape_hx_wing5_spread,354,349,4
access_f60_sinf_u6_aso3end,349,344,4
cai_score_70,349,344,4
dinuc_AA_j3,349,344,4
rbp_cpeb2_aff_5,349,344,4
rbp_lin28a_aff_5,349,344,4
rbp_adar_aff_5,344,339,4
rbp_hnrnpa2b1_aff_5,344,339,4
rnase_score_R7_dynamic,344,339,4
shape_hy_j5,344,339,4
shape_slide_wing3_spread,344,339,4
dinuc_TT_gap,339,334,4
expr_stab2,339,334,4
off_target_score_general_BOLTZ_n100_c800,339,334,4
on_target_duplication_near1,339,334,4
rbp_piwil1_aff_5,339,334,4
rbp_qki_aff_5,334,329,4
rbp_rbfox1_aff_5,334,329,4
rbp_zfp36_aff_5,334,329,4
shape_hrise_j3_spread,334,329,4
shape_hy_wing5,334,329,4
rbp_hnrnpa3_aff_5,329,324,4
rbp_mbnl1_aff_5,329,324,4
rbp_rbm6_aff_5,329,324,4
rbp_sart3_aff_5,329,324,4
shape_htwist_wing5,329,324,4
expr_xrcc6,324,319,4
rbp_srp68_aff_5,324,319,4
shape_hrise_j5_spread,324,319,4
shape_htwist_j3,324,319,4
shape_zp_j3,324,319,4
cai_score_50,319,314,4
dinuc_AT_gap,319,314,4
rbp_celf6_aff_5,319,314,4
rbp_phax_aff_5,319,314,4
shape_hx_j5_spread,319,314,4
access_f60_sinf_u26_a3,314,309,4
access_f60_sinf_u6_a3,314,309,4
dinuc_GC_wing5,314,309,4
rbp_hnrnpa0_aff_5,314,309,4
rnase_krel_dinucleotide_score_R4b_krel_dinuc_dynamic,314,309,4
off_target_score_specific_BOLTZ_n50_c1000,309,304,4
rbp_fmr1_aff_5,309,304,4
rbp_pum2_aff_5,309,304,4
rbp_rbm5_aff_5,309,304,4
seq_dispersed_repeats_score,309,304,4
rbp_hnrnpk_aff_5,304,299,4
rbp_ptbp2_aff_5,304,299,4
rbp_rbm25_aff_5,304,299,4
rbp_srsf3_aff_5,304,299,4
shape_htip_j5,304,299,4
rbp_rbm41_aff_5,299,294,4
rbp_srsf6_aff_5,299,294,4
rbp_zc3h10_aff_5,299,294,4
shape_zp_gap,299,294,4
shape_zp_j3_spread,299,294,4
expr_sfpq,294,289,4
rbp_cpeb4_aff_5,294,289,4
rbp_srp14_aff_5,294,289,4
seq_keto_amino_skew,294,289,4
shape_htwist_wing5_spread,294,289,4
expr_eea1,289,284,4
expr_m6pr,289,284,4
mod_ps_end_score,289,284,4
rbp_cmtr1_aff_5,289,284,4
rbp_hnrnpdl_aff_5,289,284,4
dinuc_CA_wing3,284,279,4
rbp_ago1_aff_5,284,279,4
rbp_oas1_aff_5,284,279,4
rbp_rnasel_aff_5,284,279,4
shape_hrise_wing3,284,279,4
dinuc_GC_j5,279,274,4
rbp_ifih1_aff_5,279,274,4
rbp_nelfe_aff_5,279,274,4
rbp_rbms3_aff_5,279,274,4
rbp_rc3h1_aff_5,279,274,4
off_target_score_general_BOLTZ_n50_c800,274,269,4
rbp_srsf5_aff_5,274,269,4
rnase_score_dinucleotide_R4b_dinuc_dynamic,274,269,4
shape_slide_j3,274,269,4
shape_slide_j5,274,269,4
rbp_enox1_aff_5,269,264,4
rbp_pcbp2_aff_5,269,264,4
rbp_pum1_aff_5,269,264,4
rbp_snrnp70_aff_5,269,264,4
shape_shift_j5_spread,269,264,4
off_target_score_specific_BOLTZ_n100_c1000,264,259,4
rbp_g3bp2_aff_5,264,259,4
rbp_zcrb1_aff_5,264,259,4
shape_shift_wing5,264,259,4
shape_slide_gap,264,259,4
expr_unc93b1,259,254,4
rbp_srsf7_aff_5,259,254,4
shape_hrise_j5,259,254,4
shape_slide_j3_spread,259,254,4
shape_slide_wing5_spread,259,254,4
access_f60_sinf_u26_a5,254,249,4
cai_score_60,254,249,4
dinuc_GT_j3,254,249,4
rbp_ddx58_aff_5,254,249,4
rbp_rbfox2_aff_5,254,249,4
rbp_cpeb1_aff_5,249,244,4
rbp_hnrnpab_aff_5,249,244,4
rbp_nova2_aff_5,249,244,4
shape_htwist_j5_spread,249,244,4
shape_hy_gap,249,244,4
expr_stab1,244,239,4
rbp_esrp2_aff_5,244,239,4
rbp_rbm8a_aff_5,244,239,4
rbp_rbms1_aff_5,244,239,4
shape_htip_wing3,244,239,4
access_f60_sinf_u20_a3,239,234,4
expr_tlr9,239,234,4
rnase_score_dinucleotide_R7_dinuc_dynamic,239,234,4
shape_shift_gap_spread,239,234,4
shape_zp_wing5_spread,239,234,4
access_f60_sinf_u6_a5,234,229,4
rbp_eif4b_aff_5,234,229,4
rbp_rbm3_aff_5,234,229,4
rbp_srsf4_aff_5,234,229,4
shape_htwist_wing3,234,229,4
rbp_hnrnpc_aff_5,229,224,4
rbp_igf2bp1_aff_5,229,224,4
rbp_igf2bp3_aff_5,229,224,4
shape_htwist_j5,229,224,4
shape_hx_gap_spread,229,224,4
mod_ps_wing5_count,224,219,4
on_target_log_number_of_sites_1000,224,219,4
rbp_elavl3_aff_5,224,219,4
rbp_sf1_aff_5,224,219,4
shape_htwist_j3_spread,224,219,4
rbp_esrp1_aff_5,219,214,4
rbp_snrpa_aff_5,219,214,4
rbp_srp19_aff_5,219,214,4
shape_shift_j3_spread,219,214,4
tox_g4hunter_max,219,214,4
rbp_hnrnpd_aff_5,214,209,4
rbp_khdrbs2_aff_5,214,209,4
rbp_tardbp_aff_5,214,209,4
sense_internal_fold,214,209,4
shape_shift_wing3_spread,214,209,4
fold_mfe_win100_flank120_step7,209,204,4
rnase_score_R4b_dynamic,209,204,4
selfaso_hp_modpairs,209,204,4
seq_gc_content_3prime_end,209,204,4
shape_shift_j3,209,204,4
expr_ssb,204,199,4
rbp_pabpc1_aff_5,204,199,4
rbp_zranb2_aff_5,204,199,4
shape_htip_gap,204,199,4
shape_zp_j5_spread,204,199,4
flank_at_skew_20,199,194,4
rbp_ankhd1_aff_5,199,194,4
rbp_cnot4_aff_5,199,194,4
rbp_samd4a_aff_5,199,194,4
rbp_ythdc1_aff_5,199,194,4
access_f60_sinf_u10_a3,194,189,4
access_f60_sinf_u20_a5,194,189,4
off_target_score_general_BOLTZ_n200_c800,194,189,4
rbp_snrpb2_aff_5,194,189,4
shape_htip_wing5_spread,194,189,4
density_cells_per_well,189,184,4
expr_sec23a,189,184,4
hybr_moe_md_pb_dg,189,184,4
rbp_nudt21_aff_5,189,184,4
rbp_znf346_aff_5,189,184,4
fold_mfe_win70_flank60_step5,184,179,4
rbp_ddx19b_aff_5,184,179,4
rbp_fxr2_aff_5,184,179,4
rbp_xpo5_aff_5,184,179,4
shape_hx_wing5,184,179,4
dinuc_CA_gap,179,174,4
rbp_a1cf_aff_5,179,174,4
rbp_rbm24_aff_5,179,174,4
rnase_krel_score_R7_krel_dynamic,179,174,4
shape_hincl_j3,179,174,4
rbp_dhx58_aff_5,174,169,4
rbp_matr3_aff_5,174,169,4
rbp_nxf1_aff_5,174,169,4
selfaso_homodimer_perfect_minus_hp,174,169,4
shape_hy_wing5_spread,174,169,4
access_f60_sinf_u32_a5,169,164,4
dinuc_GC_gap,169,164,4
dinuc_GT_wing5,169,164,4
fold_mfe_std,169,164,4
shape_hx_j5,169,164,4
hybr_cet_wing3_dg,164,159,4
rbp_rbm46_aff_5,164,159,4
shape_htwist_gap,164,159,4
shape_shift_gap,164,159,4
shape_shift_wing3,164,159,4
access_f60_sinf_u8_a5,159,154,4
expr_npm1,159,154,4
rbp_zfp36l2_aff_5,159,154,4
shape_slide_gap_spread,159,154,4
structure_sense_cryptic_donor_delta,159,154,4
rbp_rbm42_aff_5,154,149,4
rbp_tut1_aff_5,154,149,4
rbp_ybx2_aff_5,154,149,4
rnase_krel_score_R4a_krel_dynamic,154,149,4
shape_hincl_j5_spread,154,149,4
expr_sec31a,149,144,4
rbp_aco1_aff_5,149,144,4
rbp_rbm4_aff_5,149,144,4
rnase_krel_dinucleotide_score_R7_krel_dinuc_dynamic,149,144,4
selfaso_homodimer_mismatched_len,149,144,4
access_f60_sinf_u32_a3,144,139,4
expr_rnase_transcript,144,139,4
rbp_rbmy1a1_aff_5,144,139,4
shape_hrise_wing5_spread,144,139,4
shape_hy_j3,144,139,4
rbp_cstf2_aff_5,139,134,4
rbp_eri1_aff_5,139,134,4
rbp_znf638_aff_5,139,134,4
rnase_krel_score_R4b_krel_dynamic,139,134,4
seq_g_count,139,134,4
off_target_score_specific_BOLTZ_n200_c1000,134,129,4
ohe_pos0_G,134,129,4
seq_ry_transition_fraction,134,129,4
shape_htip_wing5,134,129,4
shape_hy_wing3_spread,134,129,4
expr_ap2m1,129,124,4
on_target_total_hybridization_1000,129,124,4
rbp_pprc1_aff_5,129,124,4
shape_htip_gap_spread,129,124,4
structure_sense_junction_logdist_closest,129,124,4
rbp_pabpc3_aff_5,124,119,4
rbp_tial1_aff_5,124,119,4
shape_zp_wing3,124,119,4
structure_sense_cryptic_acceptor_delta,124,119,4
structure_sense_start_from_end_norm,124,119,4
access_f60_sinf_u6_aso5end,119,114,4
fold_mfe_win55_flank60_step5,119,114,4
hybr_ps_delta_dg,119,114,4
shape_hy_j5_spread,119,114,4
structure_sense_mrna_dist_to_closest_stop,119,114,4
off_target_score_specific_BOLTZ_n50_c800,114,109,4
rbp_dazap1_aff_5,114,109,4
rbp_nono_aff_5,114,109,4
selfaso_homodimer_perfect_dg_per_nt,114,109,4
structure_sense_dist_to_splice_junction_intronic,114,109,4
cai_score_global,109,104,4
dinuc_GT_wing3,109,104,4
expr_anxa2,109,104,4
seq_dinucleotide_entropy,109,104,4
structure_sense_dist_to_canonical_stop,109,104,4
fold_mfe_aso3end,104,100,3
shape_hx_gap,104,100,3
structure_sense_branch_point_signed_logdist,104,100,3
structure_sense_host_exon_log_length,104,100,3
access_f60_sinf_u16_a5,100,99,0
seq_a_count,99,98,0
hybr_dna_dna_dg,98,97,0
structure_sense_local_acceptor_mean,97,96,0
structure_sense_junction_logdist_exonic,96,95,0
hybr_moe_wing3_dg,95,94,0
hybr_cet_dna_rna_dg,94,93,0
rbp_pcbp1_aff_5,93,92,0
expr_myd88,92,91,0
rnase_score_R4a_dynamic,91,90,0
shape_zp_j5,90,89,0
shape_hincl_j3_spread,89,88,0
structure_sense_cryptic_acceptor_max,88,87,0
on_target_log_number_of_sites_800,87,86,0
flank_gc_content_20,86,85,0
shape_shift_j5,85,84,0
structure_sense_dist_to_canonical_start,84,83,0
shape_hincl_wing5_spread,83,82,0
structure_sense_branch_point_offset,82,81,0
rbp_rbm28_aff_5,81,80,0
enc_score_global,80,79,0
rbp_rbm14_aff_5,79,78,0
access_f60_sinf_u6_a3_std,78,77,0
structure_sense_dist_to_closest_stop,77,76,0
expr_stx6,76,75,0
selfaso_homodimer_mismatched_dg_per_nt,75,74,0
rbp_grsf1_aff_5,74,73,0
shape_zp_wing3_spread,73,72,0
structure_sense_signed_dist_to_closest_start,72,71,0
seq_at_skew,71,70,0
off_target_score_specific_BOLTZ_n200_c800,70,69,0
shape_shift_wing5_spread,69,68,0
halflife_value,68,67,0
shape_slide_j5_spread,67,66,0
selfaso_hp_dg,66,65,0
structure_sense_cryptic_donor_max,65,64,0
on_target_total_hybridization_800,64,63,0
fold_mfe_win40_flank30_step5,63,62,0
rbp_supv3l1_aff_5,62,61,0
shape_hrise_j3,61,60,0
structure_sense_host_intron_log_length,60,59,0
hybr_moe_md_gb_dg,59,58,0
rbp_fxr1_aff_5,58,57,0
interaction_selfaso_homodimer_perfect_dg_gymnosis,57,56,0
structure_sense_mrna_dist_to_canonical_stop,56,55,0
seq_gc_skew,55,54,0
tai_score_global,54,53,0
hybr_cet_wing5_dg,53,52,0
access_f60_sinf_u10_a5,52,51,0
structure_sense_signed_dist_to_canonical_stop,51,50,0
hybr_dna_rna_dg,50,49,0
mod_sugar_wing_gap_gc_delta,49,48,0
fold_mfe_win150_flank120_step10,48,47,0
shape_hincl_j5,47,46,0
structure_sense_junction_signed_logdist_exonic,46,45,0
dinuc_AA_j5,45,44,0
rbp_srp54_aff_5,44,43,0
structure_sense_start_norm,43,42,0
access_f60_sinf_u6_a5_std,42,41,0
structure_sense_dist_to_closest_splice_junction,41,40,0
rbp_msi1_aff_5,40,39,0
seq_internal_fold_rna,39,38,0
expr_egfr,38,37,0
selfaso_homodimer_perfect_dg,37,36,0
volume_nm,36,35,0
structure_sense_junction_signed_logdist_intronic,35,34,0
shape_zp_wing5,34,33,0
rbp_hnrnpu_aff_5,33,32,0
rbp_hnrnpll_aff_5,32,31,0
rnase_krel_dinucleotide_score_R4a_krel_dinuc_dynamic,31,30,0
structure_sense_dist_to_closest_start,30,29,0
fold_mfe_win25_flank30_step4,29,28,0
structure_sense_local_donor_mean,28,27,0
selfaso_hp_dg_per_nt,27,26,0
shape_hincl_wing3_spread,26,25,0
expr_target,25,24,0
shape_hrise_gap_spread,24,23,0
shape_htip_j3,23,22,0
structure_sense_start,22,21,0
off_target_score_specific_BOLTZ_n100_c800,21,20,0
structure_sense_junction_logdist_intronic,20,19,0
hybr_moe_wing5_dg,19,18,0
expr_xrcc5,18,17,0
seq_entropy,17,16,0
hybr_ps_dna_rna_dg,16,15,0
rnase_score_dinucleotide_R4a_dinuc_dynamic,15,14,0
structure_sense_signed_dist_to_closest_stop,14,13,0
access_f60_sinf_u13_a5,13,12,0
rbp_hnrnpa1l2_aff_5,12,11,0
structure_sense_branch_point_signed_dist,11,10,0
expr_target_dom_fraction,10,,
fold_mfe_aso5end,10,,
hybr_dna_dna_minus_dna_rna_dg,10,,
rbp_igf2bp2_aff_5,10,,
selfaso_homodimer_mismatched_dg,10,,
seq_gc_content,10,,
shape_slide_wing5,10,,
structure_sense_dist_to_splice_junction_exonic,10,,
structure_sense_signed_dist_to_canonical_start,10,,
structure_sense_start_from_end,10,,
