n,cv_rmse,cv_mae,cv_exp_med,cv_exp_mean,cv_gxc_med,cv_gxc_mean,test_rmse,test_mae,test_exp_med,test_exp_mean,test_gxc_med,test_gxc_mean,test_top5,test_p5,test_p10,test_globP
679,19.0921,15.0835,0.5839,0.5363,0.439,0.4255,19.6803,15.6252,0.6126,0.5857,0.5524,0.5057,75.75,0.3726,0.4667,0.5967
674,19.1016,15.0907,0.583,0.536,0.4413,0.425,19.6841,15.6304,0.6123,0.585,0.5464,0.5035,76.0833,0.3742,0.4623,0.5958
669,19.0958,15.0893,0.5849,0.5358,0.4363,0.4244,19.6809,15.6307,0.6116,0.5847,0.5493,0.5039,75.75,0.3753,0.4639,0.5963
664,19.0934,15.0826,0.5861,0.5364,0.4353,0.4248,19.6876,15.6299,0.6119,0.5837,0.5404,0.4962,76.1667,0.3713,0.4655,0.5964
659,19.0958,15.0858,0.5851,0.5361,0.4378,0.4236,19.6712,15.6229,0.614,0.5853,0.5416,0.5029,75.6667,0.3753,0.464,0.5958
654,19.1003,15.092,0.5838,0.5359,0.4362,0.4244,19.6789,15.629,0.6146,0.5845,0.549,0.5034,76.0,0.37,0.4643,0.5949
649,19.0999,15.0909,0.5849,0.5358,0.4396,0.4234,19.6911,15.6338,0.6103,0.5853,0.5462,0.5066,76.1667,0.3737,0.4645,0.5966
644,19.0886,15.0815,0.5849,0.5372,0.4392,0.426,19.6676,15.6201,0.6136,0.5853,0.5417,0.5051,75.8333,0.3729,0.4645,0.5961
639,19.0929,15.0881,0.584,0.5363,0.4377,0.4246,19.6861,15.6288,0.6132,0.5848,0.5461,0.5059,76.25,0.3695,0.4644,0.5956
634,19.0936,15.0879,0.5836,0.5368,0.436,0.424,19.6746,15.6205,0.6128,0.5867,0.5496,0.5058,76.0556,0.375,0.4655,0.5966
629,19.0965,15.0858,0.5853,0.5361,0.4367,0.4234,19.6882,15.6309,0.6114,0.584,0.5483,0.5011,76.0,0.3732,0.4604,0.5953
624,19.0903,15.0837,0.5848,0.5369,0.4364,0.424,19.6793,15.6245,0.6096,0.5837,0.5408,0.502,75.75,0.3777,0.461,0.5957
619,19.0997,15.0889,0.5863,0.5351,0.4333,0.424,19.6785,15.6289,0.6099,0.5835,0.5487,0.5047,76.0833,0.3761,0.4619,0.5961
614,19.0988,15.0897,0.5844,0.5356,0.4369,0.4248,19.6855,15.6336,0.6117,0.5832,0.542,0.5004,75.6667,0.3708,0.4635,0.5948
609,19.0962,15.0889,0.584,0.5353,0.4331,0.4238,19.7029,15.643,0.6119,0.5838,0.5442,0.5021,76.0,0.3726,0.4644,0.5953
604,19.107,15.097,0.5838,0.5354,0.4369,0.4251,19.6812,15.6304,0.6135,0.5846,0.5458,0.5041,76.3333,0.3708,0.4629,0.5949
599,19.1026,15.0929,0.5835,0.5357,0.4349,0.4237,19.676,15.629,0.6108,0.5842,0.5456,0.5017,75.9722,0.3729,0.4676,0.5951
594,19.1061,15.0971,0.5838,0.5351,0.4344,0.4238,19.6713,15.6261,0.6119,0.5845,0.5492,0.5005,75.5,0.3718,0.4664,0.595
589,19.1086,15.0977,0.5836,0.5345,0.4373,0.4224,19.6887,15.6362,0.6139,0.5844,0.5473,0.5002,76.0833,0.3742,0.4635,0.5963
584,19.1158,15.1073,0.5831,0.5347,0.4337,0.4224,19.6963,15.6402,0.613,0.5847,0.5413,0.5017,76.0833,0.3734,0.4625,0.5954
579,19.1096,15.0969,0.5841,0.5349,0.4346,0.4217,19.6741,15.6249,0.6144,0.585,0.5443,0.5017,75.4167,0.3713,0.4653,0.5944
574,19.117,15.1057,0.584,0.5346,0.4353,0.4236,19.6863,15.6369,0.6134,0.5839,0.5453,0.5049,75.75,0.3695,0.464,0.5954
569,19.1217,15.1086,0.5844,0.5338,0.4374,0.4232,19.688,15.6351,0.6079,0.5828,0.5435,0.5004,75.75,0.3721,0.4672,0.5961
564,19.1205,15.1066,0.583,0.534,0.4349,0.423,19.6866,15.6333,0.6116,0.5854,0.5453,0.5037,75.25,0.3761,0.4623,0.5966
559,19.1158,15.1028,0.5834,0.5342,0.4314,0.4239,19.6891,15.6377,0.6113,0.5832,0.5407,0.5055,75.75,0.3729,0.4615,0.5939
554,19.12,15.1077,0.5846,0.534,0.4348,0.4234,19.6994,15.645,0.615,0.5834,0.5434,0.5055,75.9167,0.3679,0.4651,0.595
549,19.1245,15.1127,0.5835,0.5335,0.4369,0.4229,19.6976,15.6438,0.6122,0.5834,0.5448,0.5057,76.1667,0.3724,0.4635,0.5965
544,19.1336,15.1152,0.5826,0.5337,0.4313,0.4232,19.6987,15.6426,0.6118,0.5826,0.5516,0.5062,75.8333,0.3713,0.4615,0.5958
539,19.1308,15.1162,0.584,0.5334,0.4373,0.4235,19.7041,15.6489,0.6125,0.5811,0.5521,0.505,75.9167,0.3687,0.462,0.5941
534,19.142,15.1237,0.5807,0.533,0.4371,0.4232,19.7094,15.6564,0.6112,0.5818,0.5403,0.502,75.3333,0.3703,0.4602,0.5927
529,19.1404,15.1235,0.5801,0.5327,0.4337,0.4228,19.7197,15.6566,0.6077,0.5803,0.5456,0.5017,75.5,0.3692,0.458,0.5937
524,19.1314,15.1141,0.5814,0.5327,0.4389,0.4225,19.7296,15.6685,0.6099,0.5816,0.553,0.5049,75.0,0.3625,0.461,0.5934
519,19.1394,15.1232,0.5818,0.5324,0.4318,0.4222,19.7153,15.6603,0.6089,0.58,0.5465,0.5017,74.8333,0.3671,0.4595,0.5933
514,19.1437,15.1265,0.579,0.532,0.4361,0.4211,19.7144,15.6549,0.6106,0.5809,0.549,0.5003,75.4167,0.3697,0.4628,0.5932
509,19.1422,15.1248,0.581,0.5325,0.4333,0.4214,19.7191,15.6608,0.6094,0.5803,0.5455,0.501,74.8333,0.3676,0.4583,0.5937
504,19.1424,15.1263,0.5808,0.5324,0.4331,0.4203,19.7234,15.6641,0.6108,0.5812,0.5346,0.5015,75.0,0.3671,0.4608,0.5925
499,19.1516,15.1326,0.5801,0.5319,0.435,0.4215,19.7025,15.6517,0.6077,0.5797,0.5429,0.501,74.75,0.3697,0.4564,0.5929
494,19.149,15.1344,0.5801,0.5315,0.4326,0.4213,19.7414,15.6719,0.6083,0.5792,0.5437,0.4983,74.75,0.3655,0.4572,0.5933
489,19.1518,15.1334,0.5794,0.5308,0.4319,0.4205,19.7358,15.6695,0.6084,0.5788,0.5436,0.4996,74.9167,0.3684,0.4571,0.594
484,19.1479,15.1316,0.5788,0.531,0.4343,0.4207,19.7392,15.6842,0.6074,0.5777,0.5418,0.5008,75.0,0.3681,0.4612,0.592
479,19.1535,15.1375,0.5791,0.5312,0.4385,0.4205,19.7422,15.6719,0.6105,0.5792,0.5513,0.5025,75.3333,0.3695,0.4598,0.5949
474,19.1504,15.1335,0.5808,0.5315,0.437,0.4208,19.7483,15.6876,0.6074,0.5773,0.539,0.499,74.8333,0.3649,0.4571,0.5923
469,19.1538,15.1383,0.5796,0.5312,0.4326,0.4192,19.7167,15.6565,0.6065,0.5789,0.5455,0.4986,74.9722,0.3663,0.46,0.5942
464,19.1446,15.1278,0.5804,0.5315,0.4319,0.4207,19.7212,15.661,0.609,0.5801,0.5461,0.5025,74.5833,0.3705,0.4584,0.5923
459,19.152,15.1369,0.5796,0.5313,0.4329,0.4211,19.759,15.6867,0.607,0.578,0.5472,0.4959,74.5833,0.3663,0.4563,0.594
454,19.1616,15.1454,0.5804,0.5308,0.4335,0.4187,19.7688,15.698,0.606,0.5765,0.5492,0.4985,74.75,0.3681,0.4534,0.5944
449,19.1644,15.1477,0.5786,0.5309,0.436,0.421,19.7704,15.6934,0.603,0.5762,0.5382,0.495,74.0,0.366,0.4551,0.593
444,19.1683,15.1516,0.5786,0.5302,0.4336,0.4194,19.7603,15.6864,0.6071,0.5782,0.5511,0.4997,75.0833,0.3652,0.4588,0.5929
439,19.1783,15.1566,0.5774,0.5294,0.434,0.4192,19.7664,15.6963,0.6054,0.5765,0.5436,0.4959,74.5,0.361,0.4544,0.5904
434,19.168,15.151,0.578,0.5299,0.4325,0.4195,19.7686,15.6959,0.6069,0.576,0.5421,0.4961,74.75,0.3684,0.4559,0.593
429,19.1725,15.1569,0.5769,0.5296,0.4309,0.4183,19.7662,15.6919,0.6081,0.5763,0.5408,0.4973,74.6667,0.3681,0.4554,0.5923
424,19.1769,15.1549,0.5784,0.5293,0.4334,0.4187,19.7677,15.7024,0.6077,0.5767,0.5467,0.4932,74.5833,0.3644,0.4541,0.5918
419,19.1744,15.1544,0.579,0.5301,0.4326,0.4184,19.7818,15.7038,0.6045,0.576,0.5362,0.4951,74.6667,0.3625,0.4566,0.5922
414,19.1759,15.1575,0.5781,0.5294,0.4286,0.4183,19.7943,15.7145,0.6021,0.5749,0.5447,0.4942,74.3333,0.3652,0.4501,0.5916
409,19.1685,15.1514,0.5792,0.5298,0.4336,0.4184,19.7692,15.6923,0.6029,0.5767,0.5468,0.4938,73.9167,0.3697,0.4552,0.5926
404,19.1729,15.1545,0.5783,0.5301,0.4346,0.4191,19.7668,15.6998,0.6072,0.5758,0.5485,0.4972,75.0,0.3636,0.4564,0.5911
399,19.1717,15.1518,0.5788,0.5298,0.4333,0.4181,19.765,15.6909,0.6036,0.5763,0.541,0.4937,74.5,0.3636,0.4527,0.5925
394,19.1756,15.1546,0.5783,0.5292,0.4364,0.4188,19.7994,15.7185,0.6016,0.5745,0.5523,0.493,74.0833,0.3599,0.4511,0.5916
389,19.181,15.1609,0.5784,0.5284,0.4332,0.4169,19.7941,15.7205,0.6025,0.5773,0.5506,0.4975,74.4167,0.3636,0.4539,0.5916
384,19.1899,15.1681,0.5763,0.5283,0.4308,0.4171,19.7983,15.7185,0.5997,0.5761,0.5475,0.4978,74.75,0.3575,0.4548,0.5924
379,19.1847,15.1635,0.5781,0.5291,0.4319,0.4192,19.7685,15.6903,0.6038,0.5764,0.5437,0.4937,74.75,0.3673,0.4542,0.5918
374,19.1799,15.1595,0.5767,0.5289,0.4284,0.4177,19.7799,15.7104,0.5975,0.5757,0.5383,0.4938,74.25,0.3641,0.4578,0.5919
369,19.1792,15.1603,0.5766,0.5286,0.4339,0.4178,19.7733,15.7044,0.6015,0.5754,0.5501,0.4977,74.3333,0.3641,0.4543,0.5927
364,19.1923,15.1719,0.5771,0.5278,0.4305,0.4173,19.7808,15.7094,0.5993,0.5751,0.5482,0.4954,74.5,0.3628,0.4542,0.5913
359,19.1977,15.1781,0.575,0.5286,0.4292,0.4164,19.7567,15.6812,0.6008,0.5748,0.5379,0.4921,73.9167,0.3623,0.4548,0.5948
354,19.1852,15.1652,0.5793,0.5295,0.4294,0.4181,19.7537,15.6748,0.6046,0.578,0.5473,0.4969,74.5,0.3657,0.4595,0.5966
349,19.1938,15.1724,0.5774,0.5293,0.429,0.4189,19.7633,15.6738,0.6013,0.5787,0.5506,0.4996,73.5833,0.3625,0.4542,0.5971
344,19.1942,15.1712,0.5768,0.5288,0.4301,0.4189,19.7617,15.6813,0.6023,0.5783,0.5497,0.4978,73.8333,0.3663,0.456,0.5965
339,19.202,15.1771,0.5769,0.5284,0.43,0.4188,19.7559,15.6786,0.6008,0.5769,0.5482,0.4945,73.75,0.3599,0.4543,0.5958
334,19.2233,15.1902,0.5744,0.5265,0.4259,0.4173,19.7685,15.6848,0.6013,0.5742,0.5519,0.4912,73.5,0.366,0.4559,0.5963
329,19.2233,15.1914,0.5738,0.5269,0.4278,0.4174,19.7665,15.6899,0.6012,0.5754,0.5506,0.4916,74.25,0.3631,0.4547,0.595
324,19.2139,15.1839,0.5748,0.5273,0.4295,0.4176,19.748,15.6734,0.603,0.5751,0.5378,0.4862,74.3333,0.3633,0.4555,0.596
319,19.214,15.183,0.5751,0.5268,0.4303,0.4175,19.753,15.6778,0.6013,0.5755,0.543,0.492,74.3333,0.3652,0.4563,0.594
314,19.2219,15.192,0.576,0.5265,0.4292,0.4173,19.7672,15.6815,0.6009,0.5751,0.5436,0.4928,74.0,0.3663,0.4548,0.5951
309,19.2154,15.186,0.5749,0.5268,0.4279,0.4167,19.7467,15.6647,0.5984,0.5758,0.545,0.4917,74.3056,0.3692,0.4523,0.5958
304,19.2214,15.1914,0.5723,0.5264,0.4296,0.4162,19.751,15.6698,0.6003,0.575,0.5427,0.4942,74.0833,0.3636,0.4527,0.5962
299,19.2216,15.1884,0.5746,0.5261,0.4304,0.4175,19.7404,15.6588,0.5998,0.5755,0.5515,0.4878,74.0833,0.3641,0.4539,0.5952
294,19.2162,15.1882,0.5737,0.5263,0.4265,0.4168,19.7335,15.6535,0.6011,0.5758,0.5432,0.4913,74.25,0.3684,0.4529,0.5953
289,19.2152,15.1824,0.5752,0.527,0.4322,0.4171,19.7359,15.656,0.5986,0.5759,0.5459,0.4891,74.75,0.3673,0.4552,0.5958
284,19.2265,15.1935,0.5726,0.5257,0.4305,0.4155,19.7501,15.6719,0.6005,0.576,0.5413,0.4914,74.5,0.3692,0.456,0.5945
279,19.2269,15.1951,0.5729,0.5249,0.4277,0.4141,19.7395,15.6616,0.602,0.5771,0.5406,0.4933,74.1667,0.3636,0.4566,0.5962
274,19.2285,15.194,0.5728,0.5254,0.4281,0.4162,19.7308,15.6474,0.5994,0.5766,0.5506,0.4912,74.75,0.3647,0.4538,0.5955
269,19.2291,15.1955,0.5729,0.5254,0.4271,0.416,19.7392,15.6581,0.6011,0.5761,0.5538,0.4901,74.6667,0.3665,0.4487,0.5937
264,19.2263,15.1906,0.5746,0.5255,0.4304,0.4165,19.7526,15.6633,0.6029,0.577,0.5437,0.4955,75.0833,0.3641,0.4513,0.5969
259,19.2258,15.1895,0.5753,0.5256,0.4283,0.4148,19.7401,15.6612,0.6025,0.5778,0.5553,0.495,75.0833,0.3644,0.4535,0.5954
254,19.2142,15.1783,0.5724,0.5257,0.4307,0.4152,19.7622,15.6818,0.601,0.5748,0.5467,0.4889,74.75,0.3628,0.4503,0.5933
249,19.2256,15.1913,0.5739,0.5239,0.4278,0.4133,19.7417,15.6647,0.6011,0.5765,0.5445,0.492,74.25,0.3623,0.4498,0.5933
244,19.2253,15.191,0.5721,0.5245,0.4264,0.4135,19.7411,15.6623,0.5997,0.5777,0.5425,0.4951,74.4167,0.3615,0.4526,0.5938
239,19.2371,15.1975,0.5715,0.524,0.4346,0.4146,19.7447,15.6653,0.6034,0.5781,0.545,0.4947,74.5,0.3631,0.4525,0.5931
234,19.2443,15.2055,0.5713,0.5237,0.4316,0.4146,19.7585,15.6722,0.6,0.5763,0.5454,0.4963,74.4167,0.361,0.4509,0.5942
229,19.2391,15.1989,0.5702,0.5236,0.4306,0.4137,19.7536,15.6694,0.6012,0.5771,0.5503,0.4936,74.4722,0.3655,0.4515,0.5929
224,19.2386,15.2017,0.5713,0.5243,0.4332,0.415,19.7478,15.6656,0.6007,0.577,0.546,0.4897,74.3056,0.3623,0.4523,0.5941
219,19.2558,15.2125,0.5707,0.5234,0.4312,0.4146,19.75,15.6673,0.6005,0.5778,0.5402,0.4891,74.3333,0.3602,0.4499,0.5933
214,19.2505,15.2076,0.572,0.5236,0.4327,0.4154,19.7513,15.6695,0.6018,0.5759,0.5494,0.4907,73.9167,0.3618,0.4501,0.5928
209,19.2605,15.2162,0.5713,0.5229,0.4299,0.4148,19.7671,15.6786,0.5977,0.5754,0.5451,0.4891,74.1389,0.358,0.4466,0.5922
204,19.2656,15.2235,0.5709,0.5228,0.4286,0.4148,19.7844,15.6955,0.5972,0.5751,0.5458,0.4935,74.5556,0.3567,0.4505,0.5913
199,19.2721,15.2274,0.5708,0.522,0.4325,0.4153,19.7634,15.6879,0.5993,0.5762,0.5389,0.4935,74.1667,0.3535,0.4454,0.5896
194,19.2683,15.2279,0.5713,0.523,0.433,0.4152,19.7786,15.6903,0.5992,0.5775,0.541,0.4948,73.25,0.3578,0.4461,0.592
189,19.2741,15.2277,0.5687,0.5224,0.4306,0.4148,19.7751,15.695,0.6001,0.5759,0.5388,0.4919,74.4167,0.3586,0.4474,0.591
184,19.264,15.2202,0.568,0.5223,0.4292,0.415,19.7782,15.6951,0.6014,0.576,0.5508,0.4947,73.6667,0.3559,0.447,0.5901
179,19.2706,15.2258,0.568,0.5226,0.4366,0.4156,19.7875,15.7006,0.6,0.5756,0.5389,0.4929,73.1667,0.3602,0.4481,0.5903
174,19.2766,15.2327,0.5679,0.521,0.4315,0.4146,19.7738,15.6961,0.6011,0.5779,0.5484,0.4955,73.75,0.3602,0.4465,0.5901
169,19.2657,15.2214,0.5683,0.5217,0.4305,0.414,19.7799,15.704,0.5994,0.5764,0.5402,0.4904,73.9167,0.3559,0.4453,0.5898
164,19.2929,15.2461,0.5676,0.5202,0.4279,0.4136,19.7935,15.7143,0.5976,0.5744,0.5459,0.4899,73.1667,0.3567,0.4474,0.5871
159,19.3014,15.2525,0.5704,0.5209,0.4286,0.4141,19.8283,15.7421,0.598,0.5761,0.5333,0.4936,73.5833,0.3517,0.4456,0.5878
154,19.3106,15.261,0.5661,0.5188,0.4293,0.4134,19.7963,15.7219,0.5982,0.5762,0.5422,0.4968,73.3333,0.3615,0.4452,0.5873
149,19.3093,15.2624,0.5664,0.5186,0.4334,0.4123,19.8185,15.7316,0.5957,0.5737,0.5424,0.4881,73.4167,0.3535,0.4462,0.5869
144,19.3425,15.2863,0.5648,0.5173,0.4274,0.4123,19.8427,15.7576,0.5945,0.5724,0.5426,0.4919,73.25,0.3498,0.4449,0.5847
139,19.3506,15.2952,0.5631,0.5152,0.4331,0.4108,19.8753,15.7824,0.5883,0.5699,0.5395,0.4872,72.75,0.3471,0.4459,0.5838
134,19.3641,15.3053,0.5617,0.5149,0.4287,0.4104,19.8747,15.7825,0.5904,0.5682,0.5331,0.4868,73.4167,0.3567,0.447,0.5843
129,19.4103,15.3416,0.5583,0.5119,0.4237,0.409,19.9163,15.8149,0.587,0.5662,0.5385,0.4895,74.0,0.3583,0.4422,0.5826
124,19.4333,15.3639,0.5565,0.5101,0.432,0.4074,19.9384,15.8241,0.5861,0.5649,0.5286,0.4878,74.0,0.3546,0.4424,0.583
119,19.4359,15.3643,0.5565,0.5115,0.4253,0.4075,19.9182,15.8129,0.5828,0.5642,0.5339,0.4888,73.6667,0.3586,0.4388,0.583
114,19.439,15.3686,0.5555,0.5099,0.4273,0.406,19.9111,15.8111,0.5878,0.5645,0.5308,0.4875,73.6167,0.358,0.4437,0.5819
109,19.4456,15.3722,0.5558,0.51,0.4242,0.4065,19.9143,15.8125,0.5892,0.5642,0.5418,0.4879,73.25,0.3567,0.4433,0.5815
104,19.4786,15.4056,0.5509,0.5076,0.4225,0.4052,19.9361,15.8141,0.5832,0.5615,0.5328,0.4822,72.8333,0.3466,0.4428,0.5826
100,19.4733,15.4043,0.5518,0.5063,0.4211,0.4024,19.9456,15.8302,0.5823,0.5605,0.5333,0.4823,73.5,0.3522,0.44,0.5774
99,19.4735,15.4047,0.5512,0.5072,0.425,0.4041,19.9473,15.8296,0.5857,0.5616,0.5339,0.4855,73.1667,0.3511,0.4404,0.5787
98,19.4758,15.4052,0.5542,0.5066,0.4203,0.4025,19.9413,15.8253,0.5836,0.5614,0.5339,0.485,73.25,0.3586,0.4397,0.5776
97,19.4773,15.4108,0.5519,0.5069,0.4197,0.4028,19.9447,15.8263,0.5828,0.5609,0.5246,0.4873,73.4167,0.3519,0.4412,0.5773
96,19.4757,15.4088,0.5527,0.5063,0.4222,0.4023,19.9531,15.8266,0.5823,0.5598,0.527,0.4856,73.0833,0.3514,0.4404,0.5792
95,19.4762,15.4092,0.5514,0.5066,0.4191,0.4019,19.9424,15.8248,0.5827,0.5608,0.5285,0.4841,73.4167,0.3578,0.441,0.5798
94,19.48,15.4148,0.5497,0.5059,0.4231,0.4027,19.9643,15.8323,0.5851,0.5605,0.5272,0.4822,73.4167,0.3588,0.4402,0.5789
93,19.4887,15.421,0.5523,0.5063,0.4189,0.4027,19.9771,15.8531,0.5842,0.5609,0.5301,0.4809,72.6667,0.3541,0.439,0.5797
92,19.4845,15.4179,0.5523,0.5066,0.4182,0.4026,19.978,15.858,0.581,0.5602,0.5253,0.4837,73.8333,0.3575,0.4405,0.5794
91,19.4719,15.4113,0.5504,0.5056,0.4193,0.4024,19.9805,15.8536,0.5821,0.559,0.5246,0.483,73.6667,0.361,0.439,0.5796
90,19.4765,15.4143,0.5522,0.5063,0.4147,0.401,19.9698,15.8465,0.5813,0.56,0.5245,0.484,73.75,0.3607,0.4388,0.58
89,19.4885,15.4222,0.5518,0.5057,0.4188,0.4021,19.9809,15.8583,0.5854,0.5604,0.5292,0.4794,73.0833,0.3554,0.4359,0.5795
88,19.5035,15.434,0.5495,0.504,0.42,0.4005,20.0079,15.8772,0.583,0.5582,0.5219,0.4762,73.1667,0.3479,0.4339,0.5793
87,19.4848,15.4144,0.5507,0.5045,0.4191,0.4029,19.9886,15.8602,0.5825,0.5586,0.5201,0.4788,74.0,0.3527,0.4351,0.5783
86,19.5136,15.4341,0.5485,0.5037,0.4162,0.4014,20.0135,15.8832,0.5828,0.5577,0.5212,0.4734,73.1667,0.3463,0.4367,0.5781
85,19.5229,15.4445,0.5475,0.5026,0.4117,0.4001,20.0365,15.9032,0.5836,0.5556,0.5188,0.4727,73.25,0.3471,0.4344,0.5761
84,19.5279,15.4493,0.5477,0.5026,0.4153,0.4011,20.0305,15.8915,0.5813,0.5558,0.5168,0.4695,73.5,0.3471,0.4305,0.5757
83,19.5257,15.4497,0.5478,0.5025,0.4159,0.4004,19.9934,15.8591,0.5851,0.5579,0.5191,0.4725,73.9167,0.3456,0.4324,0.5774
82,19.5395,15.4601,0.5472,0.5016,0.4173,0.3992,20.0127,15.8889,0.5811,0.5548,0.5177,0.4708,72.5833,0.3479,0.4295,0.5745
81,19.5551,15.4661,0.5428,0.5002,0.4137,0.399,20.0129,15.8821,0.5866,0.559,0.5197,0.4745,73.5833,0.3498,0.4323,0.574
80,19.561,15.4705,0.5444,0.4991,0.4148,0.399,20.0109,15.8782,0.5886,0.5584,0.5223,0.4753,73.5833,0.3522,0.4335,0.5739
79,19.556,15.462,0.5427,0.4999,0.4176,0.3992,19.9741,15.846,0.5856,0.5589,0.5301,0.4724,73.8333,0.3535,0.4352,0.5757
78,19.5675,15.4692,0.5422,0.4991,0.416,0.3985,19.9537,15.8286,0.5865,0.5609,0.5266,0.4739,73.9167,0.3519,0.4373,0.5756
77,19.5617,15.4672,0.5417,0.4998,0.4201,0.3999,19.9741,15.8468,0.5845,0.5592,0.5272,0.472,74.0833,0.3469,0.4349,0.5756
76,19.5646,15.4672,0.5439,0.4997,0.4148,0.4002,19.9565,15.8387,0.586,0.5594,0.5301,0.4736,74.0833,0.3546,0.4365,0.5752
75,19.5632,15.4694,0.5431,0.4991,0.4208,0.3994,19.9757,15.8468,0.5847,0.5576,0.5338,0.4683,74.1667,0.3509,0.4332,0.5738
74,19.5622,15.4699,0.543,0.4996,0.4201,0.3996,19.9552,15.8342,0.5858,0.5584,0.534,0.4717,73.5833,0.3535,0.4351,0.5733
73,19.5763,15.4785,0.5443,0.4984,0.4181,0.3987,19.9615,15.8416,0.5857,0.5585,0.5297,0.4722,74.4167,0.3525,0.4309,0.5723
72,19.5855,15.4882,0.5437,0.4987,0.4197,0.3997,19.9696,15.8507,0.5862,0.5583,0.5362,0.474,74.4167,0.3479,0.4316,0.5732
71,19.5653,15.4712,0.5423,0.499,0.4165,0.3985,19.9808,15.859,0.5858,0.557,0.5233,0.4702,73.8333,0.349,0.432,0.5736
70,19.5724,15.4791,0.5443,0.499,0.4195,0.3996,19.9751,15.8557,0.5845,0.5561,0.527,0.471,73.3889,0.3424,0.4254,0.5725
69,19.5842,15.4886,0.543,0.4988,0.4191,0.3995,19.985,15.8585,0.5824,0.5562,0.5291,0.471,73.2222,0.3421,0.4262,0.5719
68,19.5836,15.4874,0.5406,0.4979,0.4183,0.3975,19.9744,15.8547,0.5812,0.5556,0.5277,0.4692,73.0833,0.3381,0.4244,0.572
67,19.6186,15.5072,0.5375,0.4966,0.4168,0.3971,19.9743,15.8554,0.576,0.5553,0.524,0.4683,73.3333,0.3378,0.4268,0.571
66,19.6277,15.5172,0.5405,0.4951,0.414,0.398,20.0054,15.8856,0.5754,0.5542,0.5221,0.4672,72.9167,0.3363,0.427,0.571
65,19.6358,15.5246,0.5389,0.495,0.4182,0.398,20.0039,15.8876,0.5757,0.5544,0.5231,0.47,72.7222,0.3325,0.4271,0.5702
64,19.6335,15.5233,0.5375,0.4946,0.4188,0.3988,20.005,15.8917,0.577,0.5541,0.5194,0.4679,72.8889,0.3397,0.4312,0.5687
63,19.6447,15.5318,0.5376,0.4939,0.42,0.398,20.011,15.8924,0.5748,0.554,0.5212,0.4702,72.6667,0.3355,0.4286,0.5689
62,19.6439,15.5332,0.5369,0.4926,0.4165,0.395,19.995,15.8846,0.5771,0.5535,0.5212,0.4677,72.8333,0.3386,0.4292,0.5685
61,19.6527,15.5382,0.5373,0.4933,0.4117,0.3962,20.0027,15.8871,0.5777,0.5543,0.5144,0.468,72.8333,0.3389,0.4284,0.57
60,19.6791,15.5562,0.5346,0.4917,0.4105,0.3953,20.0383,15.9215,0.5728,0.5505,0.5119,0.4643,72.5833,0.3429,0.4267,0.5645
59,19.6933,15.5691,0.5346,0.4911,0.4126,0.3951,20.0703,15.9514,0.5711,0.5492,0.5066,0.4657,72.4444,0.3349,0.4276,0.5664
58,19.6949,15.5695,0.5324,0.4899,0.4125,0.395,20.0927,15.9646,0.5659,0.5483,0.4994,0.4635,72.6667,0.3371,0.4202,0.5656
57,19.7036,15.5749,0.5335,0.491,0.4163,0.3955,20.1055,15.981,0.5704,0.5472,0.5023,0.4615,72.9722,0.332,0.421,0.5658
56,19.7211,15.5923,0.5308,0.4883,0.4167,0.3941,20.1718,16.0017,0.5707,0.5478,0.5051,0.4633,72.6111,0.3365,0.4214,0.5711
55,19.7301,15.6008,0.5267,0.4863,0.41,0.3924,20.1727,15.9994,0.5745,0.5495,0.5117,0.4636,73.4167,0.3378,0.4267,0.5708
54,19.7604,15.6232,0.5276,0.4857,0.4048,0.388,20.1791,16.008,0.5732,0.5479,0.5063,0.4539,73.1667,0.3389,0.4211,0.5686
53,19.7498,15.6097,0.5266,0.484,0.4086,0.3847,20.2458,16.0353,0.5688,0.5456,0.5024,0.4554,72.1667,0.3357,0.4211,0.5728
52,19.7882,15.6455,0.5239,0.4814,0.4054,0.3834,20.2324,16.0372,0.5686,0.5435,0.5004,0.4521,72.5,0.3256,0.4189,0.5695
51,19.7876,15.6425,0.5239,0.4819,0.4014,0.3835,20.2852,16.0675,0.5683,0.5433,0.5018,0.4553,72.75,0.327,0.4166,0.5695
50,19.7954,15.6539,0.5221,0.4797,0.4007,0.3818,20.3229,16.0874,0.5667,0.5412,0.5045,0.4519,72.6667,0.3331,0.4151,0.5718
49,19.7963,15.6565,0.5206,0.4786,0.4022,0.3807,20.3531,16.1068,0.5643,0.5388,0.4951,0.4491,72.1667,0.3309,0.4134,0.5711
48,19.8202,15.6763,0.5194,0.4774,0.4045,0.3812,20.3797,16.128,0.564,0.5374,0.4906,0.4494,72.0833,0.328,0.4139,0.5686
47,19.7989,15.6596,0.5161,0.475,0.3999,0.3785,20.3943,16.1436,0.5637,0.5357,0.491,0.4465,72.5833,0.3304,0.4112,0.5665
46,19.8418,15.6947,0.5098,0.4719,0.4062,0.3769,20.4181,16.1711,0.5582,0.5336,0.4987,0.4461,72.1667,0.327,0.4054,0.5605
45,19.876,15.7218,0.5069,0.468,0.3962,0.3709,20.4432,16.1945,0.56,0.5314,0.498,0.4423,72.2778,0.3214,0.4105,0.5599
44,19.8938,15.7395,0.5065,0.4678,0.3984,0.3708,20.4434,16.1953,0.5576,0.5308,0.4957,0.4401,71.0833,0.3129,0.4053,0.5621
43,19.8942,15.7376,0.5061,0.4662,0.394,0.37,20.4248,16.1932,0.5577,0.5305,0.4932,0.4416,71.6667,0.3161,0.4057,0.5617
42,19.9098,15.7488,0.5025,0.4652,0.3908,0.371,20.412,16.1726,0.5589,0.5322,0.4985,0.4373,71.1667,0.3174,0.4016,0.56
41,19.9345,15.7721,0.5018,0.4637,0.3855,0.3708,20.4414,16.1947,0.5575,0.5316,0.4845,0.441,72.25,0.3208,0.4069,0.561
40,19.9316,15.7643,0.5038,0.4644,0.3849,0.3705,20.4253,16.1881,0.5562,0.5318,0.4864,0.4423,72.0833,0.3124,0.4049,0.5632
39,19.9592,15.7888,0.5006,0.4622,0.3874,0.3697,20.4664,16.2333,0.5565,0.5296,0.4945,0.4441,72.0833,0.3068,0.3983,0.5603
38,20.0364,15.8544,0.4956,0.4571,0.3877,0.3663,20.536,16.3145,0.5477,0.5256,0.4869,0.4357,71.3889,0.3124,0.3954,0.5527
37,20.1114,15.9258,0.4924,0.4543,0.3876,0.366,20.8003,16.5151,0.5487,0.5234,0.4671,0.4371,71.3333,0.3142,0.3996,0.5459
36,20.1424,15.9515,0.4912,0.4525,0.3821,0.3629,20.829,16.533,0.5501,0.5224,0.4638,0.4334,71.75,0.3211,0.3965,0.5426
35,20.1476,15.9721,0.4898,0.4504,0.377,0.3576,20.8319,16.5476,0.5551,0.522,0.4763,0.4339,71.1667,0.3293,0.4016,0.5421
34,20.1508,15.9733,0.4889,0.4513,0.3811,0.3575,20.8095,16.5441,0.5539,0.5242,0.4697,0.4341,71.1,0.3307,0.3987,0.5427
33,20.1866,16.0049,0.4869,0.4487,0.3782,0.3555,20.8552,16.5773,0.5474,0.5217,0.4786,0.4366,71.8333,0.3267,0.3948,0.5376
32,20.2019,16.0163,0.4844,0.4481,0.374,0.3538,20.874,16.6006,0.5481,0.5211,0.4722,0.4348,72.0833,0.3296,0.3948,0.5374
31,20.2004,16.0126,0.4833,0.4487,0.376,0.3521,20.8886,16.618,0.5493,0.5206,0.4617,0.4372,71.5833,0.3309,0.3947,0.537
30,20.2424,16.0463,0.4819,0.4456,0.3736,0.3499,20.9145,16.6233,0.5417,0.5164,0.4703,0.4319,70.5167,0.3272,0.395,0.5359
29,20.2387,16.0455,0.4815,0.4469,0.3733,0.3512,20.961,16.675,0.5396,0.5131,0.4707,0.4267,70.1667,0.3203,0.3947,0.5312
28,20.2595,16.0628,0.4785,0.445,0.3697,0.3475,20.9482,16.6621,0.5408,0.5131,0.4501,0.4259,69.6667,0.3208,0.3908,0.5318
27,20.2919,16.0925,0.4776,0.4428,0.3696,0.3481,21.0247,16.7233,0.5378,0.5076,0.4434,0.4192,69.0833,0.319,0.3874,0.522
26,20.3723,16.1591,0.4731,0.437,0.3655,0.3431,21.2397,16.8795,0.5241,0.4957,0.4131,0.4042,68.4167,0.3116,0.3839,0.5116
25,20.44,16.2172,0.4651,0.4305,0.3594,0.3387,21.3411,16.9688,0.5191,0.4902,0.4058,0.403,68.0833,0.306,0.3769,0.507
24,20.4093,16.1913,0.465,0.4309,0.3623,0.3385,21.3379,16.9624,0.5181,0.4876,0.4235,0.407,68.25,0.3004,0.3803,0.5051
23,20.4284,16.2046,0.4668,0.4299,0.3615,0.3366,21.3956,17.0045,0.5004,0.4811,0.4257,0.4055,68.0,0.2876,0.3773,0.5026
22,20.5167,16.2781,0.4569,0.4214,0.3543,0.3298,21.521,17.117,0.491,0.4672,0.4259,0.3926,67.8333,0.2773,0.364,0.4939
21,20.5101,16.2786,0.4531,0.4195,0.352,0.3292,21.528,17.1287,0.4909,0.4673,0.4314,0.3919,68.25,0.2829,0.3691,0.4959
20,20.5885,16.3504,0.4448,0.4119,0.3524,0.3259,21.5472,17.1636,0.499,0.4665,0.4272,0.388,68.75,0.285,0.3683,0.4872
19,20.6517,16.3986,0.4373,0.4072,0.3463,0.3236,21.6679,17.2494,0.4892,0.4593,0.415,0.3757,68.3333,0.285,0.37,0.4847
18,20.7375,16.4745,0.4284,0.3983,0.3391,0.3156,21.7208,17.2788,0.4832,0.4564,0.4018,0.3735,68.4167,0.3039,0.3693,0.4904
17,21.2282,16.8898,0.4079,0.3764,0.3285,0.3017,21.7385,17.5135,0.4601,0.425,0.3938,0.3591,65.9167,0.2582,0.3422,0.4368
16,21.289,16.9435,0.3991,0.3698,0.3181,0.2922,21.7773,17.5205,0.4513,0.4214,0.3785,0.3405,65.0833,0.2595,0.3485,0.4371
15,21.357,16.9971,0.3969,0.3674,0.312,0.2892,21.7659,17.5076,0.4524,0.4223,0.3913,0.3388,65.0,0.2608,0.3494,0.4417
14,21.5088,17.1251,0.3773,0.3504,0.2958,0.281,21.9906,17.7095,0.4258,0.3998,0.3818,0.3322,64.7778,0.234,0.3246,0.4205
13,21.5684,17.1707,0.3673,0.3436,0.2991,0.2767,21.8727,17.6227,0.4371,0.4027,0.3664,0.3301,65.0,0.2356,0.3332,0.4262
12,21.6339,17.2267,0.3584,0.3381,0.2941,0.2733,21.8812,17.6191,0.4271,0.4045,0.3765,0.3377,63.5833,0.2311,0.3323,0.4244
11,21.7502,17.322,0.3471,0.3261,0.2852,0.2647,22.0649,17.7695,0.4161,0.3889,0.3849,0.3345,62.5833,0.2143,0.3223,0.4121
10,21.8366,17.4194,0.3384,0.3128,0.2703,0.2541,22.6816,18.2542,0.37,0.3482,0.3619,0.3197,62.1167,0.1827,0.3072,0.358
