obs,stat,cell,group,sub,value,err,n_positions,n_duplexes,n_replicates
Buckle,mean,D:R@A,D:R,A,7.5463854684227645,0.30455923547072605,2050,206,5
Buckle,sd,D:R@A,D:R,A,10.88586459779304,,2050,206,5
Buckle,mean,D:R@C,D:R,C,9.076261779018914,0.2113315055883769,2256,216,5
Buckle,sd,D:R@C,D:R,C,9.74056942626492,,2256,216,5
Buckle,mean,D:R@G,D:R,G,4.684185559664928,0.20067261834178154,2109,209,5
Buckle,sd,D:R@G,D:R,G,10.301378260006066,,2109,209,5
Buckle,mean,D:R@T,D:R,T,7.646364325559588,0.1874510267037801,2204,216,5
Buckle,sd,D:R@T,D:R,T,9.954311136906394,,2204,216,5
Buckle,mean,E:R@A,E:R,A,-4.839889938468469,0.1591088322560859,1480,133,5
Buckle,sd,E:R@A,E:R,A,9.040621899085115,,1480,133,5
Buckle,mean,E:R@C,E:R,C,-2.8397543933104243,0.146277268614355,1455,131,5
Buckle,sd,E:R@C,E:R,C,7.625482333215968,,1455,131,5
Buckle,mean,E:R@G,E:R,G,-5.734841467319347,0.1831880373108048,1430,129,5
Buckle,sd,E:R@G,E:R,G,8.420616409837777,,1430,129,5
Buckle,mean,E:R@T,E:R,T,-4.55715877324625,0.19372971408842313,1378,126,5
Buckle,sd,E:R@T,E:R,T,8.094799996448923,,1378,126,5
Buckle,mean,M:R@A,M:R,A,-2.115890189533239,0.22500106315591703,1414,128,5
Buckle,sd,M:R@A,M:R,A,9.072007760269857,,1414,128,5
Buckle,mean,M:R@C,M:R,C,5.413264456161617,0.24524243128527623,1485,130,5
Buckle,sd,M:R@C,M:R,C,8.527590477328033,,1485,130,5
Buckle,mean,M:R@G,M:R,G,-2.6394817486621314,0.19144053140585732,1470,132,5
Buckle,sd,M:R@G,M:R,G,8.548528609293498,,1470,132,5
Buckle,mean,M:R@T,M:R,T,0.9397279811855052,0.26717577722024666,1389,128,5
Buckle,sd,M:R@T,M:R,T,8.675938564638415,,1389,128,5
Buckle,mean,R:R@A,R:R,A,-0.5738134466297322,0.18254200896769038,722,48,5
Buckle,sd,R:R@A,R:R,A,9.346652617327589,,722,48,5
Buckle,mean,R:R@C,R:R,C,2.246361691296296,0.25039321947698784,720,48,5
Buckle,sd,R:R@C,R:R,C,8.878837229081784,,720,48,5
Buckle,mean,R:R@G,R:R,G,-2.099916873891175,0.19184771660696479,729,48,5
Buckle,sd,R:R@G,R:R,G,8.868271168705158,,729,48,5
Buckle,mean,R:R@T,R:R,T,0.5335129488857279,0.19796968202406087,703,48,5
Buckle,sd,R:R@T,R:R,T,9.349167682524737,,703,48,5
HB,mean,D:R@A,D:R,A,1.953913170731707,0.001954173295314103,2050,206,5
HB,sd,D:R@A,D:R,A,0.19670256319740637,,2050,206,5
HB,mean,D:R@C,D:R,C,2.9701332742316784,0.003608086533280265,2256,216,5
HB,sd,D:R@C,D:R,C,0.12772606211544682,,2256,216,5
HB,mean,D:R@G,D:R,G,2.9860050576892685,0.000739252066444162,2109,209,5
HB,sd,D:R@G,D:R,G,0.11488032901139981,,2109,209,5
HB,mean,D:R@T,D:R,T,1.9521957047791891,0.0018998734897803565,2204,216,5
HB,sd,D:R@T,D:R,T,0.19704721987240853,,2204,216,5
HB,mean,E:R@A,E:R,A,1.9310301801801797,0.004271601937624801,1480,133,5
HB,sd,E:R@A,E:R,A,0.2269113279508846,,1480,133,5
HB,mean,E:R@C,E:R,C,2.996049942726232,0.0001831171546947101,1455,131,5
HB,sd,E:R@C,E:R,C,0.06131873224125635,,1455,131,5
HB,mean,E:R@G,E:R,G,2.9627804195804193,0.0019580713677228375,1430,129,5
HB,sd,E:R@G,E:R,G,0.19431596510185745,,1430,129,5
HB,mean,E:R@T,E:R,T,1.9665829704886306,0.00215391854575329,1378,126,5
HB,sd,E:R@T,E:R,T,0.16660112481176356,,1378,126,5
HB,mean,M:R@A,M:R,A,1.9537774634606315,0.0019329494255531144,1414,128,5
HB,sd,M:R@A,M:R,A,0.19900929922245045,,1414,128,5
HB,mean,M:R@C,M:R,C,2.9811744107744107,0.0010364568085691115,1485,130,5
HB,sd,M:R@C,M:R,C,0.151550505175852,,1485,130,5
HB,mean,M:R@G,M:R,G,2.986307482993197,0.0006743262681040324,1470,132,5
HB,sd,M:R@G,M:R,G,0.11488491931181363,,1470,132,5
HB,mean,M:R@T,M:R,T,1.9838953683705298,0.000728661210432581,1389,128,5
HB,sd,M:R@T,M:R,T,0.11938633356239797,,1389,128,5
HB,mean,R:R@A,R:R,A,1.9373268698060941,0.0027901939891631033,722,48,5
HB,sd,R:R@A,R:R,A,0.23954488647986022,,722,48,5
HB,mean,R:R@C,R:R,C,2.9893046296296295,0.0006815619938017858,720,48,5
HB,sd,R:R@C,R:R,C,0.10152827201685714,,720,48,5
HB,mean,R:R@G,R:R,G,2.989232738911751,0.0007290899015171932,729,48,5
HB,sd,R:R@G,R:R,G,0.10242857350815847,,729,48,5
HB,mean,R:R@T,R:R,T,1.9371493598862017,0.0024655371697949813,703,48,5
HB,sd,R:R@T,R:R,T,0.24244554617882227,,703,48,5
Major,mean,D:R@A,D:R,A,19.592593791707312,0.01802490574958945,2050,206,5
Major,sd,D:R@A,D:R,A,0.826692057557302,,2050,206,5
Major,mean,D:R@C,D:R,C,19.537750634485818,0.013451612066951103,2256,216,5
Major,sd,D:R@C,D:R,C,0.5413852686357334,,2256,216,5
Major,mean,D:R@G,D:R,G,19.712434436099254,0.01567959502304213,2109,209,5
Major,sd,D:R@G,D:R,G,0.6424339983622891,,2109,209,5
Major,mean,D:R@T,D:R,T,19.548452845462794,0.01304098167909136,2204,216,5
Major,sd,D:R@T,D:R,T,0.6870956841547877,,2204,216,5
Major,mean,E:R@A,E:R,A,19.739262058738735,0.010093229374033928,1480,133,5
Major,sd,E:R@A,E:R,A,0.9524840741293673,,1480,133,5
Major,mean,E:R@C,E:R,C,19.476761653837343,0.008674951694841922,1455,131,5
Major,sd,E:R@C,E:R,C,0.5566861289836875,,1455,131,5
Major,mean,E:R@G,E:R,G,19.841845838461538,0.008399483164572927,1430,129,5
Major,sd,E:R@G,E:R,G,0.5259239169244867,,1430,129,5
Major,mean,E:R@T,E:R,T,19.498292316594096,0.01804968565036601,1378,126,5
Major,sd,E:R@T,E:R,T,0.8249856750934347,,1378,126,5
Major,mean,M:R@A,M:R,A,18.858000999339936,0.009227816280475863,1414,128,5
Major,sd,M:R@A,M:R,A,0.7364641556031362,,1414,128,5
Major,mean,M:R@C,M:R,C,18.826151952143658,0.006431012293682599,1485,130,5
Major,sd,M:R@C,M:R,C,0.46252248436624877,,1485,130,5
Major,mean,M:R@G,M:R,G,18.848390944126983,0.006429951173824631,1470,132,5
Major,sd,M:R@G,M:R,G,0.522430352418416,,1470,132,5
Major,mean,M:R@T,M:R,T,18.874638891576673,0.007279470350621594,1389,128,5
Major,sd,M:R@T,M:R,T,0.5266654537705767,,1389,128,5
Major,mean,R:R@A,R:R,A,19.032305348199447,0.012511050539712798,722,48,5
Major,sd,R:R@A,R:R,A,0.9733465573203081,,722,48,5
Major,mean,R:R@C,R:R,C,18.976002886296296,0.006515133124861011,720,48,5
Major,sd,R:R@C,R:R,C,0.5283696031084893,,720,48,5
Major,mean,R:R@G,R:R,G,18.984501759853682,0.004791856626306891,729,48,5
Major,sd,R:R@G,R:R,G,0.5279067681191976,,729,48,5
Major,mean,R:R@T,R:R,T,19.031879753532483,0.012890299915272472,703,48,5
Major,sd,R:R@T,R:R,T,1.0302767965350283,,703,48,5
Minor,mean,D:R@A,D:R,A,12.8348352860813,0.012162191090652353,2050,206,5
Minor,sd,D:R@A,D:R,A,0.5434695609461214,,2050,206,5
Minor,mean,D:R@C,D:R,C,13.096111545596926,0.005455897665128615,2256,216,5
Minor,sd,D:R@C,D:R,C,0.2669777749288098,,2256,216,5
Minor,mean,D:R@G,D:R,G,13.080139516453295,0.005932564930546655,2109,209,5
Minor,sd,D:R@G,D:R,G,0.29537969646425066,,2109,209,5
Minor,mean,D:R@T,D:R,T,12.99199505892317,0.005227375553132251,2204,216,5
Minor,sd,D:R@T,D:R,T,0.43688948975266384,,2204,216,5
Minor,mean,E:R@A,E:R,A,13.279572617702703,0.00637589605480522,1480,133,5
Minor,sd,E:R@A,E:R,A,0.5830539029127478,,1480,133,5
Minor,mean,E:R@C,E:R,C,13.453364932325316,0.0013722980920746353,1455,131,5
Minor,sd,E:R@C,E:R,C,0.15305429780948746,,1455,131,5
Minor,mean,E:R@G,E:R,G,13.416729353473194,0.0016581779030799537,1430,129,5
Minor,sd,E:R@G,E:R,G,0.18725197857504447,,1430,129,5
Minor,mean,E:R@T,E:R,T,13.306235937252056,0.011031827584069316,1378,126,5
Minor,sd,E:R@T,E:R,T,0.4691889743640411,,1378,126,5
Minor,mean,M:R@A,M:R,A,13.293452359264498,0.007149537640470627,1414,128,5
Minor,sd,M:R@A,M:R,A,0.43998794431589017,,1414,128,5
Minor,mean,M:R@C,M:R,C,13.410215096386082,0.002582026202966253,1485,130,5
Minor,sd,M:R@C,M:R,C,0.1799841245973013,,1485,130,5
Minor,mean,M:R@G,M:R,G,13.428116096235827,0.0016341870701012328,1470,132,5
Minor,sd,M:R@G,M:R,G,0.17112604478429846,,1470,132,5
Minor,mean,M:R@T,M:R,T,13.365892513270936,0.0035364452297648743,1389,128,5
Minor,sd,M:R@T,M:R,T,0.31054256571431854,,1389,128,5
Minor,mean,R:R@A,R:R,A,13.281671146537397,0.011442883435698176,722,48,5
Minor,sd,R:R@A,R:R,A,0.6285570710794198,,722,48,5
Minor,mean,R:R@C,R:R,C,13.452394777500002,0.0016444866606338115,720,48,5
Minor,sd,R:R@C,R:R,C,0.17126867297746168,,720,48,5
Minor,mean,R:R@G,R:R,G,13.452558130132603,0.0012783019319733261,729,48,5
Minor,sd,R:R@G,R:R,G,0.1700325441811662,,729,48,5
Minor,mean,R:R@T,R:R,T,13.272125837079184,0.009312328912382916,703,48,5
Minor,sd,R:R@T,R:R,T,0.6686453930672367,,703,48,5
Opening,mean,D:R@A,D:R,A,0.4835728112520325,0.05534653565533911,2050,206,5
Opening,sd,D:R@A,D:R,A,5.97369738235799,,2050,206,5
Opening,mean,D:R@C,D:R,C,0.9964195863475178,0.07391777136588773,2256,216,5
Opening,sd,D:R@C,D:R,C,3.864983122667714,,2256,216,5
Opening,mean,D:R@G,D:R,G,-0.442887502038881,0.0216020354884608,2109,209,5
Opening,sd,D:R@G,D:R,G,3.6568834161054053,,2109,209,5
Opening,mean,D:R@T,D:R,T,1.0191098075922567,0.06432779527821253,2204,216,5
Opening,sd,D:R@T,D:R,T,5.777315922737706,,2204,216,5
Opening,mean,E:R@A,E:R,A,1.4242351762857821,0.05482445492033833,1480,133,5
Opening,sd,E:R@A,E:R,A,5.671365813460646,,1480,133,5
Opening,mean,E:R@C,E:R,C,0.16600201585337915,0.024328086820014017,1455,131,5
Opening,sd,E:R@C,E:R,C,3.072687656269841,,1455,131,5
Opening,mean,E:R@G,E:R,G,0.7871056462937063,0.047457187990060594,1430,129,5
Opening,sd,E:R@G,E:R,G,4.188429413736491,,1430,129,5
Opening,mean,E:R@T,E:R,T,0.515741782535075,0.056562712442401845,1378,126,5
Opening,sd,E:R@T,E:R,T,5.257421710163611,,1378,126,5
Opening,mean,M:R@A,M:R,A,1.2716234521452146,0.06359922013611899,1414,128,5
Opening,sd,M:R@A,M:R,A,5.465902853440275,,1414,128,5
Opening,mean,M:R@C,M:R,C,1.1591204734904603,0.0440902875545944,1485,130,5
Opening,sd,M:R@C,M:R,C,3.5320962738839135,,1485,130,5
Opening,mean,M:R@G,M:R,G,0.2856392783673469,0.02949868226656615,1470,132,5
Opening,sd,M:R@G,M:R,G,3.53692339757009,,1470,132,5
Opening,mean,M:R@T,M:R,T,0.006173448956083523,0.055594249676971685,1389,128,5
Opening,sd,M:R@T,M:R,T,4.962062908240997,,1389,128,5
Opening,mean,R:R@A,R:R,A,1.008819490120037,0.07110697588867951,722,48,5
Opening,sd,R:R@A,R:R,A,5.935735342135445,,722,48,5
Opening,mean,R:R@C,R:R,C,-0.2246721462037037,0.02229628931882733,720,48,5
Opening,sd,R:R@C,R:R,C,3.4955501975796865,,720,48,5
Opening,mean,R:R@G,R:R,G,-0.2041452642889803,0.02541132087384134,729,48,5
Opening,sd,R:R@G,R:R,G,3.4812172493699127,,729,48,5
Opening,mean,R:R@T,R:R,T,1.0124379274537696,0.06704283088205508,703,48,5
Opening,sd,R:R@T,R:R,T,5.939770503213576,,703,48,5
Propeller,mean,D:R@A,D:R,A,-8.775634842439024,0.18818441805408717,2050,206,5
Propeller,sd,D:R@A,D:R,A,8.848139075526447,,2050,206,5
Propeller,mean,D:R@C,D:R,C,-11.419138251329786,0.2662776329861159,2256,216,5
Propeller,sd,D:R@C,D:R,C,8.391201104035916,,2256,216,5
Propeller,mean,D:R@G,D:R,G,-6.3139535036826295,0.16644381975717532,2109,209,5
Propeller,sd,D:R@G,D:R,G,8.645989121754596,,2109,209,5
Propeller,mean,D:R@T,D:R,T,-11.260292892558983,0.22538567881735624,2204,216,5
Propeller,sd,D:R@T,D:R,T,8.389087405263295,,2204,216,5
Propeller,mean,E:R@A,E:R,A,-7.524451692297297,0.12423126691564407,1480,133,5
Propeller,sd,E:R@A,E:R,A,8.217991948643371,,1480,133,5
Propeller,mean,E:R@C,E:R,C,-7.950310517617411,0.16376098907909528,1455,131,5
Propeller,sd,E:R@C,E:R,C,7.2906804863904,,1455,131,5
Propeller,mean,E:R@G,E:R,G,-6.532601011235431,0.1560546047003019,1430,129,5
Propeller,sd,E:R@G,E:R,G,8.013252657348609,,1430,129,5
Propeller,mean,E:R@T,E:R,T,-8.522139652152877,0.20274095299602726,1378,126,5
Propeller,sd,E:R@T,E:R,T,7.587670492591024,,1378,126,5
Propeller,mean,M:R@A,M:R,A,-6.835659562894861,0.23032687799503537,1414,128,5
Propeller,sd,M:R@A,M:R,A,8.391664643448403,,1414,128,5
Propeller,mean,M:R@C,M:R,C,-10.987840509988779,0.26967268615031775,1485,130,5
Propeller,sd,M:R@C,M:R,C,7.4563293165201046,,1485,130,5
Propeller,mean,M:R@G,M:R,G,-7.319293442040816,0.22046802876314156,1470,132,5
Propeller,sd,M:R@G,M:R,G,8.213674338605756,,1470,132,5
Propeller,mean,M:R@T,M:R,T,-10.189892963234941,0.288338254243745,1389,128,5
Propeller,sd,M:R@T,M:R,T,7.770837928785558,,1389,128,5
Propeller,mean,R:R@A,R:R,A,-10.588346354939981,0.17838651287385554,722,48,5
Propeller,sd,R:R@A,R:R,A,8.380571809312304,,722,48,5
Propeller,mean,R:R@C,R:R,C,-9.436478592222223,0.162999298507601,720,48,5
Propeller,sd,R:R@C,R:R,C,8.011906601809445,,720,48,5
Propeller,mean,R:R@G,R:R,G,-9.150914162962962,0.12037086041587136,729,48,5
Propeller,sd,R:R@G,R:R,G,8.021808971112566,,729,48,5
Propeller,mean,R:R@T,R:R,T,-10.661548675580844,0.16751800245491769,703,48,5
Propeller,sd,R:R@T,R:R,T,8.385696898704264,,703,48,5
Shear,mean,D:R@A,D:R,A,0.12032353769105687,0.003953204835880129,2050,206,5
Shear,sd,D:R@A,D:R,A,0.3182733989831267,,2050,206,5
Shear,mean,D:R@C,D:R,C,0.16734809021867608,0.006211254434443039,2256,216,5
Shear,sd,D:R@C,D:R,C,0.3888680593751327,,2256,216,5
Shear,mean,D:R@G,D:R,G,-0.07406555969653862,0.0022778083889445342,2109,209,5
Shear,sd,D:R@G,D:R,G,0.34688341912107673,,2109,209,5
Shear,mean,D:R@T,D:R,T,-0.020527998850574703,0.003931564957747007,2204,216,5
Shear,sd,D:R@T,D:R,T,0.30610481431422115,,2204,216,5
Shear,mean,E:R@A,E:R,A,0.009050146396396362,0.008929697424082119,1480,133,5
Shear,sd,E:R@A,E:R,A,0.33637305273404045,,1480,133,5
Shear,mean,E:R@C,E:R,C,0.052778351340206156,0.003133870750243808,1455,131,5
Shear,sd,E:R@C,E:R,C,0.33579220503861396,,1455,131,5
Shear,mean,E:R@G,E:R,G,-0.2398962699300699,0.00516488144681022,1430,129,5
Shear,sd,E:R@G,E:R,G,0.39751224615366526,,1430,129,5
Shear,mean,E:R@T,E:R,T,-0.07801006942428639,0.002745025486143717,1378,126,5
Shear,sd,E:R@T,E:R,T,0.2858285742731336,,1378,126,5
Shear,mean,M:R@A,M:R,A,0.03653294738330974,0.004304236538565513,1414,128,5
Shear,sd,M:R@A,M:R,A,0.3150148877497972,,1414,128,5
Shear,mean,M:R@C,M:R,C,-0.03199538154882154,0.005389039608488043,1485,130,5
Shear,sd,M:R@C,M:R,C,0.42444573986323314,,1485,130,5
Shear,mean,M:R@G,M:R,G,-0.16231017029478453,0.0028814477217629147,1470,132,5
Shear,sd,M:R@G,M:R,G,0.3458785750771361,,1470,132,5
Shear,mean,M:R@T,M:R,T,-0.15865518891288694,0.002268923285349254,1389,128,5
Shear,sd,M:R@T,M:R,T,0.28276588052120233,,1389,128,5
Shear,mean,R:R@A,R:R,A,0.06685255891043394,0.003988292731140732,722,48,5
Shear,sd,R:R@A,R:R,A,0.3189945431277078,,722,48,5
Shear,mean,R:R@C,R:R,C,0.14758002074074072,0.00279462934910858,720,48,5
Shear,sd,R:R@C,R:R,C,0.3408317701927367,,720,48,5
Shear,mean,R:R@G,R:R,G,-0.14274229245541833,0.0028639639291057903,729,48,5
Shear,sd,R:R@G,R:R,G,0.34152218637748893,,729,48,5
Shear,mean,R:R@T,R:R,T,-0.07082560237079182,0.002687979598784837,703,48,5
Shear,sd,R:R@T,R:R,T,0.3131755458258467,,703,48,5
Stagger,mean,D:R@A,D:R,A,0.01711358172357723,0.007592928971209992,2050,206,5
Stagger,sd,D:R@A,D:R,A,0.46881344765447375,,2050,206,5
Stagger,mean,D:R@C,D:R,C,-0.12876405011820327,0.006574134550927461,2256,216,5
Stagger,sd,D:R@C,D:R,C,0.454945321534165,,2256,216,5
Stagger,mean,D:R@G,D:R,G,0.05698270595859016,0.008140110139869067,2109,209,5
Stagger,sd,D:R@G,D:R,G,0.4311542422194783,,2109,209,5
Stagger,mean,D:R@T,D:R,T,-0.05003468660012099,0.007500307367655395,2204,216,5
Stagger,sd,D:R@T,D:R,T,0.4510920864989301,,2204,216,5
Stagger,mean,E:R@A,E:R,A,-0.049279126891891886,0.007192695507787675,1480,133,5
Stagger,sd,E:R@A,E:R,A,0.4624244842220552,,1480,133,5
Stagger,mean,E:R@C,E:R,C,0.09072089933562426,0.005723724460871198,1455,131,5
Stagger,sd,E:R@C,E:R,C,0.38303126137124094,,1455,131,5
Stagger,mean,E:R@G,E:R,G,-0.15041858344988343,0.0061057771055471055,1430,129,5
Stagger,sd,E:R@G,E:R,G,0.41217387699185015,,1430,129,5
Stagger,mean,E:R@T,E:R,T,0.12334309530720848,0.006245845129157432,1378,126,5
Stagger,sd,E:R@T,E:R,T,0.3931133940655257,,1378,126,5
Stagger,mean,M:R@A,M:R,A,-0.08779024488448843,0.007676066684607033,1414,128,5
Stagger,sd,M:R@A,M:R,A,0.44894015287806355,,1414,128,5
Stagger,mean,M:R@C,M:R,C,-0.28934266208754206,0.006140943550982749,1485,130,5
Stagger,sd,M:R@C,M:R,C,0.44132295407956895,,1485,130,5
Stagger,mean,M:R@G,M:R,G,-0.09824105668934238,0.006448074419597239,1470,132,5
Stagger,sd,M:R@G,M:R,G,0.40347372055182945,,1470,132,5
Stagger,mean,M:R@T,M:R,T,-0.0871749700023998,0.007671859308076261,1389,128,5
Stagger,sd,M:R@T,M:R,T,0.426537491499303,,1389,128,5
Stagger,mean,R:R@A,R:R,A,0.01685757119113573,0.008001718196614641,722,48,5
Stagger,sd,R:R@A,R:R,A,0.45385529938778124,,722,48,5
Stagger,mean,R:R@C,R:R,C,-0.06021583740740739,0.007365951421632615,720,48,5
Stagger,sd,R:R@C,R:R,C,0.4074519793170293,,720,48,5
Stagger,mean,R:R@G,R:R,G,-0.05969305633287607,0.00632497353614709,729,48,5
Stagger,sd,R:R@G,R:R,G,0.4089563610256222,,729,48,5
Stagger,mean,R:R@T,R:R,T,0.015638957515410144,0.00825302111627052,703,48,5
Stagger,sd,R:R@T,R:R,T,0.4528242958098252,,703,48,5
Stretch,mean,D:R@A,D:R,A,0.025771491512195085,0.0007558823215525217,2050,206,5
Stretch,sd,D:R@A,D:R,A,0.13690213300233814,,2050,206,5
Stretch,mean,D:R@C,D:R,C,-0.05356421196808508,0.0014099208085160719,2256,216,5
Stretch,sd,D:R@C,D:R,C,0.127479179570288,,2256,216,5
Stretch,mean,D:R@G,D:R,G,-0.058177845550813935,0.0006895421581657236,2109,209,5
Stretch,sd,D:R@G,D:R,G,0.12091321542641097,,2109,209,5
Stretch,mean,D:R@T,D:R,T,0.014376020568663017,0.0009431515700593695,2204,216,5
Stretch,sd,D:R@T,D:R,T,0.13463356342453509,,2204,216,5
Stretch,mean,E:R@A,E:R,A,0.017000124954954916,0.001394900251549599,1480,133,5
Stretch,sd,E:R@A,E:R,A,0.134774884907731,,1480,133,5
Stretch,mean,E:R@C,E:R,C,-0.0629595841008018,0.0005519301756867453,1455,131,5
Stretch,sd,E:R@C,E:R,C,0.10671660084431724,,1455,131,5
Stretch,mean,E:R@G,E:R,G,-0.060931721305361265,0.0011397950472197046,1430,129,5
Stretch,sd,E:R@G,E:R,G,0.13587171572077983,,1430,129,5
Stretch,mean,E:R@T,E:R,T,0.009874898887276225,0.0005664704063391454,1378,126,5
Stretch,sd,E:R@T,E:R,T,0.12368173072523965,,1378,126,5
Stretch,mean,M:R@A,M:R,A,0.009481614238566692,0.0007223225257858588,1414,128,5
Stretch,sd,M:R@A,M:R,A,0.12876886190064976,,1414,128,5
Stretch,mean,M:R@C,M:R,C,-0.06101178123456785,0.0009508512356785747,1485,130,5
Stretch,sd,M:R@C,M:R,C,0.1201087228404409,,1485,130,5
Stretch,mean,M:R@G,M:R,G,-0.07207843269841266,0.000664521674742152,1470,132,5
Stretch,sd,M:R@G,M:R,G,0.11834343264493445,,1470,132,5
Stretch,mean,M:R@T,M:R,T,0.005584557379409632,0.0008252091946284543,1389,128,5
Stretch,sd,M:R@T,M:R,T,0.12050302322630092,,1389,128,5
Stretch,mean,R:R@A,R:R,A,0.022046978670360075,0.000945003735445425,722,48,5
Stretch,sd,R:R@A,R:R,A,0.13454481239798693,,722,48,5
Stretch,mean,R:R@C,R:R,C,-0.07804262749999996,0.0008005068380185552,720,48,5
Stretch,sd,R:R@C,R:R,C,0.11775173537131912,,720,48,5
Stretch,mean,R:R@G,R:R,G,-0.07649388770004568,0.0010460676118180803,729,48,5
Stretch,sd,R:R@G,R:R,G,0.11701471132813682,,729,48,5
Stretch,mean,R:R@T,R:R,T,0.023106340445708827,0.000671883229796029,703,48,5
Stretch,sd,R:R@T,R:R,T,0.13414718308604956,,703,48,5
c1c1,mean,D:R@A,D:R,A,10.584099361719383,0.003918926433891691,2055,206,5
c1c1,sd,D:R@A,D:R,A,0.3039207633579928,,2055,206,5
c1c1,mean,D:R@C,D:R,C,10.65830802162242,0.0032421652834058487,2260,216,5
c1c1,sd,D:R@C,D:R,C,0.18088047126698906,,2260,216,5
c1c1,mean,D:R@G,D:R,G,10.709743557851501,0.0015129848119375775,2110,209,5
c1c1,sd,D:R@G,D:R,G,0.18205530889954277,,2110,209,5
c1c1,mean,D:R@T,D:R,T,10.581928954161022,0.0031281216402964593,2215,216,5
c1c1,sd,D:R@T,D:R,T,0.2696421561637118,,2215,216,5
c1c1,mean,E:R@A,E:R,A,10.591977665906041,0.00296717684388959,1490,133,5
c1c1,sd,E:R@A,E:R,A,0.2653094416881165,,1490,133,5
c1c1,mean,E:R@C,E:R,C,10.72158119166094,0.001570299742144647,1455,131,5
c1c1,sd,E:R@C,E:R,C,0.1523208260094474,,1455,131,5
c1c1,mean,E:R@G,E:R,G,10.681041178881118,0.001951207735054179,1430,129,5
c1c1,sd,E:R@G,E:R,G,0.1768036338644902,,1430,129,5
c1c1,mean,E:R@T,E:R,T,10.614822502382673,0.0028624983686678248,1385,126,5
c1c1,sd,E:R@T,E:R,T,0.24984255057416146,,1385,126,5
c1c1,mean,M:R@A,M:R,A,10.595031605606597,0.003608974435744218,1415,128,5
c1c1,sd,M:R@A,M:R,A,0.26077479649077745,,1415,128,5
c1c1,mean,M:R@C,M:R,C,10.675845379708193,0.0023828040125883324,1485,130,5
c1c1,sd,M:R@C,M:R,C,0.18239805794728745,,1485,130,5
c1c1,mean,M:R@G,M:R,G,10.694866164807257,0.0014156726230871999,1470,132,5
c1c1,sd,M:R@G,M:R,G,0.17105349953789997,,1470,132,5
c1c1,mean,M:R@T,M:R,T,10.646250837505995,0.0029669854052191418,1390,128,5
c1c1,sd,M:R@T,M:R,T,0.24682579278830613,,1390,128,5
c1c1,mean,R:R@A,R:R,A,10.618058875126437,0.003731421225952851,725,48,5
c1c1,sd,R:R@A,R:R,A,0.27855393383643645,,725,48,5
c1c1,mean,R:R@C,R:R,C,10.730850021111111,0.0016452632958001534,720,48,5
c1c1,sd,R:R@C,R:R,C,0.16823969236258995,,720,48,5
c1c1,mean,R:R@G,R:R,G,10.730620454429223,0.0013673635155537307,730,48,5
c1c1,sd,R:R@G,R:R,G,0.16809970706176755,,730,48,5
c1c1,mean,R:R@T,R:R,T,10.617796457777777,0.003402161275265947,705,48,5
c1c1,sd,R:R@T,R:R,T,0.27803772882348127,,705,48,5
